feature_map_family,ansatz_family,num_qubits,depth,topology,seed,noise_condition,expressibility_kl,meyer_wallach,gradient_variance
zz,rotation_only,4,1,linear,0,noiseless,0.0671270814052169,0.5944321321247716,0.0952757249674267
zz,rotation_only,4,1,linear,0,noisy,0.2486118611629553,0.678441312299319,0.0947147907173078
zz,rotation_only,4,1,linear,1,noiseless,0.1037028534785211,0.5998136164134654,0.1490371213623375
zz,rotation_only,4,1,linear,1,noisy,0.3803419126859197,0.6406825320063592,0.1261880916882419
zz,rotation_only,4,1,linear,2,noiseless,0.069241472597219,0.6053654763884098,0.0146642523216845
zz,rotation_only,4,1,linear,2,noisy,0.2339705450910361,0.6464564073117338,0.0122687580801929
zz,rotation_only,4,1,linear,3,noiseless,0.067545634139054,0.5774164234462272,0.0259974629335755
zz,rotation_only,4,1,linear,3,noisy,0.2586636375312883,0.6104653157785406,0.0211593279602988
zz,rotation_only,4,1,linear,4,noiseless,0.0961805091386041,0.5853593471190974,0.2556137675104756
zz,rotation_only,4,1,linear,4,noisy,0.2446913933894518,0.543453787582394,0.2415449907553507
zz,rotation_only,4,1,linear,5,noiseless,0.1083592228934764,0.5969754085347427,0.176688324641537
zz,rotation_only,4,1,linear,5,noisy,0.247774490579139,0.5788891475942785,0.1753501506442316
zz,rotation_only,4,1,linear,6,noiseless,0.0504303165715319,0.6348524056000306,0.1504032309653537
zz,rotation_only,4,1,linear,6,noisy,0.1599547434496666,0.6705514984770294,0.1383611551400983
zz,rotation_only,4,1,linear,7,noiseless,0.0611569293570633,0.6077990306837018,0.00129517598671
zz,rotation_only,4,1,linear,7,noisy,0.4615945079641239,0.6580424484317487,0.0014135871741601
zz,rotation_only,4,1,linear,8,noiseless,0.0775736763118593,0.6095454501242323,0.0261898948896567
zz,rotation_only,4,1,linear,8,noisy,0.2914715103462833,0.6636050820241294,0.0179751929776983
zz,rotation_only,4,1,linear,9,noiseless,0.0684652725179582,0.5880988810238754,0.0781192508245792
zz,rotation_only,4,1,linear,9,noisy,0.3061453348887026,0.5797432814710171,0.075434459194274
zz,rotation_only,4,1,circular,0,noiseless,0.057646614141108,0.7148930876138212,0.0821894490461645
zz,rotation_only,4,1,circular,0,noisy,0.9939787359663677,0.8053998049055103,0.0735986493478742
zz,rotation_only,4,1,circular,1,noiseless,0.0471993598425776,0.7119189757220405,0.1452789960103885
zz,rotation_only,4,1,circular,1,noisy,1.123587987151632,0.7710117171981049,0.1099925732669809
zz,rotation_only,4,1,circular,2,noiseless,0.0703365452377922,0.7229709836607202,0.0086732077559446
zz,rotation_only,4,1,circular,2,noisy,0.9638090788968552,0.7642788501641966,0.0064318396838828
zz,rotation_only,4,1,circular,3,noiseless,0.0227599951538214,0.7068857314158018,0.0233524207127941
zz,rotation_only,4,1,circular,3,noisy,0.8877374526967274,0.764580085586823,0.0168423623984129
zz,rotation_only,4,1,circular,4,noiseless,0.0383131045706402,0.700452015402482,0.2478165749845475
zz,rotation_only,4,1,circular,4,noisy,0.7713271119008975,0.6892261906714978,0.2105113992525479
zz,rotation_only,4,1,circular,5,noiseless,0.0453951212045398,0.7248532451391838,0.1285975534570473
zz,rotation_only,4,1,circular,5,noisy,0.8280157665529695,0.7375886362308035,0.1154518388665803
zz,rotation_only,4,1,circular,6,noiseless,0.026705784459235,0.7503683582279769,0.1118857353100923
zz,rotation_only,4,1,circular,6,noisy,0.8904765374485891,0.8028310453501699,0.0933756395531451
zz,rotation_only,4,1,circular,7,noiseless,0.0685527479656243,0.7326784658368429,0.0011229970925911
zz,rotation_only,4,1,circular,7,noisy,0.9145785897274318,0.7887797273089906,0.0010332714286758
zz,rotation_only,4,1,circular,8,noiseless,0.0699609305592126,0.7269801750543382,0.0249999880066038
zz,rotation_only,4,1,circular,8,noisy,0.872636973875079,0.7936175008402563,0.0158872475877876
zz,rotation_only,4,1,circular,9,noiseless,0.0235935592807828,0.7001591049017393,0.0703394226201913
zz,rotation_only,4,1,circular,9,noisy,0.9514725301912575,0.7323498788921512,0.0608494306479961
zz,rotation_only,4,1,full,0,noiseless,0.0258499514210565,0.8365469572310927,0.0739269263138369
zz,rotation_only,4,1,full,0,noisy,1.5780862680668295,0.889070216055572,3.4523912997194854e-10
zz,rotation_only,4,1,full,1,noiseless,0.0160420136098759,0.8346029421961174,0.0553039121320601
zz,rotation_only,4,1,full,1,noisy,1.574560410028078,0.8724911176899277,9.787010940258579e-11
zz,rotation_only,4,1,full,2,noiseless,0.0217266143090003,0.842508516448504,0.0021488610166343
zz,rotation_only,4,1,full,2,noisy,1.61099791345356,0.8676823132976694,1.1096738226491812e-10
zz,rotation_only,4,1,full,3,noiseless,0.0165920547984781,0.8294174279030797,0.0225344155046872
zz,rotation_only,4,1,full,3,noisy,1.7366188022316515,0.8592813050318444,2.487077802513012e-09
zz,rotation_only,4,1,full,4,noiseless,0.0193690824392464,0.8147957854769722,0.1177600044592632
zz,rotation_only,4,1,full,4,noisy,1.5541585917208425,0.7932013108398979,4.441098135402423e-10
zz,rotation_only,4,1,full,5,noiseless,0.0175653574980712,0.8453081037133815,0.1274328720004201
zz,rotation_only,4,1,full,5,noisy,1.7294987124263812,0.8679513201644067,2.188106421763079e-11
zz,rotation_only,4,1,full,6,noiseless,0.0197279310409434,0.8598329909425043,0.1118846044051057
zz,rotation_only,4,1,full,6,noisy,1.691872039193862,0.898785170996647,7.83171246632752e-10
zz,rotation_only,4,1,full,7,noiseless,0.018649608731578,0.8467745676868813,0.0007417622259335
zz,rotation_only,4,1,full,7,noisy,1.625408733481362,0.8731526524906701,2.9727636421229707e-10
zz,rotation_only,4,1,full,8,noiseless,0.0281654325615532,0.8417896159384068,0.0227501335341626
zz,rotation_only,4,1,full,8,noisy,1.5993818064159848,0.9087479137137638,3.0537261291974857e-10
zz,rotation_only,4,1,full,9,noiseless,0.0166255116468226,0.8190197007848059,0.0104286719087236
zz,rotation_only,4,1,full,9,noisy,1.5692596474670433,0.8422176603356666,2.99310835033247e-10
zz,rotation_only,4,2,linear,0,noiseless,0.072179348077624,0.4821903429538743,0.0961168842700909
zz,rotation_only,4,2,linear,0,noisy,1.003891548578422,0.6061389031753238,0.0807595334636478
zz,rotation_only,4,2,linear,1,noiseless,0.0626063959604741,0.4788393748886729,0.1644285106492379
zz,rotation_only,4,2,linear,1,noisy,0.9228298596130564,0.5736339210877025,0.1405700017257244
zz,rotation_only,4,2,linear,2,noiseless,0.0762455848667146,0.4622887829742474,0.0311117463282406
zz,rotation_only,4,2,linear,2,noisy,1.0012417295892766,0.5768522878455412,0.027290935610808
zz,rotation_only,4,2,linear,3,noiseless,0.0695388336493025,0.4398990825648765,0.2060874586317022
zz,rotation_only,4,2,linear,3,noisy,1.0835167031479849,0.5328839099446856,0.1846843024561489
zz,rotation_only,4,2,linear,4,noiseless,0.1012252275500173,0.4304960776077236,0.3191295758554419
zz,rotation_only,4,2,linear,4,noisy,1.1646513677263444,0.4541004792807908,0.2565542368330869
zz,rotation_only,4,2,linear,5,noiseless,0.0763951356197315,0.4741853937706989,0.2048290632613265
zz,rotation_only,4,2,linear,5,noisy,1.0511546820657585,0.53433518222232,0.1543871148735015
zz,rotation_only,4,2,linear,6,noiseless,0.0821109425082987,0.4782629304580799,0.425290102831343
zz,rotation_only,4,2,linear,6,noisy,0.7256958356512745,0.5957898647496755,0.3583925691181121
zz,rotation_only,4,2,linear,7,noiseless,0.0628389497049116,0.4704246535112532,0.4828321165887388
zz,rotation_only,4,2,linear,7,noisy,1.0377930443677326,0.5641507190705447,0.4459869459415476
zz,rotation_only,4,2,linear,8,noiseless,0.1107461807674064,0.486967931843527,0.4755886278781003
zz,rotation_only,4,2,linear,8,noisy,1.135594994207636,0.5985901203962742,0.360959053240778
zz,rotation_only,4,2,linear,9,noiseless,0.1060343577086067,0.4318590608238555,0.1005842429200178
zz,rotation_only,4,2,linear,9,noisy,1.2330441539163703,0.4926510523482977,0.0843625317910621
zz,rotation_only,4,2,circular,0,noiseless,0.0544693552389356,0.6122507341095941,0.1196124575257108
zz,rotation_only,4,2,circular,0,noisy,3.82134319381271,0.7865362293955839,0.0698548695791292
zz,rotation_only,4,2,circular,1,noiseless,0.0600556264536197,0.5970902380650972,0.2539569767073003
zz,rotation_only,4,2,circular,1,noisy,3.379143202162917,0.7460675823117691,0.142251101274706
zz,rotation_only,4,2,circular,2,noiseless,0.0478208353001461,0.6082268513761151,0.0349945520943844
zz,rotation_only,4,2,circular,2,noisy,3.5930090796231835,0.7460348840538185,0.0185640290666518
zz,rotation_only,4,2,circular,3,noiseless,0.0153792967757913,0.5889132541888276,0.19623606943483
zz,rotation_only,4,2,circular,3,noisy,3.41805497499533,0.7582651888373121,0.1333487047679392
zz,rotation_only,4,2,circular,4,noiseless,0.0330877374299974,0.5753853976426021,0.375474631457187
zz,rotation_only,4,2,circular,4,noisy,3.621164463170071,0.6886408844399015,0.2302366542407807
zz,rotation_only,4,2,circular,5,noiseless,0.0449709009902247,0.6181162006323035,0.1388959008470999
zz,rotation_only,4,2,circular,5,noisy,3.3960325036051033,0.7568368220324228,0.0772380701866206
zz,rotation_only,4,2,circular,6,noiseless,0.0280032409364208,0.636424092492355,0.2530013183151587
zz,rotation_only,4,2,circular,6,noisy,3.5767942107867317,0.8016957189358548,0.1665742423382809
zz,rotation_only,4,2,circular,7,noiseless,0.0710007024925357,0.6252959619673957,0.2864233479109697
zz,rotation_only,4,2,circular,7,noisy,3.257983540828068,0.7428615515511373,0.2143992081190939
zz,rotation_only,4,2,circular,8,noiseless,0.0241540536544516,0.6200824702065227,0.3966837884634685
zz,rotation_only,4,2,circular,8,noisy,3.4602004912814204,0.7916780740487748,0.2283798121603578
zz,rotation_only,4,2,circular,9,noiseless,0.0613593428050992,0.5904087725692766,0.1245391211649852
zz,rotation_only,4,2,circular,9,noisy,3.528921067792808,0.7439948144802175,0.0737575849692081
zz,rotation_only,4,2,full,0,noiseless,0.0322417408155374,0.7568178127627945,0.0961159987743122
zz,rotation_only,4,2,full,0,noisy,6.0472594322829885,0.898224050236976,0.0477742047197099
zz,rotation_only,4,2,full,1,noiseless,0.0409633595712188,0.7605685515877751,0.1023954589478379
zz,rotation_only,4,2,full,1,noisy,6.164145512317489,0.891114773058725,0.0389294220419954
zz,rotation_only,4,2,full,2,noiseless,0.0562137317395145,0.7606671411495587,0.0409098694138079
zz,rotation_only,4,2,full,2,noisy,6.246630872173836,0.8806971840615637,0.0139157395157512
zz,rotation_only,4,2,full,3,noiseless,0.0265668517851719,0.7452290449011612,0.0680415958296477
zz,rotation_only,4,2,full,3,noisy,6.093682025206327,0.8810628724341936,0.0311454223036948
zz,rotation_only,4,2,full,4,noiseless,0.0212349164060651,0.7275948401610627,0.1241240502261201
zz,rotation_only,4,2,full,4,noisy,5.845231148795134,0.8059506942845217,0.0543342986402195
zz,rotation_only,4,2,full,5,noiseless,0.0407982311984047,0.765100350784642,0.1394708824048499
zz,rotation_only,4,2,full,5,noisy,6.191778148416312,0.8697186710286934,0.0582406351851721
zz,rotation_only,4,2,full,6,noiseless,0.0233860938685243,0.7819084922091275,0.1902461890252712
zz,rotation_only,4,2,full,6,noisy,6.252770218216856,0.9044484307634844,0.0956734396398501
zz,rotation_only,4,2,full,7,noiseless,0.0306529384861625,0.7661147366567285,0.2469872851985173
zz,rotation_only,4,2,full,7,noisy,6.397597351760149,0.8898030911905642,0.1341873165436332
zz,rotation_only,4,2,full,8,noiseless,0.0320017185522426,0.7498334759480474,0.2538166225600723
zz,rotation_only,4,2,full,8,noisy,5.9621744090546525,0.8880424105740405,0.122650549697259
zz,rotation_only,4,2,full,9,noiseless,0.0187361802418124,0.7427794956984971,0.0171109238989358
zz,rotation_only,4,2,full,9,noisy,6.231507341555168,0.8759484361038853,0.0092830859004834
zz,rotation_only,4,4,linear,0,noiseless,0.1157741296515132,0.4931878379444873,0.0262047303114256
zz,rotation_only,4,4,linear,0,noisy,2.5432331048857884,0.6863491790688062,0.0190063112325531
zz,rotation_only,4,4,linear,1,noiseless,0.0882215347332756,0.5173952167089234,0.1134726019663969
zz,rotation_only,4,4,linear,1,noisy,2.346523509649124,0.6630330542667858,0.0797192822373669
zz,rotation_only,4,4,linear,2,noiseless,0.1062767715405451,0.5157692170156869,0.1294418584100349
zz,rotation_only,4,4,linear,2,noisy,2.4728340305305583,0.6586588593225257,0.100145630222812
zz,rotation_only,4,4,linear,3,noiseless,0.1247193165148761,0.4997343976974007,0.1158252579344941
zz,rotation_only,4,4,linear,3,noisy,2.485948172110004,0.6336190079260304,0.0658640942748713
zz,rotation_only,4,4,linear,4,noiseless,0.1014780591753603,0.4960555347303332,0.3540646825809568
zz,rotation_only,4,4,linear,4,noisy,2.6910462223060834,0.5635745286379182,0.3214632246986827
zz,rotation_only,4,4,linear,5,noiseless,0.2088265860464154,0.4913507586912965,0.0873070396832251
zz,rotation_only,4,4,linear,5,noisy,2.69314148382645,0.6181304024901617,0.0613553594388127
zz,rotation_only,4,4,linear,6,noiseless,0.09140522480687,0.5494884644279123,0.4100451885165526
zz,rotation_only,4,4,linear,6,noisy,2.6680068577078524,0.7008458845310976,0.3763088975455132
zz,rotation_only,4,4,linear,7,noiseless,0.152609062043489,0.5172098379010971,0.0035354629243194
zz,rotation_only,4,4,linear,7,noisy,2.8054276224823793,0.6477581977255983,0.0030891174372868
zz,rotation_only,4,4,linear,8,noiseless,0.1418126539459462,0.5163746734900384,0.0979726973280428
zz,rotation_only,4,4,linear,8,noisy,2.689714945737903,0.6810998786590137,0.0748755380158284
zz,rotation_only,4,4,linear,9,noiseless,0.1382421327165026,0.4981120150121362,0.0249438780402335
zz,rotation_only,4,4,linear,9,noisy,2.74212337490329,0.6398395164498457,0.0220540102970267
zz,rotation_only,4,4,circular,0,noiseless,0.0484914737711869,0.6355122809507258,0.0530756758024306
zz,rotation_only,4,4,circular,0,noisy,9.888130025334174,0.8955240764690787,0.0180024416956322
zz,rotation_only,4,4,circular,1,noiseless,0.0349909863106164,0.6310094235487217,0.2529026242491481
zz,rotation_only,4,4,circular,1,noisy,9.980731569573768,0.8796487769556964,0.0997559233043224
zz,rotation_only,4,4,circular,2,noiseless,0.0737048070663125,0.6457863433039468,0.2217092187213345
zz,rotation_only,4,4,circular,2,noisy,10.624502293069556,0.8858182447490505,0.0630112379928418
zz,rotation_only,4,4,circular,3,noiseless,0.0464068244933285,0.6025652901323215,0.1656172038716226
zz,rotation_only,4,4,circular,3,noisy,10.405601037836387,0.8617777913014731,0.0443739556731938
zz,rotation_only,4,4,circular,4,noiseless,0.0612963429857875,0.6239005533862357,0.3483579037597268
zz,rotation_only,4,4,circular,4,noisy,10.25912855213084,0.8348583537490342,0.1249693565452369
zz,rotation_only,4,4,circular,5,noiseless,0.1045848002328083,0.638670365663439,0.0700074157302651
zz,rotation_only,4,4,circular,5,noisy,10.46602150916106,0.8694775907128597,0.0285638622403092
zz,rotation_only,4,4,circular,6,noiseless,0.0699070927948417,0.6624014106530646,0.30948789992509
zz,rotation_only,4,4,circular,6,noisy,10.5062116711117,0.9054333171266808,0.1351343418930849
zz,rotation_only,4,4,circular,7,noiseless,0.0709366559239762,0.6451362513454109,0.0171258335646104
zz,rotation_only,4,4,circular,7,noisy,10.431635979999964,0.8812650868359445,0.004773458048503
zz,rotation_only,4,4,circular,8,noiseless,0.0436264483186054,0.6373707819057625,0.0878542139675784
zz,rotation_only,4,4,circular,8,noisy,10.390654349221457,0.9114799233625502,0.03561890575606
zz,rotation_only,4,4,circular,9,noiseless,0.0930579102763747,0.6274904457762531,0.0438545091293162
zz,rotation_only,4,4,circular,9,noisy,10.568691835006028,0.8809482897425727,0.0197327024750641
zz,rotation_only,4,4,full,0,noiseless,0.0312500807457889,0.7483920378601667,0.0101993617654679
zz,rotation_only,4,4,full,0,noisy,15.692422345496103,0.9535109297540988,0.0018935029061243
zz,rotation_only,4,4,full,1,noiseless,0.0439948784745009,0.7323904589594343,0.0444391843610524
zz,rotation_only,4,4,full,1,noisy,15.81879950656441,0.9537750799866852,0.0069936147575862
zz,rotation_only,4,4,full,2,noiseless,0.0632318033760868,0.7492871315572432,0.1791158206156169
zz,rotation_only,4,4,full,2,noisy,15.84486533934401,0.9485867107396816,0.0282570438172963
zz,rotation_only,4,4,full,3,noiseless,0.0189719130070123,0.7348003193382859,0.0651025734042409
zz,rotation_only,4,4,full,3,noisy,16.005051868471988,0.9509469550572366,0.0178170256143084
zz,rotation_only,4,4,full,4,noiseless,0.0486502279988133,0.7181746969593023,0.1212697239308728
zz,rotation_only,4,4,full,4,noisy,15.843415948684529,0.9133937057937572,0.0300238269385959
zz,rotation_only,4,4,full,5,noiseless,0.0437814213235796,0.7206873319855142,0.0676699885734311
zz,rotation_only,4,4,full,5,noisy,15.5623704462454,0.9445258025586092,0.0164298314434954
zz,rotation_only,4,4,full,6,noiseless,0.0317516112088011,0.7547181714762746,0.1363896398798865
zz,rotation_only,4,4,full,6,noisy,16.138597967953263,0.9534952456866136,0.0321720032720946
zz,rotation_only,4,4,full,7,noiseless,0.0287232476515763,0.743450063938083,0.0305034778642989
zz,rotation_only,4,4,full,7,noisy,16.0895586566926,0.9470203610004172,0.0035460277577485
zz,rotation_only,4,4,full,8,noiseless,0.0503385465360673,0.7369916359781555,0.2415068614104507
zz,rotation_only,4,4,full,8,noisy,16.05953466197938,0.957852910452532,0.0631463245224141
zz,rotation_only,4,4,full,9,noiseless,0.0411517303052318,0.746396076502188,0.1155919771848572
zz,rotation_only,4,4,full,9,noisy,15.763437256229292,0.9467591633856596,0.0183853017006212
zz,rotation_only,4,8,linear,0,noiseless,0.1219401501725481,0.542490803089258,0.0084768879933739
zz,rotation_only,4,8,linear,0,noisy,6.127559360304048,0.801929791244213,0.0030466087829652
zz,rotation_only,4,8,linear,1,noiseless,0.0853018989396584,0.5608620696841294,0.0309551615968702
zz,rotation_only,4,8,linear,1,noisy,6.117236526000894,0.8080945124512937,0.013887408097607
zz,rotation_only,4,8,linear,2,noiseless,0.0696610434474712,0.5432307817909483,0.1317940649963787
zz,rotation_only,4,8,linear,2,noisy,5.9803990950508465,0.7877317605287087,0.044901335076232
zz,rotation_only,4,8,linear,3,noiseless,0.1141231927037453,0.5334653679684923,0.1267896740446521
zz,rotation_only,4,8,linear,3,noisy,6.192548162796806,0.7760109460550133,0.0667742099243127
zz,rotation_only,4,8,linear,4,noiseless,0.1185290868478086,0.5321500710302773,0.2390917241346455
zz,rotation_only,4,8,linear,4,noisy,6.221177750563773,0.7242195592397468,0.1616145522956057
zz,rotation_only,4,8,linear,5,noiseless,0.130788696158005,0.537410989281797,0.0632385920019569
zz,rotation_only,4,8,linear,5,noisy,5.5945571381575325,0.7393418896074534,0.0307124994493707
zz,rotation_only,4,8,linear,6,noiseless,0.1352318298271141,0.5698315773896787,0.2709389439148968
zz,rotation_only,4,8,linear,6,noisy,6.168908432721537,0.8123931389935388,0.1795142349640612
zz,rotation_only,4,8,linear,7,noiseless,0.1658762756200251,0.5612662792618793,0.4491453339626279
zz,rotation_only,4,8,linear,7,noisy,5.875774614813435,0.7927736867669961,0.2723805230690843
zz,rotation_only,4,8,linear,8,noiseless,0.132317746692242,0.5706394277106603,0.2262237782757913
zz,rotation_only,4,8,linear,8,noisy,6.157627510526979,0.8078855341021127,0.1853364695130887
zz,rotation_only,4,8,linear,9,noiseless,0.1785982385957341,0.5153114480822345,0.0801031091313816
zz,rotation_only,4,8,linear,9,noisy,5.95514079054197,0.7308308914089239,0.0303352303675415
zz,rotation_only,4,8,circular,0,noiseless,0.0601352681825321,0.6803740956932965,0.0008940340947256
zz,rotation_only,4,8,circular,0,noisy,26.437142246381967,0.9752382446729284,7.088666813741257e-05
zz,rotation_only,4,8,circular,1,noiseless,0.0639558542323706,0.6599663100360673,0.0341989083104721
zz,rotation_only,4,8,circular,1,noisy,26.41573941925112,0.973587426623706,0.0076775168943654
zz,rotation_only,4,8,circular,2,noiseless,0.0670989417365168,0.6641151711138273,0.083319354650955
zz,rotation_only,4,8,circular,2,noisy,27.22244328816185,0.9685308374852478,0.0018729511294744
zz,rotation_only,4,8,circular,3,noiseless,0.0622912299818961,0.6525827938910459,0.066764710186897
zz,rotation_only,4,8,circular,3,noisy,26.65201365029155,0.9720647654170868,0.0073962471829722
zz,rotation_only,4,8,circular,4,noiseless,0.081883374062704,0.6556106042897322,0.0765185825845019
zz,rotation_only,4,8,circular,4,noisy,26.499285274111394,0.9530504452144412,0.0166330540462251
zz,rotation_only,4,8,circular,5,noiseless,0.0759689764419096,0.6684004291931751,0.1238471675448987
zz,rotation_only,4,8,circular,5,noisy,26.624558126271644,0.9656958315942196,0.0116322936987399
zz,rotation_only,4,8,circular,6,noiseless,0.0741448245519497,0.7052179592918213,0.0404493924133068
zz,rotation_only,4,8,circular,6,noisy,27.242858668068088,0.978845986473728,0.0116893635592971
zz,rotation_only,4,8,circular,7,noiseless,0.0723757021207072,0.6876145414567806,0.1453615609702399
zz,rotation_only,4,8,circular,7,noisy,27.261569784464353,0.9736215039749926,0.0240515842802744
zz,rotation_only,4,8,circular,8,noiseless,0.0628195789729514,0.6821384786811295,0.3358455439333355
zz,rotation_only,4,8,circular,8,noisy,26.76518778886903,0.9788794904715432,0.0454349957765569
zz,rotation_only,4,8,circular,9,noiseless,0.0886796715719796,0.6659025532243658,0.0784774797349203
zz,rotation_only,4,8,circular,9,noisy,26.8777071186838,0.9710828170561348,0.0050575126618894
zz,rotation_only,4,8,full,0,noiseless,0.0477653580696441,0.7676402756119016,0.0209326785747155
zz,rotation_only,4,8,full,0,noisy,39.73934662885708,0.9936865111302406,4.034288252951152e-34
zz,rotation_only,4,8,full,1,noiseless,0.0272926997626106,0.736355569380662,0.0345599736582842
zz,rotation_only,4,8,full,1,noisy,39.33487804765364,0.9928037387583228,3.738978994811775e-34
zz,rotation_only,4,8,full,2,noiseless,0.0568989002273037,0.7707694779628187,0.0377102538107867
zz,rotation_only,4,8,full,2,noisy,39.82556854286078,0.99169481903806,3.738978994811775e-34
zz,rotation_only,4,8,full,3,noiseless,0.0754154902262954,0.7436141306627273,0.0394998772538946
zz,rotation_only,4,8,full,3,noisy,39.82398627817395,0.9924821719249112,4.089391248582231e-34
zz,rotation_only,4,8,full,4,noiseless,0.0536884308644024,0.7434000931555272,0.1350089156147656
zz,rotation_only,4,8,full,4,noisy,39.24890868745962,0.982840548572133,3.5356863895709007e-34
zz,rotation_only,4,8,full,5,noiseless,0.0690628570327071,0.7567701547687006,0.1464065334340798
zz,rotation_only,4,8,full,5,noisy,39.01958693456091,0.990574183192366,3.952971210854801e-34
zz,rotation_only,4,8,full,6,noiseless,0.0452902390271751,0.7568056667879222,0.0054729519322235
zz,rotation_only,4,8,full,6,noisy,40.1781008136007,0.993034772678504,3.3302538621695955e-34
zz,rotation_only,4,8,full,7,noiseless,0.0570193632731899,0.7607119011011122,0.1081363001765492
zz,rotation_only,4,8,full,7,noisy,40.17333168957072,0.992594519810629,4.055687474555454e-34
zz,rotation_only,4,8,full,8,noiseless,0.0566514547456211,0.7499097066540767,0.0049040513232105
zz,rotation_only,4,8,full,8,noisy,39.52896981107135,0.9931108923079188,4.356881518636013e-34
zz,rotation_only,4,8,full,9,noiseless,0.063162444167292,0.744866680787978,0.0931856630301896
zz,rotation_only,4,8,full,9,noisy,39.45102401815665,0.9905329921352236,2.1340373744890793e-34
zz,rotation_only,8,1,linear,0,noiseless,0.0574871353007247,0.6525315813764965,0.0955779944510423
zz,rotation_only,8,1,linear,0,noisy,13.552810088379555,0.7961218152069128,0.0764782141063512
zz,rotation_only,8,1,linear,1,noiseless,0.0977847345486617,0.6599760981514831,0.1582499515061503
zz,rotation_only,8,1,linear,1,noisy,13.471299595536038,0.7819317348288608,0.1409480648632526
zz,rotation_only,8,1,linear,2,noiseless,0.1213318459020035,0.663691587363384,0.0140714410385378
zz,rotation_only,8,1,linear,2,noisy,16.88611120842693,0.8419794625737269,0.0165773468462679
zz,rotation_only,8,1,linear,3,noiseless,0.138032432571781,0.6591530638685239,0.0284485863989223
zz,rotation_only,8,1,linear,3,noisy,18.691074359128613,0.7839671961131521,0.0291500740415977
zz,rotation_only,8,1,linear,4,noiseless,0.0860779868928297,0.653188521932035,0.2659833566070908
zz,rotation_only,8,1,linear,4,noisy,14.474628654232674,0.7671901701275494,0.2535426619657812
zz,rotation_only,8,1,linear,5,noiseless,0.1579078610146388,0.6681750755772334,0.1730903345360915
zz,rotation_only,8,1,linear,5,noisy,15.413151366645906,0.8312691042184366,0.1990919533276714
zz,rotation_only,8,1,linear,6,noiseless,0.1202136196215805,0.6807395120006885,0.1311701409931228
zz,rotation_only,8,1,linear,6,noisy,18.626625220192032,0.853001344370375,0.1269164146539108
zz,rotation_only,8,1,linear,7,noiseless,0.0431313958781605,0.6596039899108632,0.0011506301399389
zz,rotation_only,8,1,linear,7,noisy,12.579521770788682,0.8333045058967691,0.001028246928144
zz,rotation_only,8,1,linear,8,noiseless,0.128987278767918,0.6472814477583172,0.0255563056351802
zz,rotation_only,8,1,linear,8,noisy,16.953296410160437,0.829540325148534,0.0233384133724094
zz,rotation_only,8,1,linear,9,noiseless,0.0660203700045881,0.6522419166860197,0.0814790346184568
zz,rotation_only,8,1,linear,9,noisy,12.134663341875516,0.8014175558455874,0.0766132684346093
zz,rotation_only,8,1,circular,0,noiseless,0.0205085177968698,0.711940392892233,0.0349389680402609
zz,rotation_only,8,1,circular,0,noisy,28.459320579868283,0.8595465238044309,4.8686306332777946e-34
zz,rotation_only,8,1,circular,1,noiseless,0.0489341921244525,0.7236336234799613,0.1001490178996579
zz,rotation_only,8,1,circular,1,noisy,28.961990402922975,0.8346979444061912,1.3015441251425689e-33
zz,rotation_only,8,1,circular,2,noiseless,0.2127087352876648,0.7190611211506678,0.013237068782309
zz,rotation_only,8,1,circular,2,noisy,31.07938945474178,0.8533890787022773,3.6691248511827113e-34
zz,rotation_only,8,1,circular,3,noiseless,0.0722538681599694,0.7160471260466426,0.0280329851315901
zz,rotation_only,8,1,circular,3,noisy,30.955734322369818,0.8614026813683952,1.089107741178098e-33
zz,rotation_only,8,1,circular,4,noiseless,0.107537097677878,0.7140336059591403,0.0685564278192318
zz,rotation_only,8,1,circular,4,noisy,30.601898858654582,0.8216109554330916,2.4673192274512908e-33
zz,rotation_only,8,1,circular,5,noiseless,0.0901113942060543,0.721163917048101,0.0232438977674027
zz,rotation_only,8,1,circular,5,noisy,31.538756425367872,0.8526100304169605,1.5355145207302373e-33
zz,rotation_only,8,1,circular,6,noiseless,0.0656686797323317,0.7397879356036939,0.1297725378645714
zz,rotation_only,8,1,circular,6,noisy,27.92729578567042,0.9052020788778772,2.879144896237393e-33
zz,rotation_only,8,1,circular,7,noiseless,0.0472398171195325,0.7227285451587544,0.0001092309080448
zz,rotation_only,8,1,circular,7,noisy,26.869263676013592,0.8756377528482643,9.07640670159424e-34
zz,rotation_only,8,1,circular,8,noiseless,0.1074205444227457,0.7100161769295034,0.0118689552926784
zz,rotation_only,8,1,circular,8,noisy,27.933565583816105,0.8645193749624969,6.527408327542352e-34
zz,rotation_only,8,1,circular,9,noiseless,0.0635213619700272,0.7134840123188332,0.0763499738851621
zz,rotation_only,8,1,circular,9,noisy,24.98016432254955,0.8411840872277799,5.061599785908782e-34
zz,rotation_only,8,1,full,0,noiseless,0.0068086992470438,0.9650179778320678,0.0005983046924067
zz,rotation_only,8,1,full,0,noisy,313.24165148024053,0.9897058044240096,2.983260468413264e-34
zz,rotation_only,8,1,full,1,noiseless,0.0112568411011437,0.9648538793189558,1.154934967610698e-05
zz,rotation_only,8,1,full,1,noisy,306.72932509733755,0.9901915989593816,6.63885773060671e-35
zz,rotation_only,8,1,full,2,noiseless,0.0112568411011437,0.9640332289725524,1.5970271243829384e-05
zz,rotation_only,8,1,full,2,noisy,310.52358266787604,0.9858998866038732,1.0269536602330463e-34
zz,rotation_only,8,1,full,3,noiseless,0.0087783250563018,0.962448652782945,0.0003945504784039
zz,rotation_only,8,1,full,3,noisy,309.64932000529063,0.9878885867400448,1.2905590520678452e-34
zz,rotation_only,8,1,full,4,noiseless,0.0198489155010859,0.9545258001664588,0.0001777292579191
zz,rotation_only,8,1,full,4,noisy,303.6174849046716,0.9820845586279296,1.4767573572380951e-34
zz,rotation_only,8,1,full,5,noiseless,4.4068110169011255e-05,0.9605182983725749,0.0001937624586904
zz,rotation_only,8,1,full,5,noisy,310.3725407958651,0.9861632718758956,3.77963751585995e-35
zz,rotation_only,8,1,full,6,noiseless,0.0438186303292107,0.963915507928506,0.0036436898066966
zz,rotation_only,8,1,full,6,noisy,323.14303695908023,0.9987951686908906,2.1377174554700533e-34
zz,rotation_only,8,1,full,7,noiseless,0.0028232334164751,0.9640846058148004,2.35172257949613e-06
zz,rotation_only,8,1,full,7,noisy,316.27027569248315,0.993756205114131,2.4463188902633678e-33
zz,rotation_only,8,1,full,8,noiseless,0.004529523285591,0.9579790709031962,0.0006648614447983
zz,rotation_only,8,1,full,8,noisy,309.85524436903205,0.9888785655948046,1.6300062945338298e-34
zz,rotation_only,8,1,full,9,noiseless,0.0246761408613411,0.9519485539801082,0.0001463884597509
zz,rotation_only,8,1,full,9,noisy,300.8102046224113,0.9887705486819058,5.031742751839831e-35
zz,rotation_only,8,2,linear,0,noiseless,0.1794184107903918,0.5444714683190842,0.0926434848982889
zz,rotation_only,8,2,linear,0,noisy,36.45015460731732,0.7747746086507346,0.0988105395087248
zz,rotation_only,8,2,linear,1,noiseless,0.1082668308603216,0.5566571383213096,0.1534513461949198
zz,rotation_only,8,2,linear,1,noisy,34.339676913597934,0.7783722145683243,0.1610638112245967
zz,rotation_only,8,2,linear,2,noiseless,0.0929579207355794,0.5342652358389346,0.0304797626524754
zz,rotation_only,8,2,linear,2,noisy,37.86915646735985,0.7962888413857743,0.0269191322524274
zz,rotation_only,8,2,linear,3,noiseless,0.1634101440853168,0.5369677285603669,0.2202858686799684
zz,rotation_only,8,2,linear,3,noisy,35.97131602323682,0.751988744269137,0.1965623787672101
zz,rotation_only,8,2,linear,4,noiseless,0.1374791836335288,0.5245782339676438,0.3163286353517697
zz,rotation_only,8,2,linear,4,noisy,33.54655956127575,0.7537812211822963,0.3352590249057742
zz,rotation_only,8,2,linear,5,noiseless,0.132053179758627,0.5459436755966194,0.1933696345581231
zz,rotation_only,8,2,linear,5,noisy,36.35038486220624,0.8078950344330889,0.1473857462416439
zz,rotation_only,8,2,linear,6,noiseless,0.1336007017867893,0.5459661180848964,0.3891355408265247
zz,rotation_only,8,2,linear,6,noisy,40.365091427871306,0.7992820289395074,0.3158390390529951
zz,rotation_only,8,2,linear,7,noiseless,0.1396619011026016,0.5379200736183449,0.4761622873294004
zz,rotation_only,8,2,linear,7,noisy,34.68181243883426,0.8003972244026898,0.3886801240593318
zz,rotation_only,8,2,linear,8,noiseless,0.210570824062742,0.5494513461209624,0.4934469082399396
zz,rotation_only,8,2,linear,8,noisy,34.06301299578641,0.801470741281193,0.3888696883697281
zz,rotation_only,8,2,linear,9,noiseless,0.1152911874335063,0.521932500963512,0.0915044201939648
zz,rotation_only,8,2,linear,9,noisy,33.09501472897522,0.7583282726531844,0.0855276912736156
zz,rotation_only,8,2,circular,0,noiseless,0.1342691978622249,0.6235151374750402,0.0348880481125703
zz,rotation_only,8,2,circular,0,noisy,170.7172747148719,0.9101097953591156,3.845258312500254e-34
zz,rotation_only,8,2,circular,1,noiseless,0.0407675758439969,0.6400511482636143,0.1063717652159979
zz,rotation_only,8,2,circular,1,noisy,160.90929014183203,0.9108115609016938,3.98039230716369e-33
zz,rotation_only,8,2,circular,2,noiseless,0.0673476421782823,0.6131293761340727,0.0145210554011767
zz,rotation_only,8,2,circular,2,noisy,158.47770363018435,0.9164471546082876,5.5810507395371525e-34
zz,rotation_only,8,2,circular,3,noiseless,0.056247192181918,0.6166975827963063,0.2156301408136864
zz,rotation_only,8,2,circular,3,noisy,169.17297751264428,0.9022621268610312,6.638586896708282e-33
zz,rotation_only,8,2,circular,4,noiseless,0.1054355020439196,0.6151363903909455,0.0699056296345067
zz,rotation_only,8,2,circular,4,noisy,155.56916367725404,0.8919198383881037,2.371889722620903e-33
zz,rotation_only,8,2,circular,5,noiseless,0.0636248325406337,0.6139549070276373,0.0299461523862834
zz,rotation_only,8,2,circular,5,noisy,162.76781742154853,0.9277450343597278,8.898291618022178e-34
zz,rotation_only,8,2,circular,6,noiseless,0.0598683606130628,0.6296687273922074,0.389927823668122
zz,rotation_only,8,2,circular,6,noisy,170.36449403471752,0.934178360901254,1.1277765943659745e-33
zz,rotation_only,8,2,circular,7,noiseless,0.0531929878908644,0.6235150620878105,0.0037520122068089
zz,rotation_only,8,2,circular,7,noisy,161.01372924457988,0.927765213268113,5.1276317443509066e-34
zz,rotation_only,8,2,circular,8,noiseless,0.0690538393310222,0.6247110286705868,0.3591794295091756
zz,rotation_only,8,2,circular,8,noisy,159.99744233861324,0.9246114697589312,1.500221603727213e-32
zz,rotation_only,8,2,circular,9,noiseless,0.0803171813246299,0.6082053453738394,0.1262021925345643
zz,rotation_only,8,2,circular,9,noisy,157.07081506848692,0.9035725450543536,3.5371910223399523e-34
zz,rotation_only,8,2,full,0,noiseless,0.0014558860827622,0.9586538464200988,0.0007337863914116
zz,rotation_only,8,2,full,0,noisy,inf,0.999971948488766,2.6243804757814196e-34
zz,rotation_only,8,2,full,1,noiseless,0.0139397734553261,0.9571805271698982,0.0029499648285054
zz,rotation_only,8,2,full,1,noisy,inf,0.9999665764324686,7.118668402515683e-35
zz,rotation_only,8,2,full,2,noiseless,0.0112568411011437,0.9573813596658411,0.000589567296148
zz,rotation_only,8,2,full,2,noisy,inf,0.9999680970905244,1.3385714657747639e-34
zz,rotation_only,8,2,full,3,noiseless,0.0065265640766859,0.954796246645456,0.0003903291383346
zz,rotation_only,8,2,full,3,noisy,inf,0.999970202147936,1.4556486133489292e-34
zz,rotation_only,8,2,full,4,noiseless,0.0112568411011437,0.9465581057020042,0.0112751851625355
zz,rotation_only,8,2,full,4,noisy,inf,0.9999631784067388,1.738979322832459e-34
zz,rotation_only,8,2,full,5,noiseless,0.0198489155010859,0.9536486952445375,0.0004817410344229
zz,rotation_only,8,2,full,5,noisy,inf,0.9999635972828488,9.503615829850681e-35
zz,rotation_only,8,2,full,6,noiseless,0.0178214954602866,0.9564438751950598,0.0045111539967356
zz,rotation_only,8,2,full,6,noisy,inf,0.9999751154501892,1.2318031424363431e-34
zz,rotation_only,8,2,full,7,noiseless,0.0112568411011437,0.9549474828606748,0.0003356218541988
zz,rotation_only,8,2,full,7,noisy,inf,0.9999700161925772,1.2692183439601164e-34
zz,rotation_only,8,2,full,8,noiseless,0.016808865243574,0.95010282623672,0.0012745039045273
zz,rotation_only,8,2,full,8,noisy,inf,0.999971757189362,1.8905062915147222e-34
zz,rotation_only,8,2,full,9,noiseless,0.0087783250563018,0.9448888023609936,0.0001732097776104
zz,rotation_only,8,2,full,9,noisy,inf,0.9999652462117312,4.973229255265563e-35
zz,rotation_only,8,4,linear,0,noiseless,0.2070871205595746,0.5957123158098604,0.0071672691209933
zz,rotation_only,8,4,linear,0,noisy,87.25639922343349,0.83069426657024,0.0066020520555967
zz,rotation_only,8,4,linear,1,noiseless,0.2761986028591742,0.611353180638909,0.1011531958706695
zz,rotation_only,8,4,linear,1,noisy,80.88539651232537,0.8384728454483393,0.0622968126918699
zz,rotation_only,8,4,linear,2,noiseless,0.212633436931833,0.5936140947881025,0.0155868561068273
zz,rotation_only,8,4,linear,2,noisy,82.9588885436876,0.8733334746547107,0.0126511395285878
zz,rotation_only,8,4,linear,3,noiseless,0.2715586287828131,0.601395453589115,0.1345173890967908
zz,rotation_only,8,4,linear,3,noisy,80.95387092936849,0.8361199524776853,0.1023964032063046
zz,rotation_only,8,4,linear,4,noiseless,0.2162155392103562,0.5853347579686847,0.3981738308811003
zz,rotation_only,8,4,linear,4,noisy,84.61899522342087,0.8102464881645878,0.3045567279062297
zz,rotation_only,8,4,linear,5,noiseless,0.238728808527859,0.5982074305486441,0.1036271732273913
zz,rotation_only,8,4,linear,5,noisy,81.66978539940915,0.8509670177792297,0.0810607052259441
zz,rotation_only,8,4,linear,6,noiseless,0.2826892155069569,0.617664572279558,0.4628891499784825
zz,rotation_only,8,4,linear,6,noisy,97.67316623701838,0.883384142303455,0.4051128355972417
zz,rotation_only,8,4,linear,7,noiseless,0.1368067917843913,0.5910149980534234,0.0043706922189753
zz,rotation_only,8,4,linear,7,noisy,76.9041108695146,0.8631702101380838,0.0037776398828359
zz,rotation_only,8,4,linear,8,noiseless,0.1953523451942109,0.5985755197273861,0.0953027200763566
zz,rotation_only,8,4,linear,8,noisy,83.56312756389704,0.8535152318633663,0.0923125467511074
zz,rotation_only,8,4,linear,9,noiseless,0.2139087433333339,0.5944536413941934,0.0266039805598221
zz,rotation_only,8,4,linear,9,noisy,77.6807187636041,0.8564030553183707,0.025849013404222
zz,rotation_only,8,4,circular,0,noiseless,0.0866910451425488,0.681239276993785,0.0010023331915809
zz,rotation_only,8,4,circular,0,noisy,369.6677760969072,0.9628071184029644,2.9217383729275293e-24
zz,rotation_only,8,4,circular,1,noiseless,0.1126965175250024,0.700296163039639,0.1478715237543628
zz,rotation_only,8,4,circular,1,noisy,inf,0.9567053341402196,7.627930225575693e-24
zz,rotation_only,8,4,circular,2,noiseless,0.1173538170625138,0.6788118980408561,0.0139132008659671
zz,rotation_only,8,4,circular,2,noisy,inf,0.9728788577124192,3.537752298363528e-24
zz,rotation_only,8,4,circular,3,noiseless,0.1291481649407412,0.6723918310940568,0.138419110864185
zz,rotation_only,8,4,circular,3,noisy,358.17817408968347,0.970642942527652,1.6055238352821171e-24
zz,rotation_only,8,4,circular,4,noiseless,0.0736578794325525,0.6793171318551101,0.1262319374722828
zz,rotation_only,8,4,circular,4,noisy,371.69636612412273,0.9580539256551194,3.91497221234165e-23
zz,rotation_only,8,4,circular,5,noiseless,0.1009182744777542,0.6721279490859436,0.0215233382358072
zz,rotation_only,8,4,circular,5,noisy,357.76718631053063,0.9558986360164976,1.6351450513492764e-25
zz,rotation_only,8,4,circular,6,noiseless,0.0329775085720126,0.6962422785782632,0.3231463048897457
zz,rotation_only,8,4,circular,6,noisy,inf,0.9664564940160568,1.4071240908283403e-24
zz,rotation_only,8,4,circular,7,noiseless,0.1473309096663045,0.6785991577612578,0.2275620784832305
zz,rotation_only,8,4,circular,7,noisy,376.4133399566125,0.9629327237069182,1.4655675044116492e-23
zz,rotation_only,8,4,circular,8,noiseless,0.1068994523453297,0.6815436459469169,0.2256688654651173
zz,rotation_only,8,4,circular,8,noisy,368.0901742373272,0.9696863734827824,5.905472166237371e-24
zz,rotation_only,8,4,circular,9,noiseless,0.1186011549345974,0.6785431140343036,0.1187431480292763
zz,rotation_only,8,4,circular,9,noisy,inf,0.9558463127872494,4.5738874415327655e-24
zz,rotation_only,8,4,full,0,noiseless,0.0002764670882521,0.9613718842446156,0.0028977173446143
zz,rotation_only,8,4,full,0,noisy,inf,0.9999689107109392,8.293699685777082e-06
zz,rotation_only,8,4,full,1,noiseless,0.0014558860827622,0.9606858781676286,0.0004358461102445
zz,rotation_only,8,4,full,1,noisy,inf,0.9999675002409808,8.057929195418104e-06
zz,rotation_only,8,4,full,2,noiseless,0.0014558860827622,0.960906786700448,0.0005022029995809
zz,rotation_only,8,4,full,2,noisy,inf,0.9999683162372676,8.009684094445993e-06
zz,rotation_only,8,4,full,3,noiseless,0.0014558860827622,0.9566857071544008,0.0003656830650057
zz,rotation_only,8,4,full,3,noisy,inf,0.9999697390641764,7.683862258632141e-06
zz,rotation_only,8,4,full,4,noiseless,0.0014558860827622,0.9532010716088116,0.0004064713066983
zz,rotation_only,8,4,full,4,noisy,inf,0.9999641262058644,6.793527621403207e-06
zz,rotation_only,8,4,full,5,noiseless,0.0014558860827622,0.9576128821311676,0.0028805340270055
zz,rotation_only,8,4,full,5,noisy,inf,0.999964255642618,8.301718945725228e-06
zz,rotation_only,8,4,full,6,noiseless,0.0028232334164751,0.9607074420059628,0.0017039635626022
zz,rotation_only,8,4,full,6,noisy,inf,0.9999706039007162,4.770419083152033e-06
zz,rotation_only,8,4,full,7,noiseless,0.0028232334164751,0.9587896644327704,0.0184553936234412
zz,rotation_only,8,4,full,7,noisy,inf,0.9999679741760268,7.836951533530811e-06
zz,rotation_only,8,4,full,8,noiseless,0.0004952894268517,0.9527901225348084,0.0025559141893283
zz,rotation_only,8,4,full,8,noisy,inf,0.9999696329970718,7.77008182990891e-06
zz,rotation_only,8,4,full,9,noiseless,0.0004952894268517,0.9507782190013064,0.001952016352792
zz,rotation_only,8,4,full,9,noisy,inf,0.9999667645492962,7.269552062705862e-06
zz,rotation_only,8,8,linear,0,noiseless,0.1671314146533332,0.653487487674399,0.0273824284094483
zz,rotation_only,8,8,linear,0,noisy,181.56576147773777,0.9032334010673424,0.0036178580523435
zz,rotation_only,8,8,linear,1,noiseless,0.1725524372556413,0.6685935256409461,0.0392093279677949
zz,rotation_only,8,8,linear,1,noisy,188.14778152977715,0.921641472262165,0.0140548989484329
zz,rotation_only,8,8,linear,2,noiseless,0.1750357804931861,0.6402635612683757,0.0026768548703336
zz,rotation_only,8,8,linear,2,noisy,192.5889179591683,0.9229673777291398,0.0044955040391528
zz,rotation_only,8,8,linear,3,noiseless,0.2553846043130445,0.6639867118666435,0.1232701948973936
zz,rotation_only,8,8,linear,3,noisy,198.28495020727505,0.9046897070077248,0.0528542752133371
zz,rotation_only,8,8,linear,4,noiseless,0.2020841479882385,0.6354003526096037,0.2858615518570082
zz,rotation_only,8,8,linear,4,noisy,177.7637374495939,0.8969915744845645,0.2000633312868844
zz,rotation_only,8,8,linear,5,noiseless,0.1801707975917947,0.6616325897446245,0.0655012123747784
zz,rotation_only,8,8,linear,5,noisy,196.21049600485935,0.9200096485174852,0.034173360465231
zz,rotation_only,8,8,linear,6,noiseless,0.208921716710573,0.6698790387639971,0.2326872089323547
zz,rotation_only,8,8,linear,6,noisy,206.1734053693472,0.929322680846754,0.1122963280528606
zz,rotation_only,8,8,linear,7,noiseless,0.1624398383512253,0.6462599294808618,0.395121083311316
zz,rotation_only,8,8,linear,7,noisy,180.35766182386203,0.9258630143778268,0.2670491783755255
zz,rotation_only,8,8,linear,8,noiseless,0.1281336921429339,0.6582161363179786,0.229198029499707
zz,rotation_only,8,8,linear,8,noisy,187.15590000272397,0.924752566710845,0.1465575076810264
zz,rotation_only,8,8,linear,9,noiseless,0.2376138574029758,0.6416299064882145,0.0848740451570073
zz,rotation_only,8,8,linear,9,noisy,192.62092643754173,0.904200930026948,0.0331090373851273
zz,rotation_only,8,8,circular,0,noiseless,0.0714508896327527,0.758610921382892,0.0020778641402411
zz,rotation_only,8,8,circular,0,noisy,inf,0.9988364163842254,6.055219038562177e-34
zz,rotation_only,8,8,circular,1,noiseless,0.0714508896327527,0.7716319551321763,0.0225424666232759
zz,rotation_only,8,8,circular,1,noisy,inf,0.998182807622879,8.06801644814938e-34
zz,rotation_only,8,8,circular,2,noiseless,0.0583172777884732,0.7461132743424743,0.0112422632297871
zz,rotation_only,8,8,circular,2,noisy,inf,0.997497035592107,3.974662164034883e-33
zz,rotation_only,8,8,circular,3,noiseless,0.0690538393310222,0.7548136453627758,0.1007853114607026
zz,rotation_only,8,8,circular,3,noisy,inf,0.998517754004427,1.1040788372301704e-33
zz,rotation_only,8,8,circular,4,noiseless,0.096020083469864,0.7466111993608082,0.0125644315947361
zz,rotation_only,8,8,circular,4,noisy,inf,0.9975662510874532,6.0600756587778395e-34
zz,rotation_only,8,8,circular,5,noiseless,0.1242961285770438,0.7520958793951089,0.0187046346170357
zz,rotation_only,8,8,circular,5,noisy,inf,0.9973624144325192,1.2644242077997228e-33
zz,rotation_only,8,8,circular,6,noiseless,0.050375747645216,0.7700352747626635,0.3240157601003656
zz,rotation_only,8,8,circular,6,noisy,inf,0.9990519441040115,5.7340405456337725e-34
zz,rotation_only,8,8,circular,7,noiseless,0.0514809671096945,0.7460962973767373,0.1205749343573171
zz,rotation_only,8,8,circular,7,noisy,inf,0.9982179003209404,6.667121839219817e-34
zz,rotation_only,8,8,circular,8,noiseless,0.0761307480776532,0.7553136427132641,0.2324750848774972
zz,rotation_only,8,8,circular,8,noisy,inf,0.997087504973437,2.7472943446388672e-34
zz,rotation_only,8,8,circular,9,noiseless,0.0952153355616807,0.7494690584742513,0.0495974485065779
zz,rotation_only,8,8,circular,9,noisy,inf,0.9977853629544404,1.4786519406664602e-33
zz,rotation_only,8,8,full,0,noiseless,0.0014558860827622,0.971530568921056,0.0015686054621099
zz,rotation_only,8,8,full,0,noisy,inf,0.9999735621561264,2.864003693091708e-34
zz,rotation_only,8,8,full,1,noiseless,0.0002764670882521,0.9705292917761844,0.0001206575475105
zz,rotation_only,8,8,full,1,noisy,inf,0.999966946903028,1.7255233083881135e-34
zz,rotation_only,8,8,full,2,noiseless,0.0004952894268517,0.9700843404605456,0.0138228010922064
zz,rotation_only,8,8,full,2,noisy,inf,0.9999686236872422,2.6799620282237663e-34
zz,rotation_only,8,8,full,3,noiseless,0.0004952894268517,0.9674862705942092,0.000230398956484
zz,rotation_only,8,8,full,3,noisy,inf,0.9999738301030824,3.101518334757589e-34
zz,rotation_only,8,8,full,4,noiseless,4.4068110169011255e-05,0.962154362833367,0.0179153133032276
zz,rotation_only,8,8,full,4,noisy,inf,0.9999629350776018,1.8631867579177454e-34
zz,rotation_only,8,8,full,5,noiseless,0.0002764670882521,0.9686918262079822,0.0041133706941681
zz,rotation_only,8,8,full,5,noisy,inf,0.9999624893032388,2.960174804246982e-34
zz,rotation_only,8,8,full,6,noiseless,0.0028232334164751,0.9712428876731218,0.0007989987422947
zz,rotation_only,8,8,full,6,noisy,inf,0.999975813888868,1.2727103458449594e-34
zz,rotation_only,8,8,full,7,noiseless,0.0080002150567231,0.9690182446804938,0.001108207466628
zz,rotation_only,8,8,full,7,noisy,inf,0.9999699390050164,1.8300534904825674e-34
zz,rotation_only,8,8,full,8,noiseless,0.0015593784208206,0.9651258379827672,0.0021670155314334
zz,rotation_only,8,8,full,8,noisy,inf,0.999972472289092,2.1016877699544494e-34
zz,rotation_only,8,8,full,9,noiseless,4.4068110169011255e-05,0.9618075232882642,0.0037610224293155
zz,rotation_only,8,8,full,9,noisy,inf,0.9999661512784404,1.7692579675419067e-34
zz,rotation_only,10,1,linear,0,noiseless,0.0573536351190418,0.6675810516120029,0.0966431957682166
zz,rotation_only,10,1,linear,0,noisy,79.01412284876669,0.8368936456111525,0.1043855040775493
zz,rotation_only,10,1,linear,1,noiseless,8.740648201398856e-10,0.6723186349494558,0.1569282720258539
zz,rotation_only,10,1,linear,1,noisy,45.971506414738,0.8349694793197915,0.1345686266511765
zz,rotation_only,10,1,linear,2,noiseless,0.0971659200262111,0.674016422029165,0.0159602203820287
zz,rotation_only,10,1,linear,2,noisy,75.97499933042428,0.8673425189038437,0.0173573524331863
zz,rotation_only,10,1,linear,3,noiseless,0.0698733932554849,0.6829773254160537,0.0271865194333172
zz,rotation_only,10,1,linear,3,noisy,52.18245563162331,0.8434670828618134,0.0243436089370637
zz,rotation_only,10,1,linear,4,noiseless,0.0573536351190418,0.6710937884440691,0.2713053529037971
zz,rotation_only,10,1,linear,4,noisy,63.92511711506846,0.8469265401907772,0.2400115205916909
zz,rotation_only,10,1,linear,5,noiseless,8.740648201398856e-10,0.6811162692732802,0.1926595050977589
zz,rotation_only,10,1,linear,5,noisy,66.99503659182795,0.8410860613941221,0.1945428997239742
zz,rotation_only,10,1,linear,6,noiseless,8.740648201398856e-10,0.6851678878089941,0.1270997780378588
zz,rotation_only,10,1,linear,6,noisy,72.35745462125217,0.8740802554298408,0.0961753180234114
zz,rotation_only,10,1,linear,7,noiseless,8.740648201398856e-10,0.6752588337823485,0.0011835670605971
zz,rotation_only,10,1,linear,7,noisy,76.07489750539756,0.8577985081052979,0.0010480811118216
zz,rotation_only,10,1,linear,8,noiseless,0.1698199252155419,0.6591175385799706,0.0258953082221306
zz,rotation_only,10,1,linear,8,noisy,inf,0.8714787809147556,0.0249323040161191
zz,rotation_only,10,1,linear,9,noiseless,8.740648201398856e-10,0.6657764222213467,0.0734769275852099
zz,rotation_only,10,1,linear,9,noisy,60.60546785268179,0.8328549928381307,0.0646198515059182
zz,rotation_only,10,1,circular,0,noiseless,0.0573536351190418,0.7138585514050942,0.0956487265360281
zz,rotation_only,10,1,circular,0,noisy,inf,0.8916128853250191,8.828239677877015e-33
zz,rotation_only,10,1,circular,1,noiseless,8.740648201398856e-10,0.7189991066368836,0.1387394717741494
zz,rotation_only,10,1,circular,1,noisy,212.76638468233585,0.8977669518961718,4.2591004504178535e-33
zz,rotation_only,10,1,circular,2,noiseless,0.0573536351190418,0.7248149429612053,0.0146127056156909
zz,rotation_only,10,1,circular,2,noisy,187.5619358006731,0.9122473902375872,3.916476343041433e-33
zz,rotation_only,10,1,circular,3,noiseless,0.0272885196260759,0.7264368115948281,4.384949838642016e-05
zz,rotation_only,10,1,circular,3,noisy,188.05771903732952,0.9088430976379016,7.288501736554755e-34
zz,rotation_only,10,1,circular,4,noiseless,0.0272885196260759,0.7169363803867865,0.1814654717786237
zz,rotation_only,10,1,circular,4,noisy,199.4108132994908,0.8895452625428961,1.6364017622407843e-32
zz,rotation_only,10,1,circular,5,noiseless,0.0272885196260759,0.7271949530039638,0.1853854946522368
zz,rotation_only,10,1,circular,5,noisy,208.39308028241945,0.9127193991220864,2.4094694149875e-34
zz,rotation_only,10,1,circular,6,noiseless,0.0272885196260759,0.7287427836395451,0.0472250058647117
zz,rotation_only,10,1,circular,6,noisy,237.4353101452827,0.9388450492493464,1.7954923369983977e-33
zz,rotation_only,10,1,circular,7,noiseless,8.740648201398856e-10,0.7190756000420686,0.0010808411541797
zz,rotation_only,10,1,circular,7,noisy,191.46683529613415,0.9277935682584668,3.9751917320765564e-32
zz,rotation_only,10,1,circular,8,noiseless,0.0272885196260759,0.7081266495013955,0.0163040190007814
zz,rotation_only,10,1,circular,8,noisy,inf,0.904308421573979,4.856319289110182e-34
zz,rotation_only,10,1,circular,9,noiseless,0.0272885196260759,0.7129765376501368,0.0481181834887823
zz,rotation_only,10,1,circular,9,noisy,202.46589612643197,0.9032737653354718,9.048377234714606e-35
zz,rotation_only,10,1,full,0,noiseless,8.740648201398856e-10,0.9741779301772828,0.0001959359863494
zz,rotation_only,10,1,full,0,noisy,inf,0.9999836371695324,1.243378884499664e-05
zz,rotation_only,10,1,full,1,noiseless,8.740648201398856e-10,0.9715419661375368,8.01408287353156e-06
zz,rotation_only,10,1,full,1,noisy,inf,0.9999853644677202,1.4044701925044969e-05
zz,rotation_only,10,1,full,2,noiseless,8.740648201398856e-10,0.9733853496840984,1.5180199846906964e-05
zz,rotation_only,10,1,full,2,noisy,inf,0.9999848762657628,8.056921010440631e-06
zz,rotation_only,10,1,full,3,noiseless,8.740648201398856e-10,0.9727722098140374,1.0369408914758751e-08
zz,rotation_only,10,1,full,3,noisy,inf,0.9999835421574652,1.1057438139963798e-05
zz,rotation_only,10,1,full,4,noiseless,8.740648201398856e-10,0.9654122506953908,0.0001127359926522
zz,rotation_only,10,1,full,4,noisy,inf,0.9999848652360508,1.1807322629728367e-05
zz,rotation_only,10,1,full,5,noiseless,8.740648201398856e-10,0.970297928846352,0.0002038735834613
zz,rotation_only,10,1,full,5,noisy,inf,0.9999844965119687,9.875724846133912e-06
zz,rotation_only,10,1,full,6,noiseless,8.740648201398856e-10,0.9714931718961562,0.001104595583812
zz,rotation_only,10,1,full,6,noisy,inf,0.9999860299135708,1.3666548831167116e-05
zz,rotation_only,10,1,full,7,noiseless,8.740648201398856e-10,0.9692960261658116,4.081588134707224e-07
zz,rotation_only,10,1,full,7,noisy,inf,0.999986273008948,1.331955188612604e-05
zz,rotation_only,10,1,full,8,noiseless,8.740648201398856e-10,0.966109941658081,9.82860661563642e-05
zz,rotation_only,10,1,full,8,noisy,inf,0.9999850835146022,1.0587711105658594e-05
zz,rotation_only,10,1,full,9,noiseless,8.740648201398856e-10,0.9649005776956906,3.5291748202932815e-05
zz,rotation_only,10,1,full,9,noisy,inf,0.999982316328302,1.2205871437297227e-05
zz,rotation_only,10,2,linear,0,noiseless,8.740648201398856e-10,0.5657213439520118,0.09545700025599
zz,rotation_only,10,2,linear,0,noisy,inf,0.8223489879852702,0.0817287597285873
zz,rotation_only,10,2,linear,1,noiseless,0.0884692629664926,0.5642762103797552,0.1507835178139568
zz,rotation_only,10,2,linear,1,noisy,136.80123697793675,0.827406898290878,0.1611463017014682
zz,rotation_only,10,2,linear,2,noiseless,0.0272885196260759,0.555994486363018,0.0323349015521809
zz,rotation_only,10,2,linear,2,noisy,145.17215354779492,0.8503792224854666,0.023962454010349
zz,rotation_only,10,2,linear,3,noiseless,0.0272885196260759,0.5693972768801631,0.2173717458671699
zz,rotation_only,10,2,linear,3,noisy,142.04295433414072,0.82430731976089,0.177611027933915
zz,rotation_only,10,2,linear,4,noiseless,0.1852925087494012,0.5519054737433149,0.3405851375617989
zz,rotation_only,10,2,linear,4,noisy,156.7349640459919,0.8305951601005163,0.2896888056526107
zz,rotation_only,10,2,linear,5,noiseless,0.0272885196260759,0.564427321243795,0.2076544973421379
zz,rotation_only,10,2,linear,5,noisy,150.62331443234336,0.8063184287377473,0.1807701070265252
zz,rotation_only,10,2,linear,6,noiseless,0.0272885196260759,0.5662848487018698,0.4063367141757333
zz,rotation_only,10,2,linear,6,noisy,152.63100558672176,0.8387783962569817,0.2820710421835929
zz,rotation_only,10,2,linear,7,noiseless,0.0272885196260759,0.5639885714961808,0.5073372611386966
zz,rotation_only,10,2,linear,7,noisy,142.626389197317,0.8235622055163939,0.4489947577840801
zz,rotation_only,10,2,linear,8,noiseless,0.1272350515861328,0.5609233604207934,0.4967706010551744
zz,rotation_only,10,2,linear,8,noisy,155.57040287995406,0.8444666555000679,0.5203889793139699
zz,rotation_only,10,2,linear,9,noiseless,0.0272885196260759,0.5454338774197984,0.1002359699835185
zz,rotation_only,10,2,linear,9,noisy,129.76788797096364,0.8005283253137883,0.0835395635699321
zz,rotation_only,10,2,circular,0,noiseless,8.740648201398856e-10,0.6253132804341207,0.094474643836343
zz,rotation_only,10,2,circular,0,noisy,inf,0.9090440759254956,3.633830236463698e-16
zz,rotation_only,10,2,circular,1,noiseless,8.740648201398856e-10,0.6284329830814882,0.2473728578644886
zz,rotation_only,10,2,circular,1,noisy,inf,0.9058803658967952,8.838676353123217e-17
zz,rotation_only,10,2,circular,2,noiseless,0.0272885196260759,0.62433430528196,0.0176654334065466
zz,rotation_only,10,2,circular,2,noisy,413.7851535497003,0.906999702035042,1.4709707600930355e-16
zz,rotation_only,10,2,circular,3,noiseless,8.740648201398856e-10,0.636003219056204,0.0001959239634828
zz,rotation_only,10,2,circular,3,noisy,inf,0.8999010932109492,2.9072831161395818e-15
zz,rotation_only,10,2,circular,4,noiseless,0.2183468254440513,0.615735397143234,0.2478254048107662
zz,rotation_only,10,2,circular,4,noisy,inf,0.8966368766059681,1.8815816143130838e-15
zz,rotation_only,10,2,circular,5,noiseless,0.0573536351190418,0.6246383835467825,0.1868198255299547
zz,rotation_only,10,2,circular,5,noisy,inf,0.89913210179444,1.541761339358005e-17
zz,rotation_only,10,2,circular,6,noiseless,8.740648201398856e-10,0.6303811657505853,0.0501623788541136
zz,rotation_only,10,2,circular,6,noisy,inf,0.930817723774973,1.8693309676053677e-14
zz,rotation_only,10,2,circular,7,noiseless,8.740648201398856e-10,0.6214840541177427,0.4739914847902889
zz,rotation_only,10,2,circular,7,noisy,417.17174674968066,0.907336948975579,7.021826106470197e-16
zz,rotation_only,10,2,circular,8,noiseless,0.0971659200262111,0.6237033266182784,0.2812041913460592
zz,rotation_only,10,2,circular,8,noisy,inf,0.9146264791547766,1.6335688327563262e-15
zz,rotation_only,10,2,circular,9,noiseless,8.740648201398856e-10,0.6050080664490897,0.058819330133867
zz,rotation_only,10,2,circular,9,noisy,inf,0.8821508970440234,6.104180394770138e-16
zz,rotation_only,10,2,full,0,noiseless,8.740648201398856e-10,0.972059457517507,0.0003959183144624
zz,rotation_only,10,2,full,0,noisy,inf,0.9999872495939698,6.37883446189032e-35
zz,rotation_only,10,2,full,1,noiseless,8.740648201398856e-10,0.9694731703617367,3.261621928110439e-05
zz,rotation_only,10,2,full,1,noisy,inf,0.9999879499436278,6.656192353966838e-35
zz,rotation_only,10,2,full,2,noiseless,8.740648201398856e-10,0.970926680425916,0.0011731277623208
zz,rotation_only,10,2,full,2,noisy,inf,0.9999859421226062,4.2065770640786035e-35
zz,rotation_only,10,2,full,3,noiseless,8.740648201398856e-10,0.9699500264639874,0.0003449707129114
zz,rotation_only,10,2,full,3,noisy,inf,0.999985963172628,4.6248244846253464e-35
zz,rotation_only,10,2,full,4,noiseless,8.740648201398856e-10,0.9629441201969614,0.003014493168883
zz,rotation_only,10,2,full,4,noisy,inf,0.9999828517205372,2.7939998698486385e-35
zz,rotation_only,10,2,full,5,noiseless,8.740648201398856e-10,0.967692149533612,0.0005470926285033
zz,rotation_only,10,2,full,5,noisy,inf,0.9999847963546836,5.092142263794748e-35
zz,rotation_only,10,2,full,6,noiseless,8.740648201398856e-10,0.9689015904996464,0.0020132592029487
zz,rotation_only,10,2,full,6,noisy,inf,0.999989776429426,5.532123268783358e-35
zz,rotation_only,10,2,full,7,noiseless,8.740648201398856e-10,0.9663427420622078,0.000636375902178
zz,rotation_only,10,2,full,7,noisy,inf,0.9999893046392472,4.6858130498605103e-35
zz,rotation_only,10,2,full,8,noiseless,8.740648201398856e-10,0.9637042674083768,0.0001213132904429
zz,rotation_only,10,2,full,8,noisy,inf,0.9999874033663536,5.482631038299234e-35
zz,rotation_only,10,2,full,9,noiseless,8.740648201398856e-10,0.9620394862074536,0.0023023660916572
zz,rotation_only,10,2,full,9,noisy,inf,0.999986778714412,4.2259296194076425e-35
zz,rotation_only,10,4,linear,0,noiseless,0.0884692629664926,0.6318953886244522,0.0073372044222358
zz,rotation_only,10,4,linear,0,noisy,inf,0.8752500455989143,0.0057273034165151
zz,rotation_only,10,4,linear,1,noiseless,0.0272885196260759,0.626797375145551,0.1050736261873739
zz,rotation_only,10,4,linear,1,noisy,inf,0.869088322902821,0.0682356199059196
zz,rotation_only,10,4,linear,2,noiseless,0.1583547035811681,0.6088748677311672,0.0145906861126758
zz,rotation_only,10,4,linear,2,noisy,inf,0.898918734823032,0.009710385765529
zz,rotation_only,10,4,linear,3,noiseless,0.1202685111087095,0.6229654735027252,0.1271350698756427
zz,rotation_only,10,4,linear,3,noisy,inf,0.8778616025645406,0.0941406564677086
zz,rotation_only,10,4,linear,4,noiseless,0.1707260540123832,0.6133106173744405,0.3747679794089971
zz,rotation_only,10,4,linear,4,noisy,inf,0.8844010724428607,0.3636693696679277
zz,rotation_only,10,4,linear,5,noiseless,0.2516918930606803,0.609206261925127,0.0870357854348488
zz,rotation_only,10,4,linear,5,noisy,inf,0.8643923309715136,0.0523013556976879
zz,rotation_only,10,4,linear,6,noiseless,0.0884692629664926,0.6231384458494285,0.4080756605596845
zz,rotation_only,10,4,linear,6,noisy,inf,0.8978818502000292,0.3388801989013799
zz,rotation_only,10,4,linear,7,noiseless,0.0272885196260759,0.6138087370103739,0.0045997716944835
zz,rotation_only,10,4,linear,7,noisy,inf,0.8847188120831908,0.0038873876357116
zz,rotation_only,10,4,linear,8,noiseless,0.0272885196260759,0.6196222675826266,0.091218975373562
zz,rotation_only,10,4,linear,8,noisy,inf,0.8907419146445051,0.083681531135236
zz,rotation_only,10,4,linear,9,noiseless,0.0884692629664926,0.6104987978694199,0.0248968212513146
zz,rotation_only,10,4,linear,9,noisy,inf,0.8628770235332855,0.0213132892875529
zz,rotation_only,10,4,circular,0,noiseless,0.0573536351190418,0.6999414994394293,0.0064768110748637
zz,rotation_only,10,4,circular,0,noisy,inf,0.9711351401724948,0.0033257306467072
zz,rotation_only,10,4,circular,1,noiseless,8.740648201398856e-10,0.695676792332397,0.167989453807062
zz,rotation_only,10,4,circular,1,noisy,inf,0.9762918655869612,0.0665958080609555
zz,rotation_only,10,4,circular,2,noiseless,0.0573536351190418,0.6874089077397935,0.0031782657157251
zz,rotation_only,10,4,circular,2,noisy,inf,0.9746708112935856,0.0008102266232581
zz,rotation_only,10,4,circular,3,noiseless,8.740648201398856e-10,0.6905423319744375,0.0104120678682676
zz,rotation_only,10,4,circular,3,noisy,inf,0.966060614459892,0.001497776279547
zz,rotation_only,10,4,circular,4,noiseless,0.1698199252155419,0.6800733743507087,0.0567247979236588
zz,rotation_only,10,4,circular,4,noisy,inf,0.964657564596978,0.0363470639442202
zz,rotation_only,10,4,circular,5,noiseless,0.1583547035811681,0.6745801641660921,0.0809727670354887
zz,rotation_only,10,4,circular,5,noisy,inf,0.9652302072823232,0.0306485143481736
zz,rotation_only,10,4,circular,6,noiseless,0.0573536351190418,0.6927386956716773,0.0148944763634091
zz,rotation_only,10,4,circular,6,noisy,inf,0.978264763769166,0.0101668095312104
zz,rotation_only,10,4,circular,7,noiseless,0.0272885196260759,0.6844306487134176,0.0052006342117295
zz,rotation_only,10,4,circular,7,noisy,inf,0.9731709117371856,0.0036961122445318
zz,rotation_only,10,4,circular,8,noiseless,0.0272885196260759,0.688016763657022,0.1388805127804963
zz,rotation_only,10,4,circular,8,noisy,inf,0.9680157708687394,0.0637059950496608
zz,rotation_only,10,4,circular,9,noiseless,0.0573536351190418,0.6732515829649885,0.0070422023308745
zz,rotation_only,10,4,circular,9,noisy,inf,0.9607622841087662,0.0062335031042751
zz,rotation_only,10,4,full,0,noiseless,8.740648201398856e-10,0.9773759543663562,0.0002117955382996
zz,rotation_only,10,4,full,0,noisy,inf,0.999987276872084,4.258462078619067e-35
zz,rotation_only,10,4,full,1,noiseless,8.740648201398856e-10,0.9763614553755836,0.0003241360751334
zz,rotation_only,10,4,full,1,noisy,inf,0.9999879601889908,4.934266841955142e-35
zz,rotation_only,10,4,full,2,noiseless,8.740648201398856e-10,0.9765040077604948,0.000324014100798
zz,rotation_only,10,4,full,2,noisy,inf,0.9999859458511272,6.183225671389319e-35
zz,rotation_only,10,4,full,3,noiseless,8.740648201398856e-10,0.974306934129144,0.0019376607935097
zz,rotation_only,10,4,full,3,noisy,inf,0.9999859943043252,6.08276008753904e-35
zz,rotation_only,10,4,full,4,noiseless,8.740648201398856e-10,0.9702593388743356,0.0044678146135576
zz,rotation_only,10,4,full,4,noisy,inf,0.9999828646064784,8.797822899520295e-35
zz,rotation_only,10,4,full,5,noiseless,8.740648201398856e-10,0.9738412271849184,0.0006491017006593
zz,rotation_only,10,4,full,5,noisy,inf,0.9999848488878122,5.87852186239817e-35
zz,rotation_only,10,4,full,6,noiseless,8.740648201398856e-10,0.97518452817856,0.0003370754321914
zz,rotation_only,10,4,full,6,noisy,inf,0.9999897869497544,4.0923973794687327e-35
zz,rotation_only,10,4,full,7,noiseless,8.740648201398856e-10,0.9719139986096286,0.0033809169271195
zz,rotation_only,10,4,full,7,noisy,inf,0.9999892989009248,5.283873229042868e-35
zz,rotation_only,10,4,full,8,noiseless,8.740648201398856e-10,0.970173672071784,0.0024990786177276
zz,rotation_only,10,4,full,8,noisy,inf,0.9999874077613552,3.0518563106450157e-35
zz,rotation_only,10,4,full,9,noiseless,8.740648201398856e-10,0.9685606556977532,0.000635025965652
zz,rotation_only,10,4,full,9,noisy,inf,0.9999868247124556,4.795280308228417e-35
zz,rotation_only,10,8,linear,0,noiseless,0.0272885196260759,0.6899865980588507,0.0236659765949989
zz,rotation_only,10,8,linear,0,noisy,inf,0.9295642286434608,0.0041750129487745
zz,rotation_only,10,8,linear,1,noiseless,0.0884692629664926,0.6885292929473243,0.0365782085428774
zz,rotation_only,10,8,linear,1,noisy,inf,0.9292367341377746,0.0133333525193645
zz,rotation_only,10,8,linear,2,noiseless,0.1272350515861328,0.670758826022153,0.0024878987991267
zz,rotation_only,10,8,linear,2,noisy,inf,0.943566528416863,0.0039841923436782
zz,rotation_only,10,8,linear,3,noiseless,0.1525771345901541,0.6921396105989939,0.1290758221176201
zz,rotation_only,10,8,linear,3,noisy,inf,0.9308025229546106,0.0635342571614817
zz,rotation_only,10,8,linear,4,noiseless,0.4016451302456212,0.6560264412159765,0.2840771263463504
zz,rotation_only,10,8,linear,4,noisy,inf,0.9311235332088535,0.1605182645761579
zz,rotation_only,10,8,linear,5,noiseless,0.0884692629664926,0.6790069353069208,0.0710374350694995
zz,rotation_only,10,8,linear,5,noisy,inf,0.9178847024080174,0.0322482587172344
zz,rotation_only,10,8,linear,6,noiseless,8.740648201398856e-10,0.6881615743686352,0.2504137029059609
zz,rotation_only,10,8,linear,6,noisy,inf,0.9419217087024798,0.1425699850147956
zz,rotation_only,10,8,linear,7,noiseless,0.0272885196260759,0.6707134419689438,0.4184532088316283
zz,rotation_only,10,8,linear,7,noisy,inf,0.9349266440865882,0.299511674928322
zz,rotation_only,10,8,linear,8,noiseless,0.0272885196260759,0.6843365380971455,0.2098284244358298
zz,rotation_only,10,8,linear,8,noisy,inf,0.9456961284851948,0.1356891419523674
zz,rotation_only,10,8,linear,9,noiseless,0.0272885196260759,0.6624296318834964,0.0830038848525149
zz,rotation_only,10,8,linear,9,noisy,inf,0.9175465262716326,0.0387753981183911
zz,rotation_only,10,8,circular,0,noiseless,0.0272885196260759,0.7689032502897049,0.0228121759565904
zz,rotation_only,10,8,circular,0,noisy,inf,0.9935359242665848,4.7629411525324616e-35
zz,rotation_only,10,8,circular,1,noiseless,0.0573536351190418,0.7612330308989722,0.1607551406024933
zz,rotation_only,10,8,circular,1,noisy,inf,0.9946907201277344,9.114444915123948e-35
zz,rotation_only,10,8,circular,2,noiseless,8.740648201398856e-10,0.7577546409069555,0.003076589610447
zz,rotation_only,10,8,circular,2,noisy,inf,0.9957111293570436,9.762063936136974e-35
zz,rotation_only,10,8,circular,3,noiseless,8.740648201398856e-10,0.7653878640476377,0.0067563550339147
zz,rotation_only,10,8,circular,3,noisy,inf,0.9950336247730828,4.413110899076146e-34
zz,rotation_only,10,8,circular,4,noiseless,0.1707260540123832,0.7428030619776136,0.0226214094614711
zz,rotation_only,10,8,circular,4,noisy,inf,0.9917774537667756,1.629660960415655e-34
zz,rotation_only,10,8,circular,5,noiseless,8.740648201398856e-10,0.756352210649561,0.0877335680890152
zz,rotation_only,10,8,circular,5,noisy,inf,0.9947155248526176,5.30983336872836e-35
zz,rotation_only,10,8,circular,6,noiseless,8.740648201398856e-10,0.767162300854299,0.0046988856298657
zz,rotation_only,10,8,circular,6,noisy,inf,0.9966189569132932,4.1553215920682505e-35
zz,rotation_only,10,8,circular,7,noiseless,0.0573536351190418,0.7460701274402561,0.258010719239944
zz,rotation_only,10,8,circular,7,noisy,inf,0.9947411397465676,8.532986634489701e-35
zz,rotation_only,10,8,circular,8,noiseless,0.0272885196260759,0.7603877006093941,0.144055910842845
zz,rotation_only,10,8,circular,8,noisy,inf,0.9961480905956264,1.9936977292151227e-33
zz,rotation_only,10,8,circular,9,noiseless,0.1406569224524614,0.7426781199736125,0.0162348794841068
zz,rotation_only,10,8,circular,9,noisy,inf,0.9944987891819704,1.0072790194518832e-34
zz,rotation_only,10,8,full,0,noiseless,8.740648201398856e-10,0.9837929438055524,0.000371030490511
zz,rotation_only,10,8,full,0,noisy,inf,0.9999843140310924,3.2029265029191025e-05
zz,rotation_only,10,8,full,1,noiseless,8.740648201398856e-10,0.9833472047634412,0.0001383763245439
zz,rotation_only,10,8,full,1,noisy,inf,0.9999850884607572,3.1081124219973225e-05
zz,rotation_only,10,8,full,2,noiseless,8.740648201398856e-10,0.9833939442607996,0.0002310138584974
zz,rotation_only,10,8,full,2,noisy,inf,0.9999849183598168,2.2600302182268913e-05
zz,rotation_only,10,8,full,3,noiseless,8.740648201398856e-10,0.980929035911896,0.0013489142856517
zz,rotation_only,10,8,full,3,noisy,inf,0.9999837520369792,2.2797506766370203e-05
zz,rotation_only,10,8,full,4,noiseless,8.740648201398856e-10,0.978381319174758,0.0016257353029666
zz,rotation_only,10,8,full,4,noisy,inf,0.9999848023100876,2.879360425442548e-05
zz,rotation_only,10,8,full,5,noiseless,8.740648201398856e-10,0.9821006744021992,0.0048707171173395
zz,rotation_only,10,8,full,5,noisy,inf,0.9999836382426036,2.907122743751815e-05
zz,rotation_only,10,8,full,6,noiseless,8.740648201398856e-10,0.9826369614799398,0.0002026687186087
zz,rotation_only,10,8,full,6,noisy,inf,0.9999847231340008,2.509647474587602e-05
zz,rotation_only,10,8,full,7,noiseless,8.740648201398856e-10,0.9796575048217526,0.0002617821490447
zz,rotation_only,10,8,full,7,noisy,inf,0.9999839635512018,2.9320506409313196e-05
zz,rotation_only,10,8,full,8,noiseless,8.740648201398856e-10,0.979038456652644,0.0009635456144439
zz,rotation_only,10,8,full,8,noisy,inf,0.9999846871713446,2.666404299999493e-05
zz,rotation_only,10,8,full,9,noiseless,8.740648201398856e-10,0.9771153269358956,0.0016275613810106
zz,rotation_only,10,8,full,9,noisy,inf,0.9999830583762868,2.3858324872235495e-05
zz,real_amplitudes,4,1,linear,0,noiseless,0.0671270814052169,0.5944321321247716,0.0656193890365624
zz,real_amplitudes,4,1,linear,0,noisy,0.2486118611629553,0.6784387156106284,0.0634240655205381
zz,real_amplitudes,4,1,linear,1,noiseless,0.1037028534785211,0.5998136164134653,0.1300857120153165
zz,real_amplitudes,4,1,linear,1,noisy,0.3803419126859197,0.640698930425527,0.1252436524015795
zz,real_amplitudes,4,1,linear,2,noiseless,0.069241472597219,0.6053654763884098,0.0674454288175325
zz,real_amplitudes,4,1,linear,2,noisy,0.2339705450910361,0.6464586780408013,0.0439396784933508
zz,real_amplitudes,4,1,linear,3,noiseless,0.067545634139054,0.5774164234462272,0.1092367055929169
zz,real_amplitudes,4,1,linear,3,noisy,0.2586636375312883,0.6104594230900997,0.0884842480238859
zz,real_amplitudes,4,1,linear,4,noiseless,0.0961805091386041,0.5853593471190974,0.1877008166712072
zz,real_amplitudes,4,1,linear,4,noisy,0.2446913933894518,0.5434357050299481,0.1817376280952181
zz,real_amplitudes,4,1,linear,5,noiseless,0.1083592228934764,0.5969754085347426,0.1229272216374739
zz,real_amplitudes,4,1,linear,5,noisy,0.247774490579139,0.5788846942446969,0.1183627090138291
zz,real_amplitudes,4,1,linear,6,noiseless,0.0504303165715319,0.6348524056000306,0.142292013274893
zz,real_amplitudes,4,1,linear,6,noisy,0.179765448243918,0.6705326498147759,0.1369512566974396
zz,real_amplitudes,4,1,linear,7,noiseless,0.0611569293570633,0.6077990306837019,0.0026596492175282
zz,real_amplitudes,4,1,linear,7,noisy,0.4615945079641239,0.658051100702366,0.0023720561988329
zz,real_amplitudes,4,1,linear,8,noiseless,0.0775736763118593,0.6095454501242323,0.0195126614349333
zz,real_amplitudes,4,1,linear,8,noisy,0.2914715103462833,0.6636175146364464,0.0171971594985762
zz,real_amplitudes,4,1,linear,9,noiseless,0.0684652725179582,0.5880988810238754,0.0894412015820622
zz,real_amplitudes,4,1,linear,9,noisy,0.3061453348887026,0.5797350662549097,0.0684249489036695
zz,real_amplitudes,4,1,circular,0,noiseless,0.057646614141108,0.7148930876138212,0.0162449565864472
zz,real_amplitudes,4,1,circular,0,noisy,0.9939787359663677,0.8053998049055103,0.0083620262945095
zz,real_amplitudes,4,1,circular,1,noiseless,0.0471993598425776,0.7119189757220405,0.0537008173455795
zz,real_amplitudes,4,1,circular,1,noisy,1.123587987151632,0.7710117171981049,0.0389291678256259
zz,real_amplitudes,4,1,circular,2,noiseless,0.0703365452377922,0.7229709836607202,0.0474697515376534
zz,real_amplitudes,4,1,circular,2,noisy,0.9638090788968552,0.7642788501641966,0.0308211753414071
zz,real_amplitudes,4,1,circular,3,noiseless,0.0227599951538214,0.7068857314158018,0.099847651661541
zz,real_amplitudes,4,1,circular,3,noisy,0.8877374526967274,0.764580085586823,0.0659741288645683
zz,real_amplitudes,4,1,circular,4,noiseless,0.0383131045706402,0.700452015402482,0.0482120428689845
zz,real_amplitudes,4,1,circular,4,noisy,0.7713271119008975,0.6892261906714978,0.0284863085561473
zz,real_amplitudes,4,1,circular,5,noiseless,0.0453951212045398,0.7248532451391838,0.0522715967041285
zz,real_amplitudes,4,1,circular,5,noisy,0.8280157665529695,0.7375886362308035,0.0289617436305164
zz,real_amplitudes,4,1,circular,6,noiseless,0.026705784459235,0.7503683582279769,0.0669561264904061
zz,real_amplitudes,4,1,circular,6,noisy,0.8904765374485891,0.8028310453501699,0.060470287114982
zz,real_amplitudes,4,1,circular,7,noiseless,0.0685527479656243,0.7326784658368429,0.022709043142976
zz,real_amplitudes,4,1,circular,7,noisy,0.9145785897274318,0.7887797273089906,0.0139466925564837
zz,real_amplitudes,4,1,circular,8,noiseless,0.0699609305592126,0.7269801750543382,0.0190945717042038
zz,real_amplitudes,4,1,circular,8,noisy,0.872636973875079,0.7936175008402563,0.0088673793036536
zz,real_amplitudes,4,1,circular,9,noiseless,0.0235935592807828,0.7001591049017393,0.0520505740382335
zz,real_amplitudes,4,1,circular,9,noisy,0.9514725301912575,0.7323498788921512,0.0365656836121399
zz,real_amplitudes,4,1,full,0,noiseless,0.0258499514210565,0.8365469572310927,0.0619524729997407
zz,real_amplitudes,4,1,full,0,noisy,1.5780862680668295,0.889070216055572,0.0275296938334755
zz,real_amplitudes,4,1,full,1,noiseless,0.0160420136098759,0.8346029421961174,0.0435590300222518
zz,real_amplitudes,4,1,full,1,noisy,1.574560410028078,0.8724911176899277,0.0193718456186873
zz,real_amplitudes,4,1,full,2,noiseless,0.0217266143090003,0.842508516448504,0.0170829357171732
zz,real_amplitudes,4,1,full,2,noisy,1.61099791345356,0.8676823132976694,0.0071830528108787
zz,real_amplitudes,4,1,full,3,noiseless,0.0165920547984781,0.8294174279030797,0.0317860661897698
zz,real_amplitudes,4,1,full,3,noisy,1.7366188022316515,0.8592813050318444,0.0162285257430142
zz,real_amplitudes,4,1,full,4,noiseless,0.0193690824392464,0.8147957854769722,0.0859996919835446
zz,real_amplitudes,4,1,full,4,noisy,1.5541585917208425,0.7932013108398979,0.0518906674973993
zz,real_amplitudes,4,1,full,5,noiseless,0.0175653574980712,0.8453081037133815,0.0952615410646219
zz,real_amplitudes,4,1,full,5,noisy,1.7294987124263812,0.8679513201644067,0.0664697693918238
zz,real_amplitudes,4,1,full,6,noiseless,0.0197279310409434,0.8598329909425043,0.0796370799003434
zz,real_amplitudes,4,1,full,6,noisy,1.691872039193862,0.898785170996647,0.0414967289471038
zz,real_amplitudes,4,1,full,7,noiseless,0.018649608731578,0.8467745676868813,0.0184817524786461
zz,real_amplitudes,4,1,full,7,noisy,1.625408733481362,0.8731526524906701,0.0077123001722472
zz,real_amplitudes,4,1,full,8,noiseless,0.0281654325615532,0.8417896159384068,0.0155212603391663
zz,real_amplitudes,4,1,full,8,noisy,1.5993818064159848,0.9087479137137638,0.0081503060722316
zz,real_amplitudes,4,1,full,9,noiseless,0.0166255116468226,0.8190197007848059,0.0596574929094449
zz,real_amplitudes,4,1,full,9,noisy,1.5692596474670433,0.8422176603356666,0.0301715561162305
zz,real_amplitudes,4,2,linear,0,noiseless,0.072179348077624,0.4821903429538743,0.0283589333189187
zz,real_amplitudes,4,2,linear,0,noisy,1.003891548578422,0.6061389031753238,0.0229727225351162
zz,real_amplitudes,4,2,linear,1,noiseless,0.0626063959604741,0.4788393748886729,0.0807618055810735
zz,real_amplitudes,4,2,linear,1,noisy,0.9228298596130564,0.5736339210877025,0.0466948356891549
zz,real_amplitudes,4,2,linear,2,noiseless,0.0762455848667146,0.4622887829742474,0.0346543982669202
zz,real_amplitudes,4,2,linear,2,noisy,1.0012417295892766,0.5768522878455412,0.0184128803727048
zz,real_amplitudes,4,2,linear,3,noiseless,0.0695388336493025,0.4398990825648765,0.1065984839941792
zz,real_amplitudes,4,2,linear,3,noisy,1.0835167031479849,0.5328839099446856,0.098784248321237
zz,real_amplitudes,4,2,linear,4,noiseless,0.1012252275500173,0.4304960776077236,0.1433270366895945
zz,real_amplitudes,4,2,linear,4,noisy,1.1646513677263444,0.4541004792807908,0.0982869814105836
zz,real_amplitudes,4,2,linear,5,noiseless,0.0763951356197315,0.4741853937706989,0.070311987444648
zz,real_amplitudes,4,2,linear,5,noisy,1.0511546820657585,0.53433518222232,0.0776689324410619
zz,real_amplitudes,4,2,linear,6,noiseless,0.0821109425082987,0.4782629304580799,0.1786463734719993
zz,real_amplitudes,4,2,linear,6,noisy,0.7256958356512745,0.5957898647496755,0.0955823581897774
zz,real_amplitudes,4,2,linear,7,noiseless,0.0628389497049116,0.4704246535112532,0.1361506061289514
zz,real_amplitudes,4,2,linear,7,noisy,1.0377930443677326,0.5641507190705447,0.1065787570610218
zz,real_amplitudes,4,2,linear,8,noiseless,0.1107461807674064,0.486967931843527,0.2156697934185276
zz,real_amplitudes,4,2,linear,8,noisy,1.135594994207636,0.5985901203962742,0.1671608005335266
zz,real_amplitudes,4,2,linear,9,noiseless,0.1060343577086067,0.4318590608238555,0.0475727287544587
zz,real_amplitudes,4,2,linear,9,noisy,1.2330441539163703,0.4926510523482977,0.0275949974615333
zz,real_amplitudes,4,2,circular,0,noiseless,0.0544693552389356,0.6122507341095941,0.0125273332361857
zz,real_amplitudes,4,2,circular,0,noisy,3.82134319381271,0.7865362293955839,0.0021729343563507
zz,real_amplitudes,4,2,circular,1,noiseless,0.0600556264536197,0.5970902380650972,0.0095827780428449
zz,real_amplitudes,4,2,circular,1,noisy,3.379143202162917,0.7460675823117691,0.0026153214608076
zz,real_amplitudes,4,2,circular,2,noiseless,0.0478208353001461,0.6082268513761151,0.0127150403911735
zz,real_amplitudes,4,2,circular,2,noisy,3.5930090796231835,0.7460348840538185,0.0033191802503839
zz,real_amplitudes,4,2,circular,3,noiseless,0.0153792967757913,0.5889132541888276,0.0100973870901894
zz,real_amplitudes,4,2,circular,3,noisy,3.41805497499533,0.7582651888373121,0.001002331230736
zz,real_amplitudes,4,2,circular,4,noiseless,0.0330877374299974,0.5753853976426021,0.0109467134643056
zz,real_amplitudes,4,2,circular,4,noisy,3.621164463170071,0.6886408844399015,0.0018870941323675
zz,real_amplitudes,4,2,circular,5,noiseless,0.0449709009902247,0.6181162006323035,0.0328914789386479
zz,real_amplitudes,4,2,circular,5,noisy,3.3960325036051033,0.7568368220324228,0.0125916015950655
zz,real_amplitudes,4,2,circular,6,noiseless,0.0280032409364208,0.636424092492355,0.009164544634531
zz,real_amplitudes,4,2,circular,6,noisy,3.5767942107867317,0.8016957189358548,0.004082537163425
zz,real_amplitudes,4,2,circular,7,noiseless,0.0710007024925357,0.6252959619673957,0.0132928425861937
zz,real_amplitudes,4,2,circular,7,noisy,3.257983540828068,0.7428615515511373,0.0041945990507683
zz,real_amplitudes,4,2,circular,8,noiseless,0.0241540536544516,0.6200824702065227,0.0244771168004264
zz,real_amplitudes,4,2,circular,8,noisy,3.4602004912814204,0.7916780740487748,0.0067613684355028
zz,real_amplitudes,4,2,circular,9,noiseless,0.0613593428050992,0.5904087725692766,0.0159285564891637
zz,real_amplitudes,4,2,circular,9,noisy,3.528921067792808,0.7439948144802175,0.0052703596031465
zz,real_amplitudes,4,2,full,0,noiseless,0.0322417408155374,0.7568178127627945,0.0509132955016954
zz,real_amplitudes,4,2,full,0,noisy,6.0472594322829885,0.898224050236976,0.0182912313935253
zz,real_amplitudes,4,2,full,1,noiseless,0.0409633595712188,0.7605685515877751,0.0575671073830613
zz,real_amplitudes,4,2,full,1,noisy,6.164145512317489,0.891114773058725,0.0144144127248469
zz,real_amplitudes,4,2,full,2,noiseless,0.0562137317395145,0.7606671411495587,0.0365176519286613
zz,real_amplitudes,4,2,full,2,noisy,6.246630872173836,0.8806971840615637,0.0044791844422635
zz,real_amplitudes,4,2,full,3,noiseless,0.0265668517851719,0.7452290449011612,0.0642505463880165
zz,real_amplitudes,4,2,full,3,noisy,6.093682025206327,0.8810628724341936,0.0103423982789832
zz,real_amplitudes,4,2,full,4,noiseless,0.0212349164060651,0.7275948401610627,0.0638574366453315
zz,real_amplitudes,4,2,full,4,noisy,5.845231148795134,0.8059506942845217,0.0220632746296115
zz,real_amplitudes,4,2,full,5,noiseless,0.0407982311984047,0.765100350784642,0.0528983532335846
zz,real_amplitudes,4,2,full,5,noisy,6.191778148416312,0.8697186710286934,0.0202254198856693
zz,real_amplitudes,4,2,full,6,noiseless,0.0233860938685243,0.7819084922091275,0.0686269172289428
zz,real_amplitudes,4,2,full,6,noisy,6.252770218216856,0.9044484307634844,0.019041238588416
zz,real_amplitudes,4,2,full,7,noiseless,0.0306529384861625,0.7661147366567285,0.0775320416984917
zz,real_amplitudes,4,2,full,7,noisy,6.397597351760149,0.8898030911905642,0.0227137883351095
zz,real_amplitudes,4,2,full,8,noiseless,0.0320017185522426,0.7498334759480474,0.0888006025378986
zz,real_amplitudes,4,2,full,8,noisy,5.9621744090546525,0.8880424105740405,0.026593395972619
zz,real_amplitudes,4,2,full,9,noiseless,0.0187361802418124,0.7427794956984971,0.0243539808538187
zz,real_amplitudes,4,2,full,9,noisy,6.231507341555168,0.8759484361038853,0.0041187241707264
zz,real_amplitudes,4,4,linear,0,noiseless,0.1157741296515132,0.4931878379444873,0.0196988084536574
zz,real_amplitudes,4,4,linear,0,noisy,2.5432331048857884,0.6863491790688062,0.0099844417585039
zz,real_amplitudes,4,4,linear,1,noiseless,0.0882215347332756,0.5173952167089234,0.0382405118864181
zz,real_amplitudes,4,4,linear,1,noisy,2.346523509649124,0.6630330542667858,0.0161998738105059
zz,real_amplitudes,4,4,linear,2,noiseless,0.1062767715405451,0.5157692170156869,0.0211623186755029
zz,real_amplitudes,4,4,linear,2,noisy,2.4728340305305583,0.6586588593225257,0.0123737120990444
zz,real_amplitudes,4,4,linear,3,noiseless,0.1247193165148761,0.4997343976974007,0.0357248994859082
zz,real_amplitudes,4,4,linear,3,noisy,2.485948172110004,0.6336190079260304,0.0190106870452111
zz,real_amplitudes,4,4,linear,4,noiseless,0.1014780591753603,0.4960555347303332,0.0680214662962022
zz,real_amplitudes,4,4,linear,4,noisy,2.6910462223060834,0.5635745286379182,0.0383912340142899
zz,real_amplitudes,4,4,linear,5,noiseless,0.2088265860464154,0.4913507586912965,0.0479229197743632
zz,real_amplitudes,4,4,linear,5,noisy,2.69314148382645,0.6181304024901617,0.0362580518334846
zz,real_amplitudes,4,4,linear,6,noiseless,0.09140522480687,0.5494884644279123,0.0739055025896656
zz,real_amplitudes,4,4,linear,6,noisy,2.6680068577078524,0.7008458845310976,0.0258967374544458
zz,real_amplitudes,4,4,linear,7,noiseless,0.152609062043489,0.5172098379010971,0.0023130267632863
zz,real_amplitudes,4,4,linear,7,noisy,2.8054276224823793,0.6477581977255983,0.0011284604340394
zz,real_amplitudes,4,4,linear,8,noiseless,0.1418126539459462,0.5163746734900384,0.0141911970102357
zz,real_amplitudes,4,4,linear,8,noisy,2.689714945737903,0.6810998786590137,0.0088052744451832
zz,real_amplitudes,4,4,linear,9,noiseless,0.1382421327165026,0.4981120150121362,0.0278167368888696
zz,real_amplitudes,4,4,linear,9,noisy,2.74212337490329,0.6398395164498457,0.0170037511920869
zz,real_amplitudes,4,4,circular,0,noiseless,0.0484914737711869,0.6355122809507258,0.0223170307851542
zz,real_amplitudes,4,4,circular,0,noisy,9.888130025334174,0.8955240764690787,0.0017410505301525
zz,real_amplitudes,4,4,circular,1,noiseless,0.0349909863106164,0.6310094235487217,0.0172772521066251
zz,real_amplitudes,4,4,circular,1,noisy,9.980731569573768,0.8796487769556964,0.0011652536505707
zz,real_amplitudes,4,4,circular,2,noiseless,0.0737048070663125,0.6457863433039468,0.0253145191751732
zz,real_amplitudes,4,4,circular,2,noisy,10.624502293069556,0.8858182447490505,0.0013296671652027
zz,real_amplitudes,4,4,circular,3,noiseless,0.0464068244933285,0.6025652901323215,0.029469742978737
zz,real_amplitudes,4,4,circular,3,noisy,10.405601037836387,0.8617777913014731,0.0016632636601656
zz,real_amplitudes,4,4,circular,4,noiseless,0.0612963429857875,0.6239005533862357,0.0238740120829653
zz,real_amplitudes,4,4,circular,4,noisy,10.25912855213084,0.8348583537490342,0.0010118210044902
zz,real_amplitudes,4,4,circular,5,noiseless,0.1045848002328083,0.638670365663439,0.0253418386142988
zz,real_amplitudes,4,4,circular,5,noisy,10.46602150916106,0.8694775907128597,0.0018155557342851
zz,real_amplitudes,4,4,circular,6,noiseless,0.0699070927948417,0.6624014106530646,0.034397401404187
zz,real_amplitudes,4,4,circular,6,noisy,10.5062116711117,0.9054333171266808,0.0023001354130409
zz,real_amplitudes,4,4,circular,7,noiseless,0.0709366559239762,0.6451362513454109,0.0188426304495922
zz,real_amplitudes,4,4,circular,7,noisy,10.431635979999964,0.8812650868359445,0.0017910887341004
zz,real_amplitudes,4,4,circular,8,noiseless,0.0436264483186054,0.6373707819057625,0.0048458617821953
zz,real_amplitudes,4,4,circular,8,noisy,10.390654349221457,0.9114799233625502,0.0002998819365873
zz,real_amplitudes,4,4,circular,9,noiseless,0.0930579102763747,0.6274904457762531,0.026248431200316
zz,real_amplitudes,4,4,circular,9,noisy,10.568691835006028,0.8809482897425727,0.0014708952517842
zz,real_amplitudes,4,4,full,0,noiseless,0.0312500807457889,0.7483920378601667,0.0371941595271332
zz,real_amplitudes,4,4,full,0,noisy,15.692422345496103,0.9535109297540988,0.000402129028388
zz,real_amplitudes,4,4,full,1,noiseless,0.0439948784745009,0.7323904589594343,0.0309996484279244
zz,real_amplitudes,4,4,full,1,noisy,15.81879950656441,0.9537750799866852,0.0006036337099757
zz,real_amplitudes,4,4,full,2,noiseless,0.0632318033760868,0.7492871315572432,0.0378553746530407
zz,real_amplitudes,4,4,full,2,noisy,15.84486533934401,0.9485867107396816,0.0010210311251691
zz,real_amplitudes,4,4,full,3,noiseless,0.0189719130070123,0.7348003193382859,0.0375261088967027
zz,real_amplitudes,4,4,full,3,noisy,16.005051868471988,0.9509469550572366,0.0007359453341792
zz,real_amplitudes,4,4,full,4,noiseless,0.0486502279988133,0.7181746969593023,0.0420225483192734
zz,real_amplitudes,4,4,full,4,noisy,15.843415948684529,0.9133937057937572,0.0007735215490936
zz,real_amplitudes,4,4,full,5,noiseless,0.0437814213235796,0.7206873319855142,0.0292413535446104
zz,real_amplitudes,4,4,full,5,noisy,15.5623704462454,0.9445258025586092,0.0010541023186158
zz,real_amplitudes,4,4,full,6,noiseless,0.0317516112088011,0.7547181714762746,0.0354598883525659
zz,real_amplitudes,4,4,full,6,noisy,16.138597967953263,0.9534952456866136,0.0008776621294626
zz,real_amplitudes,4,4,full,7,noiseless,0.0287232476515763,0.743450063938083,0.0193627263802414
zz,real_amplitudes,4,4,full,7,noisy,16.0895586566926,0.9470203610004172,0.0002466250931909
zz,real_amplitudes,4,4,full,8,noiseless,0.0503385465360673,0.7369916359781555,0.0426187513683732
zz,real_amplitudes,4,4,full,8,noisy,16.05953466197938,0.957852910452532,0.000928986210367
zz,real_amplitudes,4,4,full,9,noiseless,0.0411517303052318,0.746396076502188,0.0330793252023506
zz,real_amplitudes,4,4,full,9,noisy,15.763437256229292,0.9467591633856596,0.0005716178772867
zz,real_amplitudes,4,8,linear,0,noiseless,0.1219401501725481,0.542490803089258,0.0273268678191216
zz,real_amplitudes,4,8,linear,0,noisy,6.127559360304048,0.801929791244213,0.0046662451615782
zz,real_amplitudes,4,8,linear,1,noiseless,0.0853018989396584,0.5608620696841294,0.033970802973066
zz,real_amplitudes,4,8,linear,1,noisy,6.117236526000894,0.8080945124512937,0.0055066955860476
zz,real_amplitudes,4,8,linear,2,noiseless,0.0696610434474712,0.5432307817909483,0.0189089849490944
zz,real_amplitudes,4,8,linear,2,noisy,5.9803990950508465,0.7877317605287087,0.0026814236266987
zz,real_amplitudes,4,8,linear,3,noiseless,0.1141231927037453,0.5334653679684923,0.0324086123467947
zz,real_amplitudes,4,8,linear,3,noisy,6.192548162796806,0.7760109460550133,0.0076815706397259
zz,real_amplitudes,4,8,linear,4,noiseless,0.1185290868478086,0.5321500710302773,0.0343805337537659
zz,real_amplitudes,4,8,linear,4,noisy,6.221177750563773,0.7242195592397468,0.0065330771283803
zz,real_amplitudes,4,8,linear,5,noiseless,0.130788696158005,0.537410989281797,0.0361074475599539
zz,real_amplitudes,4,8,linear,5,noisy,5.5945571381575325,0.7393418896074534,0.0089235307049676
zz,real_amplitudes,4,8,linear,6,noiseless,0.1352318298271141,0.5698315773896787,0.0208529328292607
zz,real_amplitudes,4,8,linear,6,noisy,6.168908432721537,0.8123931389935388,0.0037993529188911
zz,real_amplitudes,4,8,linear,7,noiseless,0.1658762756200251,0.5612662792618793,0.0335810286023037
zz,real_amplitudes,4,8,linear,7,noisy,5.875774614813435,0.7927736867669961,0.0080547173215161
zz,real_amplitudes,4,8,linear,8,noiseless,0.132317746692242,0.5706394277106603,0.0281854007250586
zz,real_amplitudes,4,8,linear,8,noisy,6.157627510526979,0.8078855341021127,0.0049598725721324
zz,real_amplitudes,4,8,linear,9,noiseless,0.1785982385957341,0.5153114480822345,0.0311838308254436
zz,real_amplitudes,4,8,linear,9,noisy,5.95514079054197,0.7308308914089239,0.0065807815886366
zz,real_amplitudes,4,8,circular,0,noiseless,0.0601352681825321,0.6803740956932965,0.0365860450174276
zz,real_amplitudes,4,8,circular,0,noisy,26.437142246381967,0.9752382446729284,5.6352887104066256e-05
zz,real_amplitudes,4,8,circular,1,noiseless,0.0639558542323706,0.6599663100360673,0.0263184090278567
zz,real_amplitudes,4,8,circular,1,noisy,26.41573941925112,0.973587426623706,5.67590456589625e-05
zz,real_amplitudes,4,8,circular,2,noiseless,0.0670989417365168,0.6641151711138273,0.0401363900851804
zz,real_amplitudes,4,8,circular,2,noisy,27.22244328816185,0.9685308374852478,6.247522994734758e-05
zz,real_amplitudes,4,8,circular,3,noiseless,0.0622912299818961,0.6525827938910459,0.0320123304600096
zz,real_amplitudes,4,8,circular,3,noisy,26.65201365029155,0.9720647654170868,7.413846496788313e-05
zz,real_amplitudes,4,8,circular,4,noiseless,0.081883374062704,0.6556106042897322,0.0311044884804073
zz,real_amplitudes,4,8,circular,4,noisy,26.499285274111394,0.9530504452144412,9.387438546621128e-05
zz,real_amplitudes,4,8,circular,5,noiseless,0.0759689764419096,0.6684004291931751,0.0284089717428765
zz,real_amplitudes,4,8,circular,5,noisy,26.624558126271644,0.9656958315942196,7.262445527209433e-05
zz,real_amplitudes,4,8,circular,6,noiseless,0.0741448245519497,0.7052179592918213,0.0442888898754888
zz,real_amplitudes,4,8,circular,6,noisy,27.242858668068088,0.978845986473728,0.0001301493862156
zz,real_amplitudes,4,8,circular,7,noiseless,0.0723757021207072,0.6876145414567806,0.0356848211625057
zz,real_amplitudes,4,8,circular,7,noisy,27.261569784464353,0.9736215039749926,0.0001061810195085
zz,real_amplitudes,4,8,circular,8,noiseless,0.0628195789729514,0.6821384786811295,0.0408509235786907
zz,real_amplitudes,4,8,circular,8,noisy,26.76518778886903,0.9788794904715432,0.000103950310702
zz,real_amplitudes,4,8,circular,9,noiseless,0.0886796715719796,0.6659025532243658,0.028661652258486
zz,real_amplitudes,4,8,circular,9,noisy,26.8777071186838,0.9710828170561348,8.008478486037056e-05
zz,real_amplitudes,4,8,full,0,noiseless,0.0477653580696441,0.7676402756119016,0.0307598793567321
zz,real_amplitudes,4,8,full,0,noisy,39.73934662885708,0.9936865111302406,2.8198972721288645e-05
zz,real_amplitudes,4,8,full,1,noiseless,0.0272926997626106,0.736355569380662,0.022485404473975
zz,real_amplitudes,4,8,full,1,noisy,39.33487804765364,0.9928037387583228,8.156917121044096e-06
zz,real_amplitudes,4,8,full,2,noiseless,0.0568989002273037,0.7707694779628187,0.0279922007235645
zz,real_amplitudes,4,8,full,2,noisy,39.82556854286078,0.99169481903806,2.1343103626026128e-05
zz,real_amplitudes,4,8,full,3,noiseless,0.0754154902262954,0.7436141306627273,0.0279748663980496
zz,real_amplitudes,4,8,full,3,noisy,39.82398627817395,0.9924821719249112,1.5525340673613574e-05
zz,real_amplitudes,4,8,full,4,noiseless,0.0536884308644024,0.7434000931555272,0.0272741349622282
zz,real_amplitudes,4,8,full,4,noisy,39.24890868745962,0.982840548572133,1.4488821410516192e-05
zz,real_amplitudes,4,8,full,5,noiseless,0.0690628570327071,0.7567701547687006,0.0276924971030466
zz,real_amplitudes,4,8,full,5,noisy,39.01958693456091,0.990574183192366,1.5533677856735524e-05
zz,real_amplitudes,4,8,full,6,noiseless,0.0452902390271751,0.7568056667879222,0.0316184267961928
zz,real_amplitudes,4,8,full,6,noisy,40.1781008136007,0.993034772678504,1.8742219974909667e-05
zz,real_amplitudes,4,8,full,7,noiseless,0.0570193632731899,0.7607119011011122,0.0297169814470731
zz,real_amplitudes,4,8,full,7,noisy,40.17333168957072,0.992594519810629,2.0388803697109978e-05
zz,real_amplitudes,4,8,full,8,noiseless,0.0566514547456211,0.7499097066540767,0.0089371985605372
zz,real_amplitudes,4,8,full,8,noisy,39.52896981107135,0.9931108923079188,1.288633697661046e-05
zz,real_amplitudes,4,8,full,9,noiseless,0.063162444167292,0.744866680787978,0.0345991494226111
zz,real_amplitudes,4,8,full,9,noisy,39.45102401815665,0.9905329921352236,1.9772239667107584e-05
zz,real_amplitudes,8,1,linear,0,noiseless,0.0574871353007247,0.6525315813764965,0.0625946172903389
zz,real_amplitudes,8,1,linear,0,noisy,13.552810088379555,0.7961218152069128,0.0436379269556473
zz,real_amplitudes,8,1,linear,1,noiseless,0.0977847345486617,0.6599760981514831,0.1217443615991496
zz,real_amplitudes,8,1,linear,1,noisy,13.471299595536038,0.7819317348288608,0.0993951268339633
zz,real_amplitudes,8,1,linear,2,noiseless,0.1213318459020035,0.663691587363384,0.0689540884574516
zz,real_amplitudes,8,1,linear,2,noisy,16.88611120842693,0.8419794625737269,0.0813068077700268
zz,real_amplitudes,8,1,linear,3,noiseless,0.138032432571781,0.6591530638685239,0.1256650908175969
zz,real_amplitudes,8,1,linear,3,noisy,18.691074359128613,0.7839671961131521,0.0931053460576692
zz,real_amplitudes,8,1,linear,4,noiseless,0.0860779868928297,0.653188521932035,0.2013229553894601
zz,real_amplitudes,8,1,linear,4,noisy,14.474628654232674,0.7671901701275494,0.1842948042548341
zz,real_amplitudes,8,1,linear,5,noiseless,0.1579078610146388,0.6681750755772334,0.1326759261174299
zz,real_amplitudes,8,1,linear,5,noisy,15.413151366645906,0.8312691042184366,0.1274642315878839
zz,real_amplitudes,8,1,linear,6,noiseless,0.1202136196215805,0.6807395120006885,0.1276300011320127
zz,real_amplitudes,8,1,linear,6,noisy,18.626625220192032,0.853001344370375,0.1112357275452462
zz,real_amplitudes,8,1,linear,7,noiseless,0.0431313958781605,0.6596039899108632,0.0026937380471
zz,real_amplitudes,8,1,linear,7,noisy,12.579521770788682,0.8333045058967691,0.0011351162476177
zz,real_amplitudes,8,1,linear,8,noiseless,0.128987278767918,0.6472814477583172,0.0198922877835487
zz,real_amplitudes,8,1,linear,8,noisy,16.953296410160437,0.829540325148534,0.0172092854332526
zz,real_amplitudes,8,1,linear,9,noiseless,0.0660203700045881,0.6522419166860197,0.097109202092161
zz,real_amplitudes,8,1,linear,9,noisy,12.134663341875516,0.8014175558455874,0.1019141668973137
zz,real_amplitudes,8,1,circular,0,noiseless,0.0205085177968698,0.711940392892233,0.0166857956593667
zz,real_amplitudes,8,1,circular,0,noisy,28.459320579868283,0.8595465238044309,7.100477051755854e-28
zz,real_amplitudes,8,1,circular,1,noiseless,0.0489341921244525,0.7236336234799613,0.0974487320150598
zz,real_amplitudes,8,1,circular,1,noisy,28.961990402922975,0.8346979444061912,2.492860486820218e-27
zz,real_amplitudes,8,1,circular,2,noiseless,0.2127087352876648,0.7190611211506678,0.0645637185957669
zz,real_amplitudes,8,1,circular,2,noisy,31.07938945474178,0.8533890787022773,4.418026719947902e-28
zz,real_amplitudes,8,1,circular,3,noiseless,0.0722538681599694,0.7160471260466426,0.1082218747700154
zz,real_amplitudes,8,1,circular,3,noisy,30.955734322369818,0.8614026813683952,1.970190333977121e-28
zz,real_amplitudes,8,1,circular,4,noiseless,0.107537097677878,0.7140336059591403,0.0504295002720737
zz,real_amplitudes,8,1,circular,4,noisy,30.601898858654582,0.8216109554330916,3.952605943238405e-28
zz,real_amplitudes,8,1,circular,5,noiseless,0.0901113942060543,0.721163917048101,0.0987591837110581
zz,real_amplitudes,8,1,circular,5,noisy,31.538756425367872,0.8526100304169605,5.744081756213828e-28
zz,real_amplitudes,8,1,circular,6,noiseless,0.0656686797323317,0.7397879356036939,0.0758375481764551
zz,real_amplitudes,8,1,circular,6,noisy,27.92729578567042,0.9052020788778772,4.287210388950167e-29
zz,real_amplitudes,8,1,circular,7,noiseless,0.0472398171195325,0.7227285451587544,0.1075932017135529
zz,real_amplitudes,8,1,circular,7,noisy,26.869263676013592,0.8756377528482643,3.7862276854295544e-29
zz,real_amplitudes,8,1,circular,8,noiseless,0.1074205444227457,0.7100161769295034,0.0872694519709557
zz,real_amplitudes,8,1,circular,8,noisy,27.933565583816105,0.8645193749624969,8.636029001748617e-29
zz,real_amplitudes,8,1,circular,9,noiseless,0.0635213619700272,0.7134840123188332,0.0499513499742855
zz,real_amplitudes,8,1,circular,9,noisy,24.98016432254955,0.8411840872277799,1.5685457917650503e-27
zz,real_amplitudes,8,1,full,0,noiseless,0.0068086992470438,0.9650179778320678,0.0026205563498855
zz,real_amplitudes,8,1,full,0,noisy,313.24165148024053,0.9897058044240096,2.788271764243372e-33
zz,real_amplitudes,8,1,full,1,noiseless,0.0112568411011437,0.9648538793189558,0.0027248981194427
zz,real_amplitudes,8,1,full,1,noisy,306.72932509733755,0.9901915989593816,2.5038729744705874e-33
zz,real_amplitudes,8,1,full,2,noiseless,0.0112568411011437,0.9640332289725524,0.0020305236118239
zz,real_amplitudes,8,1,full,2,noisy,310.52358266787604,0.9858998866038732,1.9531554384361474e-33
zz,real_amplitudes,8,1,full,3,noiseless,0.0087783250563018,0.962448652782945,0.0027712784461523
zz,real_amplitudes,8,1,full,3,noisy,309.64932000529063,0.9878885867400448,2.936079573288021e-33
zz,real_amplitudes,8,1,full,4,noiseless,0.0198489155010859,0.9545258001664588,0.0022947969875797
zz,real_amplitudes,8,1,full,4,noisy,303.6174849046716,0.9820845586279296,2.095046697070044e-33
zz,real_amplitudes,8,1,full,5,noiseless,4.4068110169011255e-05,0.9605182983725749,0.0025648097604067
zz,real_amplitudes,8,1,full,5,noisy,310.3725407958651,0.9861632718758956,3.566786313000123e-33
zz,real_amplitudes,8,1,full,6,noiseless,0.0438186303292107,0.963915507928506,0.0039740497423467
zz,real_amplitudes,8,1,full,6,noisy,323.14303695908023,0.9987951686908906,2.0523151264289517e-33
zz,real_amplitudes,8,1,full,7,noiseless,0.0028232334164751,0.9640846058148004,0.0023650863252286
zz,real_amplitudes,8,1,full,7,noisy,316.27027569248315,0.993756205114131,2.702790441981896e-33
zz,real_amplitudes,8,1,full,8,noiseless,0.004529523285591,0.9579790709031962,0.002249964711985
zz,real_amplitudes,8,1,full,8,noisy,309.85524436903205,0.9888785655948046,3.0430154959987717e-33
zz,real_amplitudes,8,1,full,9,noiseless,0.0246761408613411,0.9519485539801082,0.0032693460464175
zz,real_amplitudes,8,1,full,9,noisy,300.8102046224113,0.9887705486819058,2.2809791837844287e-33
zz,real_amplitudes,8,2,linear,0,noiseless,0.1794184107903918,0.5444714683190842,0.0329511484084349
zz,real_amplitudes,8,2,linear,0,noisy,36.45015460731732,0.7747746086507346,0.0334858264133184
zz,real_amplitudes,8,2,linear,1,noiseless,0.1082668308603216,0.5566571383213096,0.0709858982513197
zz,real_amplitudes,8,2,linear,1,noisy,34.339676913597934,0.7783722145683243,0.0752147598411769
zz,real_amplitudes,8,2,linear,2,noiseless,0.0929579207355794,0.5342652358389346,0.0294342285738741
zz,real_amplitudes,8,2,linear,2,noisy,37.86915646735985,0.7962888413857743,0.0159808703935171
zz,real_amplitudes,8,2,linear,3,noiseless,0.1634101440853168,0.5369677285603669,0.1006023999750099
zz,real_amplitudes,8,2,linear,3,noisy,35.97131602323682,0.751988744269137,0.1200838402112016
zz,real_amplitudes,8,2,linear,4,noiseless,0.1374791836335288,0.5245782339676438,0.1392339633593363
zz,real_amplitudes,8,2,linear,4,noisy,33.54655956127575,0.7537812211822963,0.1415569088832161
zz,real_amplitudes,8,2,linear,5,noiseless,0.132053179758627,0.5459436755966194,0.072063030048372
zz,real_amplitudes,8,2,linear,5,noisy,36.35038486220624,0.8078950344330889,0.0657883123164357
zz,real_amplitudes,8,2,linear,6,noiseless,0.1336007017867893,0.5459661180848964,0.1686904561922934
zz,real_amplitudes,8,2,linear,6,noisy,40.365091427871306,0.7992820289395074,0.0955068900824781
zz,real_amplitudes,8,2,linear,7,noiseless,0.1396619011026016,0.5379200736183449,0.1288257937113096
zz,real_amplitudes,8,2,linear,7,noisy,34.68181243883426,0.8003972244026898,0.1503630932242065
zz,real_amplitudes,8,2,linear,8,noiseless,0.210570824062742,0.5494513461209624,0.2029861211671557
zz,real_amplitudes,8,2,linear,8,noisy,34.06301299578641,0.801470741281193,0.1508519927136863
zz,real_amplitudes,8,2,linear,9,noiseless,0.1152911874335063,0.521932500963512,0.0487743514086608
zz,real_amplitudes,8,2,linear,9,noisy,33.09501472897522,0.7583282726531844,0.0406634304968395
zz,real_amplitudes,8,2,circular,0,noiseless,0.1342691978622249,0.6235151374750402,0.0004719884315089
zz,real_amplitudes,8,2,circular,0,noisy,170.7172747148719,0.9101097953591156,3.618014121969488e-08
zz,real_amplitudes,8,2,circular,1,noiseless,0.0407675758439969,0.6400511482636143,0.0054111064796884
zz,real_amplitudes,8,2,circular,1,noisy,160.90929014183203,0.9108115609016938,6.233511790541641e-08
zz,real_amplitudes,8,2,circular,2,noiseless,0.0673476421782823,0.6131293761340727,0.0016782390145067
zz,real_amplitudes,8,2,circular,2,noisy,158.47770363018435,0.9164471546082876,9.844701157957509e-09
zz,real_amplitudes,8,2,circular,3,noiseless,0.056247192181918,0.6166975827963063,0.0148289302689772
zz,real_amplitudes,8,2,circular,3,noisy,169.17297751264428,0.9022621268610312,1.7883660436820207e-07
zz,real_amplitudes,8,2,circular,4,noiseless,0.1054355020439196,0.6151363903909455,0.0027162315463416
zz,real_amplitudes,8,2,circular,4,noisy,155.56916367725404,0.8919198383881037,8.298963354247695e-08
zz,real_amplitudes,8,2,circular,5,noiseless,0.0636248325406337,0.6139549070276373,0.0036463997641985
zz,real_amplitudes,8,2,circular,5,noisy,162.76781742154853,0.9277450343597278,1.8584355014135197e-07
zz,real_amplitudes,8,2,circular,6,noiseless,0.0598683606130628,0.6296687273922074,0.0085063018955036
zz,real_amplitudes,8,2,circular,6,noisy,170.36449403471752,0.934178360901254,2.993689066495258e-07
zz,real_amplitudes,8,2,circular,7,noiseless,0.0531929878908644,0.6235150620878105,0.0001159246855069
zz,real_amplitudes,8,2,circular,7,noisy,161.01372924457988,0.927765213268113,3.3979148804821964e-08
zz,real_amplitudes,8,2,circular,8,noiseless,0.0690538393310222,0.6247110286705868,0.02511078262555
zz,real_amplitudes,8,2,circular,8,noisy,159.99744233861324,0.9246114697589312,4.027623106170006e-07
zz,real_amplitudes,8,2,circular,9,noiseless,0.0803171813246299,0.6082053453738394,0.0074162685022493
zz,real_amplitudes,8,2,circular,9,noisy,157.07081506848692,0.9035725450543536,3.516900054739994e-08
zz,real_amplitudes,8,2,full,0,noiseless,0.0014558860827622,0.9586538464200988,0.0022038470419063
zz,real_amplitudes,8,2,full,0,noisy,inf,0.999971948488766,1.517056438235885e-34
zz,real_amplitudes,8,2,full,1,noiseless,0.0139397734553261,0.9571805271698982,0.0027493538417144
zz,real_amplitudes,8,2,full,1,noisy,inf,0.9999665764324686,1.2589931104337635e-34
zz,real_amplitudes,8,2,full,2,noiseless,0.0112568411011437,0.9573813596658411,0.0020807988451798
zz,real_amplitudes,8,2,full,2,noisy,inf,0.9999680970905244,1.0348028278449371e-34
zz,real_amplitudes,8,2,full,3,noiseless,0.0065265640766859,0.954796246645456,0.0025735117857147
zz,real_amplitudes,8,2,full,3,noisy,inf,0.999970202147936,1.4393985794431621e-34
zz,real_amplitudes,8,2,full,4,noiseless,0.0112568411011437,0.9465581057020042,0.0046349565231391
zz,real_amplitudes,8,2,full,4,noisy,inf,0.9999631784067388,8.018626877505228e-35
zz,real_amplitudes,8,2,full,5,noiseless,0.0198489155010859,0.9536486952445375,0.0018225453540784
zz,real_amplitudes,8,2,full,5,noisy,inf,0.9999635972828488,1.10328242674644e-34
zz,real_amplitudes,8,2,full,6,noiseless,0.0178214954602866,0.9564438751950598,0.0031553162403757
zz,real_amplitudes,8,2,full,6,noisy,inf,0.9999751154501892,1.571106190928628e-34
zz,real_amplitudes,8,2,full,7,noiseless,0.0112568411011437,0.9549474828606748,0.0016537327493216
zz,real_amplitudes,8,2,full,7,noisy,inf,0.9999700161925772,1.2487114531785711e-34
zz,real_amplitudes,8,2,full,8,noiseless,0.016808865243574,0.95010282623672,0.0025136584462558
zz,real_amplitudes,8,2,full,8,noisy,inf,0.999971757189362,7.271639400702695e-35
zz,real_amplitudes,8,2,full,9,noiseless,0.0087783250563018,0.9448888023609936,0.0019321668221515
zz,real_amplitudes,8,2,full,9,noisy,inf,0.9999652462117312,7.261524924866282e-35
zz,real_amplitudes,8,4,linear,0,noiseless,0.2070871205595746,0.5957123158098604,0.0104217011045506
zz,real_amplitudes,8,4,linear,0,noisy,87.25639922343349,0.83069426657024,0.0021918891969439
zz,real_amplitudes,8,4,linear,1,noiseless,0.2761986028591742,0.611353180638909,0.028018004790989
zz,real_amplitudes,8,4,linear,1,noisy,80.88539651232537,0.8384728454483393,0.0110433678310426
zz,real_amplitudes,8,4,linear,2,noiseless,0.212633436931833,0.5936140947881025,0.0086001296761112
zz,real_amplitudes,8,4,linear,2,noisy,82.9588885436876,0.8733334746547107,0.0041543682796522
zz,real_amplitudes,8,4,linear,3,noiseless,0.2715586287828131,0.601395453589115,0.0438973108095763
zz,real_amplitudes,8,4,linear,3,noisy,80.95387092936849,0.8361199524776853,0.0171785706091947
zz,real_amplitudes,8,4,linear,4,noiseless,0.2162155392103562,0.5853347579686847,0.0488365411079273
zz,real_amplitudes,8,4,linear,4,noisy,84.61899522342087,0.8102464881645878,0.0407763678216114
zz,real_amplitudes,8,4,linear,5,noiseless,0.238728808527859,0.5982074305486441,0.0490277309732301
zz,real_amplitudes,8,4,linear,5,noisy,81.66978539940915,0.8509670177792297,0.0265807024742528
zz,real_amplitudes,8,4,linear,6,noiseless,0.2826892155069569,0.617664572279558,0.0836663152802685
zz,real_amplitudes,8,4,linear,6,noisy,97.67316623701838,0.883384142303455,0.0330389138356232
zz,real_amplitudes,8,4,linear,7,noiseless,0.1368067917843913,0.5910149980534234,0.0012151934930394
zz,real_amplitudes,8,4,linear,7,noisy,76.9041108695146,0.8631702101380838,0.0007583684620084
zz,real_amplitudes,8,4,linear,8,noiseless,0.1953523451942109,0.5985755197273861,0.0115219199858645
zz,real_amplitudes,8,4,linear,8,noisy,83.56312756389704,0.8535152318633663,0.0083076002128152
zz,real_amplitudes,8,4,linear,9,noiseless,0.2139087433333339,0.5944536413941934,0.0236510558501416
zz,real_amplitudes,8,4,linear,9,noisy,77.6807187636041,0.8564030553183707,0.014683135993196
zz,real_amplitudes,8,4,circular,0,noiseless,0.0866910451425488,0.681239276993785,0.0021149916246422
zz,real_amplitudes,8,4,circular,0,noisy,369.6677760969072,0.9628071184029644,1.8245853033166348e-11
zz,real_amplitudes,8,4,circular,1,noiseless,0.1126965175250024,0.700296163039639,0.003619197248056
zz,real_amplitudes,8,4,circular,1,noisy,inf,0.9567053341402196,7.679148347883082e-10
zz,real_amplitudes,8,4,circular,2,noiseless,0.1173538170625138,0.6788118980408561,0.0019795802034396
zz,real_amplitudes,8,4,circular,2,noisy,inf,0.9728788577124192,1.4364970372921929e-11
zz,real_amplitudes,8,4,circular,3,noiseless,0.1291481649407412,0.6723918310940568,0.0017569440237724
zz,real_amplitudes,8,4,circular,3,noisy,358.17817408968347,0.970642942527652,6.693742696820686e-10
zz,real_amplitudes,8,4,circular,4,noiseless,0.0736578794325525,0.6793171318551101,0.0014711524315852
zz,real_amplitudes,8,4,circular,4,noisy,371.69636612412273,0.9580539256551194,3.526272383036387e-10
zz,real_amplitudes,8,4,circular,5,noiseless,0.1009182744777542,0.6721279490859436,0.0048353921789344
zz,real_amplitudes,8,4,circular,5,noisy,357.76718631053063,0.9558986360164976,3.529702000893641e-10
zz,real_amplitudes,8,4,circular,6,noiseless,0.0329775085720126,0.6962422785782632,0.0046355804278476
zz,real_amplitudes,8,4,circular,6,noisy,inf,0.9664564940160568,1.8136983070314613e-09
zz,real_amplitudes,8,4,circular,7,noiseless,0.1473309096663045,0.6785991577612578,0.0017242285956838
zz,real_amplitudes,8,4,circular,7,noisy,376.4133399566125,0.9629327237069182,9.979573941831151e-10
zz,real_amplitudes,8,4,circular,8,noiseless,0.1068994523453297,0.6815436459469169,0.002793110375078
zz,real_amplitudes,8,4,circular,8,noisy,368.0901742373272,0.9696863734827824,1.0450694138208778e-09
zz,real_amplitudes,8,4,circular,9,noiseless,0.1186011549345974,0.6785431140343036,0.0037545749905618
zz,real_amplitudes,8,4,circular,9,noisy,inf,0.9558463127872494,3.393351097912368e-11
zz,real_amplitudes,8,4,full,0,noiseless,0.0002764670882521,0.9613718842446156,0.0025690641188139
zz,real_amplitudes,8,4,full,0,noisy,inf,0.9999689107109392,1.5679229297615986e-29
zz,real_amplitudes,8,4,full,1,noiseless,0.0014558860827622,0.9606858781676286,0.0019856949706865
zz,real_amplitudes,8,4,full,1,noisy,inf,0.9999675002409808,8.198036250573742e-30
zz,real_amplitudes,8,4,full,2,noiseless,0.0014558860827622,0.960906786700448,0.001940620966708
zz,real_amplitudes,8,4,full,2,noisy,inf,0.9999683162372676,1.5790665592821201e-29
zz,real_amplitudes,8,4,full,3,noiseless,0.0014558860827622,0.9566857071544008,0.0020202043663052
zz,real_amplitudes,8,4,full,3,noisy,inf,0.9999697390641764,7.771253319580019e-30
zz,real_amplitudes,8,4,full,4,noiseless,0.0014558860827622,0.9532010716088116,0.0020527024158531
zz,real_amplitudes,8,4,full,4,noisy,inf,0.9999641262058644,1.5170595525122522e-29
zz,real_amplitudes,8,4,full,5,noiseless,0.0014558860827622,0.9576128821311676,0.0023079036469906
zz,real_amplitudes,8,4,full,5,noisy,inf,0.999964255642618,7.759764749360997e-30
zz,real_amplitudes,8,4,full,6,noiseless,0.0028232334164751,0.9607074420059628,0.0018839974784313
zz,real_amplitudes,8,4,full,6,noisy,inf,0.9999706039007162,9.873935568204102e-30
zz,real_amplitudes,8,4,full,7,noiseless,0.0028232334164751,0.9587896644327704,0.0027327856054895
zz,real_amplitudes,8,4,full,7,noisy,inf,0.9999679741760268,1.7592878853774038e-29
zz,real_amplitudes,8,4,full,8,noiseless,0.0004952894268517,0.9527901225348084,0.0021936452276444
zz,real_amplitudes,8,4,full,8,noisy,inf,0.9999696329970718,7.623435531267506e-30
zz,real_amplitudes,8,4,full,9,noiseless,0.0004952894268517,0.9507782190013064,0.0020666228847883
zz,real_amplitudes,8,4,full,9,noisy,inf,0.9999667645492962,7.241408945201301e-30
zz,real_amplitudes,8,8,linear,0,noiseless,0.1671314146533332,0.653487487674399,0.0045057295743198
zz,real_amplitudes,8,8,linear,0,noisy,181.56576147773777,0.9032334010673424,6.6160238326097e-05
zz,real_amplitudes,8,8,linear,1,noiseless,0.1725524372556413,0.6685935256409461,0.0105421947861173
zz,real_amplitudes,8,8,linear,1,noisy,188.14778152977715,0.921641472262165,0.0008521485454879
zz,real_amplitudes,8,8,linear,2,noiseless,0.1750357804931861,0.6402635612683757,0.0029565537396101
zz,real_amplitudes,8,8,linear,2,noisy,192.5889179591683,0.9229673777291398,3.485191861023139e-05
zz,real_amplitudes,8,8,linear,3,noiseless,0.2553846043130445,0.6639867118666435,0.0071259634318507
zz,real_amplitudes,8,8,linear,3,noisy,198.28495020727505,0.9046897070077248,0.0033977391678529
zz,real_amplitudes,8,8,linear,4,noiseless,0.2020841479882385,0.6354003526096037,0.0096336019353101
zz,real_amplitudes,8,8,linear,4,noisy,177.7637374495939,0.8969915744845645,0.0013845722384542
zz,real_amplitudes,8,8,linear,5,noiseless,0.1801707975917947,0.6616325897446245,0.0114640573370648
zz,real_amplitudes,8,8,linear,5,noisy,196.21049600485935,0.9200096485174852,0.0014918869355584
zz,real_amplitudes,8,8,linear,6,noiseless,0.208921716710573,0.6698790387639971,0.0073689839854078
zz,real_amplitudes,8,8,linear,6,noisy,206.1734053693472,0.929322680846754,0.0012035322881459
zz,real_amplitudes,8,8,linear,7,noiseless,0.1624398383512253,0.6462599294808618,0.0128228130342151
zz,real_amplitudes,8,8,linear,7,noisy,180.35766182386203,0.9258630143778268,0.0068361303439481
zz,real_amplitudes,8,8,linear,8,noiseless,0.1281336921429339,0.6582161363179786,0.0041819562805424
zz,real_amplitudes,8,8,linear,8,noisy,187.15590000272397,0.924752566710845,0.0025323370075889
zz,real_amplitudes,8,8,linear,9,noiseless,0.2376138574029758,0.6416299064882145,0.0073277607695263
zz,real_amplitudes,8,8,linear,9,noisy,192.62092643754173,0.904200930026948,0.0008915830387675
zz,real_amplitudes,8,8,circular,0,noiseless,0.0714508896327527,0.758610921382892,0.002281482961177
zz,real_amplitudes,8,8,circular,0,noisy,inf,0.9988364163842254,9.52887707675866e-15
zz,real_amplitudes,8,8,circular,1,noiseless,0.0714508896327527,0.7716319551321763,0.00203123122094
zz,real_amplitudes,8,8,circular,1,noisy,inf,0.998182807622879,1.0123905804771918e-15
zz,real_amplitudes,8,8,circular,2,noiseless,0.0583172777884732,0.7461132743424743,0.0018510320845468
zz,real_amplitudes,8,8,circular,2,noisy,inf,0.997497035592107,1.203028383717049e-15
zz,real_amplitudes,8,8,circular,3,noiseless,0.0690538393310222,0.7548136453627758,0.0016264377689158
zz,real_amplitudes,8,8,circular,3,noisy,inf,0.998517754004427,1.5862286564655034e-15
zz,real_amplitudes,8,8,circular,4,noiseless,0.096020083469864,0.7466111993608082,0.0019932954818705
zz,real_amplitudes,8,8,circular,4,noisy,inf,0.9975662510874532,7.987565500843418e-16
zz,real_amplitudes,8,8,circular,5,noiseless,0.1242961285770438,0.7520958793951089,0.0017605694045688
zz,real_amplitudes,8,8,circular,5,noisy,inf,0.9973624144325192,6.119548008138519e-16
zz,real_amplitudes,8,8,circular,6,noiseless,0.050375747645216,0.7700352747626635,0.0026822838734282
zz,real_amplitudes,8,8,circular,6,noisy,inf,0.9990519441040115,1.2017411446377874e-16
zz,real_amplitudes,8,8,circular,7,noiseless,0.0514809671096945,0.7460962973767373,0.0018778592962187
zz,real_amplitudes,8,8,circular,7,noisy,inf,0.9982179003209404,8.473049554667587e-17
zz,real_amplitudes,8,8,circular,8,noiseless,0.0761307480776532,0.7553136427132641,0.0016496519962205
zz,real_amplitudes,8,8,circular,8,noisy,inf,0.997087504973437,5.958258599342881e-14
zz,real_amplitudes,8,8,circular,9,noiseless,0.0952153355616807,0.7494690584742513,0.0020743015811428
zz,real_amplitudes,8,8,circular,9,noisy,inf,0.9977853629544404,1.5498078314692214e-16
zz,real_amplitudes,8,8,full,0,noiseless,0.0014558860827622,0.971530568921056,0.0020064290157169
zz,real_amplitudes,8,8,full,0,noisy,inf,0.9999735621561264,1.871061002742453e-34
zz,real_amplitudes,8,8,full,1,noiseless,0.0002764670882521,0.9705292917761844,0.0021276885240923
zz,real_amplitudes,8,8,full,1,noisy,inf,0.999966946903028,4.095044070304852e-34
zz,real_amplitudes,8,8,full,2,noiseless,0.0004952894268517,0.9700843404605456,0.0018925563244995
zz,real_amplitudes,8,8,full,2,noisy,inf,0.9999686236872422,2.5805893928987863e-34
zz,real_amplitudes,8,8,full,3,noiseless,0.0004952894268517,0.9674862705942092,0.0021245332013815
zz,real_amplitudes,8,8,full,3,noisy,inf,0.9999738301030824,2.84430136288806e-34
zz,real_amplitudes,8,8,full,4,noiseless,4.4068110169011255e-05,0.962154362833367,0.0018964917787444
zz,real_amplitudes,8,8,full,4,noisy,inf,0.9999629350776018,4.029617622063884e-34
zz,real_amplitudes,8,8,full,5,noiseless,0.0002764670882521,0.9686918262079822,0.0019960210747599
zz,real_amplitudes,8,8,full,5,noisy,inf,0.9999624893032388,3.31413966316659e-34
zz,real_amplitudes,8,8,full,6,noiseless,0.0028232334164751,0.9712428876731218,0.0020740455482041
zz,real_amplitudes,8,8,full,6,noisy,inf,0.999975813888868,3.8545535993846235e-34
zz,real_amplitudes,8,8,full,7,noiseless,0.0080002150567231,0.9690182446804938,0.0022135820261401
zz,real_amplitudes,8,8,full,7,noisy,inf,0.9999699390050164,3.204566871528073e-34
zz,real_amplitudes,8,8,full,8,noiseless,0.0015593784208206,0.9651258379827672,0.0020999349117429
zz,real_amplitudes,8,8,full,8,noisy,inf,0.999972472289092,3.162924069876811e-34
zz,real_amplitudes,8,8,full,9,noiseless,4.4068110169011255e-05,0.9618075232882642,0.0016975042511737
zz,real_amplitudes,8,8,full,9,noisy,inf,0.9999661512784404,2.8005729730374707e-34
zz,real_amplitudes,10,1,linear,0,noiseless,0.0573536351190418,0.6675810516120029,0.0712522123266551
zz,real_amplitudes,10,1,linear,0,noisy,79.01412284876669,0.8368936456111525,0.0722341459524634
zz,real_amplitudes,10,1,linear,1,noiseless,8.740648201398856e-10,0.6723186349494558,0.1336245620170199
zz,real_amplitudes,10,1,linear,1,noisy,45.971506414738,0.8349694793197915,0.1320184574728765
zz,real_amplitudes,10,1,linear,2,noiseless,0.0971659200262111,0.674016422029165,0.070226038093254
zz,real_amplitudes,10,1,linear,2,noisy,75.97499933042428,0.8673425189038437,0.0542158440633439
zz,real_amplitudes,10,1,linear,3,noiseless,0.0698733932554849,0.6829773254160537,0.1532399658763944
zz,real_amplitudes,10,1,linear,3,noisy,52.18245563162331,0.8434670828618134,0.1385900137667599
zz,real_amplitudes,10,1,linear,4,noiseless,0.0573536351190418,0.6710937884440691,0.1992114666323341
zz,real_amplitudes,10,1,linear,4,noisy,63.92511711506846,0.8469265401907772,0.1441578654858233
zz,real_amplitudes,10,1,linear,5,noiseless,8.740648201398856e-10,0.6811162692732802,0.1278015661549327
zz,real_amplitudes,10,1,linear,5,noisy,66.99503659182795,0.8410860613941221,0.1115283701635947
zz,real_amplitudes,10,1,linear,6,noiseless,8.740648201398856e-10,0.6851678878089941,0.1231279663921956
zz,real_amplitudes,10,1,linear,6,noisy,72.35745462125217,0.8740802554298408,0.0969373998132625
zz,real_amplitudes,10,1,linear,7,noiseless,8.740648201398856e-10,0.6752588337823485,0.0030209880502987
zz,real_amplitudes,10,1,linear,7,noisy,76.07489750539756,0.8577985081052979,0.0025476033827702
zz,real_amplitudes,10,1,linear,8,noiseless,0.1698199252155419,0.6591175385799706,0.0187068191828867
zz,real_amplitudes,10,1,linear,8,noisy,inf,0.8714787809147556,0.0186788726405639
zz,real_amplitudes,10,1,linear,9,noiseless,8.740648201398856e-10,0.6657764222213467,0.0871382939087527
zz,real_amplitudes,10,1,linear,9,noisy,60.60546785268179,0.8328549928381307,0.0798439283330507
zz,real_amplitudes,10,1,circular,0,noiseless,0.0573536351190418,0.7138585514050942,0.0239451135948411
zz,real_amplitudes,10,1,circular,0,noisy,inf,0.8916128853250191,4.343437871471425e-05
zz,real_amplitudes,10,1,circular,1,noiseless,8.740648201398856e-10,0.7189991066368836,0.0682747236605886
zz,real_amplitudes,10,1,circular,1,noisy,212.76638468233585,0.8977669518961718,0.0114025845258328
zz,real_amplitudes,10,1,circular,2,noiseless,0.0573536351190418,0.7248149429612053,0.0621906664348583
zz,real_amplitudes,10,1,circular,2,noisy,187.5619358006731,0.9122473902375872,0.0051236440046392
zz,real_amplitudes,10,1,circular,3,noiseless,0.0272885196260759,0.7264368115948281,0.0419209543386991
zz,real_amplitudes,10,1,circular,3,noisy,188.05771903732952,0.9088430976379016,0.0094616643324327
zz,real_amplitudes,10,1,circular,4,noiseless,0.0272885196260759,0.7169363803867865,0.0754967604900082
zz,real_amplitudes,10,1,circular,4,noisy,199.4108132994908,0.8895452625428961,0.0377455670943399
zz,real_amplitudes,10,1,circular,5,noiseless,0.0272885196260759,0.7271949530039638,0.0795275217365032
zz,real_amplitudes,10,1,circular,5,noisy,208.39308028241945,0.9127193991220864,0.0366370515010344
zz,real_amplitudes,10,1,circular,6,noiseless,0.0272885196260759,0.7287427836395451,0.087024542537118
zz,real_amplitudes,10,1,circular,6,noisy,237.4353101452827,0.9388450492493464,0.0379754922420604
zz,real_amplitudes,10,1,circular,7,noiseless,8.740648201398856e-10,0.7190756000420686,0.0162633033433686
zz,real_amplitudes,10,1,circular,7,noisy,191.46683529613415,0.9277935682584668,0.0104775791288969
zz,real_amplitudes,10,1,circular,8,noiseless,0.0272885196260759,0.7081266495013955,0.0667468365842721
zz,real_amplitudes,10,1,circular,8,noisy,inf,0.904308421573979,0.0425294230831307
zz,real_amplitudes,10,1,circular,9,noiseless,0.0272885196260759,0.7129765376501368,0.059958745998058
zz,real_amplitudes,10,1,circular,9,noisy,202.46589612643197,0.9032737653354718,0.0181926836741718
zz,real_amplitudes,10,1,full,0,noiseless,8.740648201398856e-10,0.9741779301772828,0.0006359503587249
zz,real_amplitudes,10,1,full,0,noisy,inf,0.9999836371695324,5.434839989958207e-25
zz,real_amplitudes,10,1,full,1,noiseless,8.740648201398856e-10,0.9715419661375368,0.0006852676724682
zz,real_amplitudes,10,1,full,1,noisy,inf,0.9999853644677202,1.6560774143894015e-24
zz,real_amplitudes,10,1,full,2,noiseless,8.740648201398856e-10,0.9733853496840984,0.00041924939468
zz,real_amplitudes,10,1,full,2,noisy,inf,0.9999848762657628,5.404382896227288e-25
zz,real_amplitudes,10,1,full,3,noiseless,8.740648201398856e-10,0.9727722098140374,0.0007038838432602
zz,real_amplitudes,10,1,full,3,noisy,inf,0.9999835421574652,4.374101055539838e-24
zz,real_amplitudes,10,1,full,4,noiseless,8.740648201398856e-10,0.9654122506953908,0.0006715259678648
zz,real_amplitudes,10,1,full,4,noisy,inf,0.9999848652360508,2.6563661994729293e-24
zz,real_amplitudes,10,1,full,5,noiseless,8.740648201398856e-10,0.970297928846352,0.0008269137047514
zz,real_amplitudes,10,1,full,5,noisy,inf,0.9999844965119687,5.767309620513394e-25
zz,real_amplitudes,10,1,full,6,noiseless,8.740648201398856e-10,0.9714931718961562,0.001229007300686
zz,real_amplitudes,10,1,full,6,noisy,inf,0.9999860299135708,4.349981449707238e-24
zz,real_amplitudes,10,1,full,7,noiseless,8.740648201398856e-10,0.9692960261658116,0.0005193781869546
zz,real_amplitudes,10,1,full,7,noisy,inf,0.999986273008948,7.092091677528305e-25
zz,real_amplitudes,10,1,full,8,noiseless,8.740648201398856e-10,0.966109941658081,0.0007089711160035
zz,real_amplitudes,10,1,full,8,noisy,inf,0.9999850835146022,2.8400421830417053e-24
zz,real_amplitudes,10,1,full,9,noiseless,8.740648201398856e-10,0.9649005776956906,0.0013702647364421
zz,real_amplitudes,10,1,full,9,noisy,inf,0.999982316328302,2.6130730068961293e-24
zz,real_amplitudes,10,2,linear,0,noiseless,8.740648201398856e-10,0.5657213439520118,0.0313522601383423
zz,real_amplitudes,10,2,linear,0,noisy,inf,0.8223489879852702,0.0238288924471912
zz,real_amplitudes,10,2,linear,1,noiseless,0.0884692629664926,0.5642762103797552,0.0876565641663236
zz,real_amplitudes,10,2,linear,1,noisy,136.80123697793675,0.827406898290878,0.0530871480794203
zz,real_amplitudes,10,2,linear,2,noiseless,0.0272885196260759,0.555994486363018,0.0322732420801224
zz,real_amplitudes,10,2,linear,2,noisy,145.17215354779492,0.8503792224854666,0.0200329531892718
zz,real_amplitudes,10,2,linear,3,noiseless,0.0272885196260759,0.5693972768801631,0.1089229846624746
zz,real_amplitudes,10,2,linear,3,noisy,142.04295433414072,0.82430731976089,0.1158880055528948
zz,real_amplitudes,10,2,linear,4,noiseless,0.1852925087494012,0.5519054737433149,0.1460694393719536
zz,real_amplitudes,10,2,linear,4,noisy,156.7349640459919,0.8305951601005163,0.0940213570253501
zz,real_amplitudes,10,2,linear,5,noiseless,0.0272885196260759,0.564427321243795,0.0739054532535893
zz,real_amplitudes,10,2,linear,5,noisy,150.62331443234336,0.8063184287377473,0.0522036039873638
zz,real_amplitudes,10,2,linear,6,noiseless,0.0272885196260759,0.5662848487018698,0.1602079079766797
zz,real_amplitudes,10,2,linear,6,noisy,152.63100558672176,0.8387783962569817,0.1457323928119991
zz,real_amplitudes,10,2,linear,7,noiseless,0.0272885196260759,0.5639885714961808,0.1179679038358614
zz,real_amplitudes,10,2,linear,7,noisy,142.626389197317,0.8235622055163939,0.1113474206457994
zz,real_amplitudes,10,2,linear,8,noiseless,0.1272350515861328,0.5609233604207934,0.2188818350937706
zz,real_amplitudes,10,2,linear,8,noisy,155.57040287995406,0.8444666555000679,0.1736751624750294
zz,real_amplitudes,10,2,linear,9,noiseless,0.0272885196260759,0.5454338774197984,0.0538877294671437
zz,real_amplitudes,10,2,linear,9,noisy,129.76788797096364,0.8005283253137883,0.0449273367318526
zz,real_amplitudes,10,2,circular,0,noiseless,8.740648201398856e-10,0.6253132804341207,0.0004655473425205
zz,real_amplitudes,10,2,circular,0,noisy,inf,0.9090440759254956,2.8616083909367465e-08
zz,real_amplitudes,10,2,circular,1,noiseless,8.740648201398856e-10,0.6284329830814882,0.0100392349628324
zz,real_amplitudes,10,2,circular,1,noisy,inf,0.9058803658967952,2.2642456272346446e-07
zz,real_amplitudes,10,2,circular,2,noiseless,0.0272885196260759,0.62433430528196,0.0016775476511817
zz,real_amplitudes,10,2,circular,2,noisy,413.7851535497003,0.906999702035042,5.240770402950776e-08
zz,real_amplitudes,10,2,circular,3,noiseless,8.740648201398856e-10,0.636003219056204,0.0019872094038144
zz,real_amplitudes,10,2,circular,3,noisy,inf,0.8999010932109492,1.0256549325206317e-07
zz,real_amplitudes,10,2,circular,4,noiseless,0.2183468254440513,0.615735397143234,0.0047812253429002
zz,real_amplitudes,10,2,circular,4,noisy,inf,0.8966368766059681,5.219381128551393e-07
zz,real_amplitudes,10,2,circular,5,noiseless,0.0573536351190418,0.6246383835467825,0.0081386124712015
zz,real_amplitudes,10,2,circular,5,noisy,inf,0.89913210179444,2.4296197334498065e-07
zz,real_amplitudes,10,2,circular,6,noiseless,8.740648201398856e-10,0.6303811657505853,0.0010896766603474
zz,real_amplitudes,10,2,circular,6,noisy,inf,0.930817723774973,3.5171479803529866e-08
zz,real_amplitudes,10,2,circular,7,noiseless,8.740648201398856e-10,0.6214840541177427,0.0012918648582816
zz,real_amplitudes,10,2,circular,7,noisy,417.17174674968066,0.907336948975579,2.1674664314870357e-07
zz,real_amplitudes,10,2,circular,8,noiseless,0.0971659200262111,0.6237033266182784,0.019088304436308
zz,real_amplitudes,10,2,circular,8,noisy,inf,0.9146264791547766,3.575587986923226e-07
zz,real_amplitudes,10,2,circular,9,noiseless,8.740648201398856e-10,0.6050080664490897,0.0089306376991141
zz,real_amplitudes,10,2,circular,9,noisy,inf,0.8821508970440234,1.1130692203909217e-07
zz,real_amplitudes,10,2,full,0,noiseless,8.740648201398856e-10,0.972059457517507,0.0005528624996627
zz,real_amplitudes,10,2,full,0,noisy,inf,0.9999872495939698,5.436106380271945e-26
zz,real_amplitudes,10,2,full,1,noiseless,8.740648201398856e-10,0.9694731703617367,0.000538198125782
zz,real_amplitudes,10,2,full,1,noisy,inf,0.9999879499436278,8.192792008908388e-26
zz,real_amplitudes,10,2,full,2,noiseless,8.740648201398856e-10,0.970926680425916,0.0006374540640345
zz,real_amplitudes,10,2,full,2,noisy,inf,0.9999859421226062,5.259738592026228e-26
zz,real_amplitudes,10,2,full,3,noiseless,8.740648201398856e-10,0.9699500264639874,0.0005319482785579
zz,real_amplitudes,10,2,full,3,noisy,inf,0.999985963172628,4.2466556396722936e-26
zz,real_amplitudes,10,2,full,4,noiseless,8.740648201398856e-10,0.9629441201969614,0.0013530562335192
zz,real_amplitudes,10,2,full,4,noisy,inf,0.9999828517205372,4.658692037752919e-26
zz,real_amplitudes,10,2,full,5,noiseless,8.740648201398856e-10,0.967692149533612,0.0005495781175557
zz,real_amplitudes,10,2,full,5,noisy,inf,0.9999847963546836,1.0997456391503707e-25
zz,real_amplitudes,10,2,full,6,noiseless,8.740648201398856e-10,0.9689015904996464,0.001063832602564
zz,real_amplitudes,10,2,full,6,noisy,inf,0.999989776429426,1.0661938763117768e-25
zz,real_amplitudes,10,2,full,7,noiseless,8.740648201398856e-10,0.9663427420622078,0.000628227391866
zz,real_amplitudes,10,2,full,7,noisy,inf,0.9999893046392472,4.933097949063406e-26
zz,real_amplitudes,10,2,full,8,noiseless,8.740648201398856e-10,0.9637042674083768,0.0004525310370104
zz,real_amplitudes,10,2,full,8,noisy,inf,0.9999874033663536,9.158314222862124e-26
zz,real_amplitudes,10,2,full,9,noiseless,8.740648201398856e-10,0.9620394862074536,0.0011135661233646
zz,real_amplitudes,10,2,full,9,noisy,inf,0.999986778714412,8.034073014246483e-26
zz,real_amplitudes,10,4,linear,0,noiseless,0.0884692629664926,0.6318953886244522,0.0134948979142297
zz,real_amplitudes,10,4,linear,0,noisy,inf,0.8752500455989143,0.0041695964903114
zz,real_amplitudes,10,4,linear,1,noiseless,0.0272885196260759,0.626797375145551,0.0322540723785583
zz,real_amplitudes,10,4,linear,1,noisy,inf,0.869088322902821,0.0092494154254405
zz,real_amplitudes,10,4,linear,2,noiseless,0.1583547035811681,0.6088748677311672,0.0069290517890402
zz,real_amplitudes,10,4,linear,2,noisy,inf,0.898918734823032,0.0039382963500409
zz,real_amplitudes,10,4,linear,3,noiseless,0.1202685111087095,0.6229654735027252,0.0394591111545927
zz,real_amplitudes,10,4,linear,3,noisy,inf,0.8778616025645406,0.0122782523752847
zz,real_amplitudes,10,4,linear,4,noiseless,0.1707260540123832,0.6133106173744405,0.0537228233943662
zz,real_amplitudes,10,4,linear,4,noisy,inf,0.8844010724428607,0.0252929698050511
zz,real_amplitudes,10,4,linear,5,noiseless,0.2516918930606803,0.609206261925127,0.0416878915609234
zz,real_amplitudes,10,4,linear,5,noisy,inf,0.8643923309715136,0.0264621380852134
zz,real_amplitudes,10,4,linear,6,noiseless,0.0884692629664926,0.6231384458494285,0.1000217919549365
zz,real_amplitudes,10,4,linear,6,noisy,inf,0.8978818502000292,0.0703105734262626
zz,real_amplitudes,10,4,linear,7,noiseless,0.0272885196260759,0.6138087370103739,0.001185922688204
zz,real_amplitudes,10,4,linear,7,noisy,inf,0.8847188120831908,0.000563457263787
zz,real_amplitudes,10,4,linear,8,noiseless,0.0272885196260759,0.6196222675826266,0.011284890585456
zz,real_amplitudes,10,4,linear,8,noisy,inf,0.8907419146445051,0.0058707484892207
zz,real_amplitudes,10,4,linear,9,noiseless,0.0884692629664926,0.6104987978694199,0.0267662161868609
zz,real_amplitudes,10,4,linear,9,noisy,inf,0.8628770235332855,0.0079156593621336
zz,real_amplitudes,10,4,circular,0,noiseless,0.0573536351190418,0.6999414994394293,0.0005677551323391
zz,real_amplitudes,10,4,circular,0,noisy,inf,0.9711351401724948,3.4013595154508346e-35
zz,real_amplitudes,10,4,circular,1,noiseless,8.740648201398856e-10,0.695676792332397,0.0007654181475905
zz,real_amplitudes,10,4,circular,1,noisy,inf,0.9762918655869612,2.4747720444901814e-34
zz,real_amplitudes,10,4,circular,2,noiseless,0.0573536351190418,0.6874089077397935,0.0006775442533724
zz,real_amplitudes,10,4,circular,2,noisy,inf,0.9746708112935856,3.473090792947679e-35
zz,real_amplitudes,10,4,circular,3,noiseless,8.740648201398856e-10,0.6905423319744375,0.0006847580282724
zz,real_amplitudes,10,4,circular,3,noisy,inf,0.966060614459892,2.0501979827368304e-35
zz,real_amplitudes,10,4,circular,4,noiseless,0.1698199252155419,0.6800733743507087,0.0012411471517277
zz,real_amplitudes,10,4,circular,4,noisy,inf,0.964657564596978,5.651788593697066e-35
zz,real_amplitudes,10,4,circular,5,noiseless,0.1583547035811681,0.6745801641660921,0.0047351517773745
zz,real_amplitudes,10,4,circular,5,noisy,inf,0.9652302072823232,4.4137056992176626e-35
zz,real_amplitudes,10,4,circular,6,noiseless,0.0573536351190418,0.6927386956716773,0.0014003615683331
zz,real_amplitudes,10,4,circular,6,noisy,inf,0.978264763769166,5.025276226805472e-35
zz,real_amplitudes,10,4,circular,7,noiseless,0.0272885196260759,0.6844306487134176,0.0002210890203651
zz,real_amplitudes,10,4,circular,7,noisy,inf,0.9731709117371856,2.329464093976185e-35
zz,real_amplitudes,10,4,circular,8,noiseless,0.0272885196260759,0.688016763657022,0.0009364108375607
zz,real_amplitudes,10,4,circular,8,noisy,inf,0.9680157708687394,4.995203162996935e-35
zz,real_amplitudes,10,4,circular,9,noiseless,0.0573536351190418,0.6732515829649885,0.0024007593461783
zz,real_amplitudes,10,4,circular,9,noisy,inf,0.9607622841087662,3.875975808434009e-35
zz,real_amplitudes,10,4,full,0,noiseless,8.740648201398856e-10,0.9773759543663562,0.0005633330431242
zz,real_amplitudes,10,4,full,0,noisy,inf,0.999987276872084,1.0843034173999973e-35
zz,real_amplitudes,10,4,full,1,noiseless,8.740648201398856e-10,0.9763614553755836,0.0005765374642689
zz,real_amplitudes,10,4,full,1,noisy,inf,0.9999879601889908,6.152223967043634e-36
zz,real_amplitudes,10,4,full,2,noiseless,8.740648201398856e-10,0.9765040077604948,0.0004590477744501
zz,real_amplitudes,10,4,full,2,noisy,inf,0.9999859458511272,1.344897453928956e-35
zz,real_amplitudes,10,4,full,3,noiseless,8.740648201398856e-10,0.974306934129144,0.0007776517257267
zz,real_amplitudes,10,4,full,3,noisy,inf,0.9999859943043252,1.1184384672430424e-35
zz,real_amplitudes,10,4,full,4,noiseless,8.740648201398856e-10,0.9702593388743356,0.0007915493113951
zz,real_amplitudes,10,4,full,4,noisy,inf,0.9999828646064784,8.704679339370806e-36
zz,real_amplitudes,10,4,full,5,noiseless,8.740648201398856e-10,0.9738412271849184,0.0004738341761326
zz,real_amplitudes,10,4,full,5,noisy,inf,0.9999848488878122,7.621069463637794e-36
zz,real_amplitudes,10,4,full,6,noiseless,8.740648201398856e-10,0.97518452817856,0.0004623349712188
zz,real_amplitudes,10,4,full,6,noisy,inf,0.9999897869497544,9.353917930378298e-36
zz,real_amplitudes,10,4,full,7,noiseless,8.740648201398856e-10,0.9719139986096286,0.0005223062565717
zz,real_amplitudes,10,4,full,7,noisy,inf,0.9999892989009248,1.0680489427377937e-35
zz,real_amplitudes,10,4,full,8,noiseless,8.740648201398856e-10,0.970173672071784,0.0007048403295538
zz,real_amplitudes,10,4,full,8,noisy,inf,0.9999874077613552,1.3134307762622774e-35
zz,real_amplitudes,10,4,full,9,noiseless,8.740648201398856e-10,0.9685606556977532,0.0005133582254273
zz,real_amplitudes,10,4,full,9,noisy,inf,0.9999868247124556,1.0447584813335012e-35
zz,real_amplitudes,10,8,linear,0,noiseless,0.0272885196260759,0.6899865980588507,0.0033407953860604
zz,real_amplitudes,10,8,linear,0,noisy,inf,0.9295642286434608,0.0001012989752501
zz,real_amplitudes,10,8,linear,1,noiseless,0.0884692629664926,0.6885292929473243,0.0111244002010599
zz,real_amplitudes,10,8,linear,1,noisy,inf,0.9292367341377746,0.0008350193831876
zz,real_amplitudes,10,8,linear,2,noiseless,0.1272350515861328,0.670758826022153,0.0026817716467219
zz,real_amplitudes,10,8,linear,2,noisy,inf,0.943566528416863,1.8931857849168107e-05
zz,real_amplitudes,10,8,linear,3,noiseless,0.1525771345901541,0.6921396105989939,0.0057799480712008
zz,real_amplitudes,10,8,linear,3,noisy,inf,0.9308025229546106,0.0008283057517512
zz,real_amplitudes,10,8,linear,4,noiseless,0.4016451302456212,0.6560264412159765,0.0072125787693755
zz,real_amplitudes,10,8,linear,4,noisy,inf,0.9311235332088535,0.0008900857669552
zz,real_amplitudes,10,8,linear,5,noiseless,0.0884692629664926,0.6790069353069208,0.0101308903563493
zz,real_amplitudes,10,8,linear,5,noisy,inf,0.9178847024080174,0.0014462508868854
zz,real_amplitudes,10,8,linear,6,noiseless,8.740648201398856e-10,0.6881615743686352,0.008859674758597
zz,real_amplitudes,10,8,linear,6,noisy,inf,0.9419217087024798,0.0043687869622363
zz,real_amplitudes,10,8,linear,7,noiseless,0.0272885196260759,0.6707134419689438,0.0099602169316652
zz,real_amplitudes,10,8,linear,7,noisy,inf,0.9349266440865882,0.0006210465740713
zz,real_amplitudes,10,8,linear,8,noiseless,0.0272885196260759,0.6843365380971455,0.0063605731652482
zz,real_amplitudes,10,8,linear,8,noisy,inf,0.9456961284851948,0.0003947323921165
zz,real_amplitudes,10,8,linear,9,noiseless,0.0272885196260759,0.6624296318834964,0.0063321310311335
zz,real_amplitudes,10,8,linear,9,noisy,inf,0.9175465262716326,0.0008732468277272
zz,real_amplitudes,10,8,circular,0,noiseless,0.0272885196260759,0.7689032502897049,0.0004791455267321
zz,real_amplitudes,10,8,circular,0,noisy,inf,0.9935359242665848,1.943985537615866e-35
zz,real_amplitudes,10,8,circular,1,noiseless,0.0573536351190418,0.7612330308989722,0.0004943867723267
zz,real_amplitudes,10,8,circular,1,noisy,inf,0.9946907201277344,3.2587315614462303e-35
zz,real_amplitudes,10,8,circular,2,noiseless,8.740648201398856e-10,0.7577546409069555,0.0004367011266214
zz,real_amplitudes,10,8,circular,2,noisy,inf,0.9957111293570436,1.9894014149123024e-35
zz,real_amplitudes,10,8,circular,3,noiseless,8.740648201398856e-10,0.7653878640476377,0.0005052345055627
zz,real_amplitudes,10,8,circular,3,noisy,inf,0.9950336247730828,2.470472477986324e-35
zz,real_amplitudes,10,8,circular,4,noiseless,0.1707260540123832,0.7428030619776136,0.0003557572619756
zz,real_amplitudes,10,8,circular,4,noisy,inf,0.9917774537667756,2.1231844269793872e-35
zz,real_amplitudes,10,8,circular,5,noiseless,8.740648201398856e-10,0.756352210649561,0.0004397365498146
zz,real_amplitudes,10,8,circular,5,noisy,inf,0.9947155248526176,1.8091432745282077e-35
zz,real_amplitudes,10,8,circular,6,noiseless,8.740648201398856e-10,0.767162300854299,0.0004902931595717
zz,real_amplitudes,10,8,circular,6,noisy,inf,0.9966189569132932,2.909609739252011e-35
zz,real_amplitudes,10,8,circular,7,noiseless,0.0573536351190418,0.7460701274402561,0.0004465854971385
zz,real_amplitudes,10,8,circular,7,noisy,inf,0.9947411397465676,1.7694860134459665e-35
zz,real_amplitudes,10,8,circular,8,noiseless,0.0272885196260759,0.7603877006093941,0.0005160729084541
zz,real_amplitudes,10,8,circular,8,noisy,inf,0.9961480905956264,3.0190560999425723e-35
zz,real_amplitudes,10,8,circular,9,noiseless,0.1406569224524614,0.7426781199736125,0.0004630516465429
zz,real_amplitudes,10,8,circular,9,noisy,inf,0.9944987891819704,2.4891236550193704e-35
zz,real_amplitudes,10,8,full,0,noiseless,8.740648201398856e-10,0.9837929438055524,0.0005358436337267
zz,real_amplitudes,10,8,full,0,noisy,inf,0.9999843140310924,1.6876911982012488e-35
zz,real_amplitudes,10,8,full,1,noiseless,8.740648201398856e-10,0.9833472047634412,0.000545867651393
zz,real_amplitudes,10,8,full,1,noisy,inf,0.9999850884607572,1.5247324163467547e-35
zz,real_amplitudes,10,8,full,2,noiseless,8.740648201398856e-10,0.9833939442607996,0.0004848823867183
zz,real_amplitudes,10,8,full,2,noisy,inf,0.9999849183598168,1.1748948487033679e-35
zz,real_amplitudes,10,8,full,3,noiseless,8.740648201398856e-10,0.980929035911896,0.0004682689924001
zz,real_amplitudes,10,8,full,3,noisy,inf,0.9999837520369792,8.546379433460071e-36
zz,real_amplitudes,10,8,full,4,noiseless,8.740648201398856e-10,0.978381319174758,0.0005548388670396
zz,real_amplitudes,10,8,full,4,noisy,inf,0.9999848023100876,1.2722558213626413e-35
zz,real_amplitudes,10,8,full,5,noiseless,8.740648201398856e-10,0.9821006744021992,0.0005685837938852
zz,real_amplitudes,10,8,full,5,noisy,inf,0.9999836382426036,1.1630458656470796e-35
zz,real_amplitudes,10,8,full,6,noiseless,8.740648201398856e-10,0.9826369614799398,0.0004762159360871
zz,real_amplitudes,10,8,full,6,noisy,inf,0.9999847231340008,1.0353545265269228e-35
zz,real_amplitudes,10,8,full,7,noiseless,8.740648201398856e-10,0.9796575048217526,0.0004960813625537
zz,real_amplitudes,10,8,full,7,noisy,inf,0.9999839635512018,1.255454088774888e-35
zz,real_amplitudes,10,8,full,8,noiseless,8.740648201398856e-10,0.979038456652644,0.0004600918215547
zz,real_amplitudes,10,8,full,8,noisy,inf,0.9999846871713446,1.7234784706596156e-35
zz,real_amplitudes,10,8,full,9,noiseless,8.740648201398856e-10,0.9771153269358956,0.0004819514000025
zz,real_amplitudes,10,8,full,9,noisy,inf,0.9999830583762868,1.1395829984046668e-35
cx_ry,rotation_only,4,1,linear,0,noiseless,0.5771422388841538,0.4469494026925688,0.0393119772004409
cx_ry,rotation_only,4,1,linear,0,noisy,0.979620483641639,0.5170866623119662,0.0377501258847215
cx_ry,rotation_only,4,1,linear,1,noiseless,0.4514601284199194,0.4598880676237276,0.2286138881458227
cx_ry,rotation_only,4,1,linear,1,noisy,0.4921338069362829,0.477157058149078,0.2097544572869576
cx_ry,rotation_only,4,1,linear,2,noiseless,0.7082145200951898,0.4503102495060609,0.0789980933792861
cx_ry,rotation_only,4,1,linear,2,noisy,0.7563882224279107,0.498529495277838,0.0871309660323823
cx_ry,rotation_only,4,1,linear,3,noiseless,0.6000604349757858,0.4220114997002355,0.4544210945492799
cx_ry,rotation_only,4,1,linear,3,noisy,0.2803624050881326,0.4199759589998557,0.4582196417730066
cx_ry,rotation_only,4,1,linear,4,noiseless,0.7140055623360786,0.4566865860914281,0.0705608149069117
cx_ry,rotation_only,4,1,linear,4,noisy,0.3919672127203262,0.4678486234977068,0.0747359934819431
cx_ry,rotation_only,4,1,linear,5,noiseless,0.5366767843616412,0.464057536586885,0.4773619082911205
cx_ry,rotation_only,4,1,linear,5,noisy,0.5157947131730941,0.4589514099102054,0.4429596777406014
cx_ry,rotation_only,4,1,linear,6,noiseless,0.5576426777977291,0.4849175452132303,0.5779495359470536
cx_ry,rotation_only,4,1,linear,6,noisy,0.6662451273242771,0.5028758966395952,0.6362939870417976
cx_ry,rotation_only,4,1,linear,7,noiseless,0.5731962636156664,0.4447260652796691,0.2629107294440925
cx_ry,rotation_only,4,1,linear,7,noisy,0.6316212751584003,0.4705443412552325,0.2357176696150874
cx_ry,rotation_only,4,1,linear,8,noiseless,0.6378439254623864,0.4454618918946205,0.3484147645554605
cx_ry,rotation_only,4,1,linear,8,noisy,0.3023697464359968,0.444687071720693,0.3696762578199948
cx_ry,rotation_only,4,1,linear,9,noiseless,0.7940942173711001,0.4545298648100529,0.4725019527518355
cx_ry,rotation_only,4,1,linear,9,noisy,1.1933437880978133,0.5006806466299087,0.4372568568085234
cx_ry,rotation_only,4,1,circular,0,noiseless,0.5771422388841538,0.6345220773185678,0.2501013831550092
cx_ry,rotation_only,4,1,circular,0,noisy,1.1077007146483444,0.7143766663748662,6.568524507724445e-34
cx_ry,rotation_only,4,1,circular,1,noiseless,0.4514601284199194,0.632888562220324,0.2199587509878035
cx_ry,rotation_only,4,1,circular,1,noisy,0.425396042565015,0.65636907394301,1.6010496368934136e-33
cx_ry,rotation_only,4,1,circular,2,noiseless,0.7082145200951898,0.6503581469887751,0.0123449603211144
cx_ry,rotation_only,4,1,circular,2,noisy,0.7223035782581979,0.7293096350976989,1.6458141335869146e-33
cx_ry,rotation_only,4,1,circular,3,noiseless,0.6000604349757858,0.6224822576444572,0.0130059705549652
cx_ry,rotation_only,4,1,circular,3,noisy,0.3114604372969389,0.6596455769222,2.0187624426094007e-33
cx_ry,rotation_only,4,1,circular,4,noiseless,0.7140055623360786,0.6515898764849882,0.0918519658453243
cx_ry,rotation_only,4,1,circular,4,noisy,0.2707818813968862,0.6818602313651606,7.661456314880447e-34
cx_ry,rotation_only,4,1,circular,5,noiseless,0.5366767843616412,0.6623212616449214,0.0568174690039482
cx_ry,rotation_only,4,1,circular,5,noisy,0.4493087253027094,0.6847905426953245,2.723050949147509e-33
cx_ry,rotation_only,4,1,circular,6,noiseless,0.5576426777977291,0.659536067226267,0.4372980291322781
cx_ry,rotation_only,4,1,circular,6,noisy,0.4123849647482011,0.7238991853791787,1.3049379079438766e-33
cx_ry,rotation_only,4,1,circular,7,noiseless,0.5731962636156664,0.6372033163578262,0.1538438575009087
cx_ry,rotation_only,4,1,circular,7,noisy,0.8278997927451355,0.7120251407849896,1.6899500281457886e-33
cx_ry,rotation_only,4,1,circular,8,noiseless,0.6378439254623864,0.640407272396433,0.1499087400384173
cx_ry,rotation_only,4,1,circular,8,noisy,0.3112729904608009,0.6952851236761828,1.3760234472106693e-33
cx_ry,rotation_only,4,1,circular,9,noiseless,0.7940942173711001,0.6281129811146018,0.0978559938760947
cx_ry,rotation_only,4,1,circular,9,noisy,1.2993144449216656,0.6882160180173512,2.1992515023281912e-33
cx_ry,rotation_only,4,1,full,0,noiseless,0.5771422388841538,0.4378970142723666,0.0248326881418393
cx_ry,rotation_only,4,1,full,0,noisy,1.3916777596079908,0.5643262000388224,2.7160053245587164e-07
cx_ry,rotation_only,4,1,full,1,noiseless,0.4514601284199194,0.4712037137184907,0.1060830815148338
cx_ry,rotation_only,4,1,full,1,noisy,0.6592658107510808,0.5578744455338075,3.717978166923414e-07
cx_ry,rotation_only,4,1,full,2,noiseless,0.7082145200951898,0.4685750538947784,0.0755540947996857
cx_ry,rotation_only,4,1,full,2,noisy,1.056061339433349,0.5512999733145162,2.3156057585931618e-07
cx_ry,rotation_only,4,1,full,3,noiseless,0.6000604349757858,0.433315819472871,0.4528283174012168
cx_ry,rotation_only,4,1,full,3,noisy,0.5596630786693366,0.5141706811543169,8.40541589724094e-08
cx_ry,rotation_only,4,1,full,4,noiseless,0.7140055623360786,0.4693022193555373,0.0527860088925935
cx_ry,rotation_only,4,1,full,4,noisy,0.559351353175695,0.5557741647896487,4.0098358804492395e-07
cx_ry,rotation_only,4,1,full,5,noiseless,0.5366767843616412,0.449368488517336,0.476848424757843
cx_ry,rotation_only,4,1,full,5,noisy,0.7084297065030213,0.5216422372487304,2.985932192551701e-07
cx_ry,rotation_only,4,1,full,6,noiseless,0.5576426777977291,0.4765316365854312,0.1057525195659637
cx_ry,rotation_only,4,1,full,6,noisy,0.5139270556667918,0.5381215511821118,1.7947913755547381e-07
cx_ry,rotation_only,4,1,full,7,noiseless,0.5731962636156664,0.465137616477811,0.2529792055416179
cx_ry,rotation_only,4,1,full,7,noisy,0.9725926204103084,0.5006074647627335,2.086386922381083e-07
cx_ry,rotation_only,4,1,full,8,noiseless,0.6378439254623864,0.4513544754923956,0.1866199198706587
cx_ry,rotation_only,4,1,full,8,noisy,0.4183477411419188,0.4947769687167722,3.626375619587673e-07
cx_ry,rotation_only,4,1,full,9,noiseless,0.7940942173711001,0.4587270433195617,0.4154849416023236
cx_ry,rotation_only,4,1,full,9,noisy,1.5497365422506864,0.5427295861410747,1.52396074513471e-07
cx_ry,rotation_only,4,2,linear,0,noiseless,0.6491625978462736,0.5421356495556533,0.0347628407570746
cx_ry,rotation_only,4,2,linear,0,noisy,2.024676747926785,0.5904345905347813,0.034740668161377
cx_ry,rotation_only,4,2,linear,1,noiseless,0.3986411650122617,0.5351896463172483,0.2960500969349467
cx_ry,rotation_only,4,2,linear,1,noisy,0.556950586457445,0.5985034182912863,0.2274762616902821
cx_ry,rotation_only,4,2,linear,2,noiseless,0.6290850670949406,0.5597811146649456,0.1130959480080166
cx_ry,rotation_only,4,2,linear,2,noisy,0.8822967132770292,0.5846730678984989,0.0948295900094435
cx_ry,rotation_only,4,2,linear,3,noiseless,0.5923988995221089,0.526627640016542,0.3964387068188418
cx_ry,rotation_only,4,2,linear,3,noisy,0.7423519551557091,0.5380953413083615,0.3437846170078401
cx_ry,rotation_only,4,2,linear,4,noiseless,0.5537432432224205,0.553058344260089,0.1532013285908918
cx_ry,rotation_only,4,2,linear,4,noisy,0.51432960982807,0.6125187987348952,0.1474127183099804
cx_ry,rotation_only,4,2,linear,5,noiseless,0.492730801634788,0.5760887814105751,0.5222619740464975
cx_ry,rotation_only,4,2,linear,5,noisy,0.5547524142189839,0.5417632566387518,0.3989982188122219
cx_ry,rotation_only,4,2,linear,6,noiseless,0.4263476202656345,0.5647715489738482,0.4887026370395538
cx_ry,rotation_only,4,2,linear,6,noisy,0.8373900823164895,0.5964229305074354,0.4698529811251438
cx_ry,rotation_only,4,2,linear,7,noiseless,0.712135925544649,0.5312568345020818,0.2104955305078256
cx_ry,rotation_only,4,2,linear,7,noisy,0.5057757630514735,0.6027801849611314,0.1967185601040803
cx_ry,rotation_only,4,2,linear,8,noiseless,0.5822571549956426,0.5460017362466998,0.0674927697666697
cx_ry,rotation_only,4,2,linear,8,noisy,0.89853221155706,0.5756963965637613,0.0501507952245982
cx_ry,rotation_only,4,2,linear,9,noiseless,0.5972450799512938,0.5487792714039434,0.45436307409801
cx_ry,rotation_only,4,2,linear,9,noisy,1.063844229324766,0.5858293194657455,0.467346868205351
cx_ry,rotation_only,4,2,circular,0,noiseless,0.3919788215160768,0.7792368301894279,0.0009825927717864
cx_ry,rotation_only,4,2,circular,0,noisy,2.7800025994876374,0.8733259334824174,9.810071909087457e-34
cx_ry,rotation_only,4,2,circular,1,noiseless,0.3201984107706862,0.7730109736287852,0.1282563519947228
cx_ry,rotation_only,4,2,circular,1,noisy,2.079541912835167,0.8402727542013869,1.5623571693301346e-33
cx_ry,rotation_only,4,2,circular,2,noiseless,0.3320013064704861,0.7979916914047981,0.0568966975067054
cx_ry,rotation_only,4,2,circular,2,noisy,2.3619741445787055,0.8798621699980832,9.248342341974513e-34
cx_ry,rotation_only,4,2,circular,3,noiseless,0.3981812101841739,0.7894450933700713,0.0688966872616369
cx_ry,rotation_only,4,2,circular,3,noisy,2.0112718767008904,0.8609453463662607,9.43224190263649e-34
cx_ry,rotation_only,4,2,circular,4,noiseless,0.3849310749784618,0.8032417483076237,0.0560233717644437
cx_ry,rotation_only,4,2,circular,4,noisy,2.3025744045310654,0.8831084465324914,4.172313232298903e-34
cx_ry,rotation_only,4,2,circular,5,noiseless,0.2896283581485236,0.8174415743646773,0.0157174956663394
cx_ry,rotation_only,4,2,circular,5,noisy,1.9397123869722477,0.8831772888159812,9.845781860139637e-34
cx_ry,rotation_only,4,2,circular,6,noiseless,0.3510043809410159,0.8089522806162376,0.0550607540781105
cx_ry,rotation_only,4,2,circular,6,noisy,2.153050349533449,0.8943878685102853,1.4399536217535237e-33
cx_ry,rotation_only,4,2,circular,7,noiseless,0.3206716791721589,0.7993988470595681,0.090894524572624
cx_ry,rotation_only,4,2,circular,7,noisy,2.365574914692603,0.8923966101240484,1.2283821926544838e-33
cx_ry,rotation_only,4,2,circular,8,noiseless,0.4213206122036604,0.789059691906812,0.0702443795500032
cx_ry,rotation_only,4,2,circular,8,noisy,2.469800342117531,0.8694242369849434,9.328589422990646e-34
cx_ry,rotation_only,4,2,circular,9,noiseless,0.3598806201638365,0.7809620041457986,0.0040376318365534
cx_ry,rotation_only,4,2,circular,9,noisy,2.391012939791222,0.858183633217634,7.894172849827236e-34
cx_ry,rotation_only,4,2,full,0,noiseless,0.541488808915953,0.5301056016036738,0.000556857094673
cx_ry,rotation_only,4,2,full,0,noisy,4.689598646315811,0.7471848907793228,0.0003271129864753
cx_ry,rotation_only,4,2,full,1,noiseless,0.568780866169232,0.517939214029874,0.1090828449926707
cx_ry,rotation_only,4,2,full,1,noisy,3.7803878656120617,0.7293919495995943,0.0515675062429304
cx_ry,rotation_only,4,2,full,2,noiseless,0.7384784427529001,0.543072902567458,0.0228912434291206
cx_ry,rotation_only,4,2,full,2,noisy,3.988531605457976,0.7527826433023443,0.0111046976470988
cx_ry,rotation_only,4,2,full,3,noiseless,0.5849758567329593,0.5126062485766534,0.365204157977254
cx_ry,rotation_only,4,2,full,3,noisy,3.73845302374968,0.7013639506064229,0.2024927281951862
cx_ry,rotation_only,4,2,full,4,noiseless,0.6586612106132044,0.5410510070281608,0.1251266049502714
cx_ry,rotation_only,4,2,full,4,noisy,3.763799456057052,0.7202830471058924,0.0698515080479674
cx_ry,rotation_only,4,2,full,5,noiseless,0.5407581396439818,0.5318717274908862,0.487573682325301
cx_ry,rotation_only,4,2,full,5,noisy,4.382072966677008,0.7049207376236789,0.2472130837284162
cx_ry,rotation_only,4,2,full,6,noiseless,0.5524717476204835,0.5425863855080428,0.0541383445620325
cx_ry,rotation_only,4,2,full,6,noisy,4.463942335682318,0.7350460991239002,0.0332579342406572
cx_ry,rotation_only,4,2,full,7,noiseless,0.5181040304185326,0.5364922713732784,0.1259284171746458
cx_ry,rotation_only,4,2,full,7,noisy,4.00838554187549,0.7490632347889188,0.0844771734376769
cx_ry,rotation_only,4,2,full,8,noiseless,0.6004525880429346,0.5272486828672088,0.0702037719866535
cx_ry,rotation_only,4,2,full,8,noisy,4.01622369553992,0.7304656280723855,0.0493520735889111
cx_ry,rotation_only,4,2,full,9,noiseless,0.5432491553257454,0.5491937560062269,0.3636516210834187
cx_ry,rotation_only,4,2,full,9,noisy,4.2300990458448275,0.7575302491187217,0.2416593960395908
cx_ry,rotation_only,4,4,linear,0,noiseless,0.3242184846540427,0.622586919861,0.1697540988152677
cx_ry,rotation_only,4,4,linear,0,noisy,1.273330084187729,0.7193794719250814,0.1347968443461404
cx_ry,rotation_only,4,4,linear,1,noiseless,0.2289254048119104,0.6317205653656334,0.2324134203736202
cx_ry,rotation_only,4,4,linear,1,noisy,1.0632153658601644,0.700555623256438,0.180768001804088
cx_ry,rotation_only,4,4,linear,2,noiseless,0.2766394682774442,0.6407546661006296,0.0318648626721589
cx_ry,rotation_only,4,4,linear,2,noisy,1.5477799416151452,0.715767831126954,0.0266527990299954
cx_ry,rotation_only,4,4,linear,3,noiseless,0.2341921802721787,0.611881694949531,0.3562704603067581
cx_ry,rotation_only,4,4,linear,3,noisy,1.2397197698341196,0.6413334793470747,0.382264303715538
cx_ry,rotation_only,4,4,linear,4,noiseless,0.2420156150032922,0.63822399819528,0.0164851860295513
cx_ry,rotation_only,4,4,linear,4,noisy,1.5369871499764685,0.6709234127542935,0.0154743113085121
cx_ry,rotation_only,4,4,linear,5,noiseless,0.320256477534765,0.6215959446427872,0.3756902255098062
cx_ry,rotation_only,4,4,linear,5,noisy,1.5116125723260816,0.6601894373509148,0.3011437346137424
cx_ry,rotation_only,4,4,linear,6,noiseless,0.2848639450181034,0.6551622701863935,0.0102630097506126
cx_ry,rotation_only,4,4,linear,6,noisy,1.3414105252554744,0.6988885391498388,0.0082377051481246
cx_ry,rotation_only,4,4,linear,7,noiseless,0.3176074753253526,0.6232060791899421,0.1424833671656124
cx_ry,rotation_only,4,4,linear,7,noisy,1.6022131337667296,0.7013966888226101,0.120561593006549
cx_ry,rotation_only,4,4,linear,8,noiseless,0.3171546982438145,0.6286982430378746,0.0345575279272516
cx_ry,rotation_only,4,4,linear,8,noisy,1.049404883886511,0.6494742159967085,0.0264914869715346
cx_ry,rotation_only,4,4,linear,9,noiseless,0.3636831996685977,0.6497644298834847,0.4985935602487188
cx_ry,rotation_only,4,4,linear,9,noisy,1.728335734446962,0.694863223300892,0.4451410383143687
cx_ry,rotation_only,4,4,circular,0,noiseless,0.170824228906798,0.7643900971882277,0.0055650429929401
cx_ry,rotation_only,4,4,circular,0,noisy,7.955878197983348,0.9317393692288072,7.2056528947088025e-34
cx_ry,rotation_only,4,4,circular,1,noiseless,0.1504529124983779,0.7720378357034204,0.1186615562028472
cx_ry,rotation_only,4,4,circular,1,noisy,7.929490937892453,0.91567536563027,9.47517409098012e-34
cx_ry,rotation_only,4,4,circular,2,noiseless,0.225252974460298,0.7810832207734806,0.0196162756193799
cx_ry,rotation_only,4,4,circular,2,noisy,8.303110650350849,0.931683015709122,3.5501308641538046e-34
cx_ry,rotation_only,4,4,circular,3,noiseless,0.2144522679874348,0.765192178451988,0.0108822570341427
cx_ry,rotation_only,4,4,circular,3,noisy,7.838614926408236,0.9242972362245584,7.5031020750086075e-34
cx_ry,rotation_only,4,4,circular,4,noiseless,0.1805579921153501,0.7873084417404422,0.0296765472212965
cx_ry,rotation_only,4,4,circular,4,noisy,7.93826619200393,0.93765727616616,7.105076553168578e-34
cx_ry,rotation_only,4,4,circular,5,noiseless,0.1850851198681383,0.7986403057871534,0.0253406218383341
cx_ry,rotation_only,4,4,circular,5,noisy,8.291424469250064,0.92914860373881,4.769886495599054e-34
cx_ry,rotation_only,4,4,circular,6,noiseless,0.2007723192695479,0.8038578888833147,0.0094323052753534
cx_ry,rotation_only,4,4,circular,6,noisy,7.898329035173765,0.9472887544861076,7.572783290357616e-34
cx_ry,rotation_only,4,4,circular,7,noiseless,0.1339202346991542,0.7801148798369492,0.0730276979739992
cx_ry,rotation_only,4,4,circular,7,noisy,8.117647502724887,0.9315145593573588,4.459597782336666e-34
cx_ry,rotation_only,4,4,circular,8,noiseless,0.2433857196128187,0.783349668440216,0.0878264623870701
cx_ry,rotation_only,4,4,circular,8,noisy,7.775889461967534,0.9239603488462662,6.950065941672411e-34
cx_ry,rotation_only,4,4,circular,9,noiseless,0.1795641733980288,0.7789509982415811,0.042692704768629
cx_ry,rotation_only,4,4,circular,9,noisy,7.876196027741536,0.9224801245020584,6.178490257702275e-34
cx_ry,rotation_only,4,4,full,0,noiseless,0.3583924348629049,0.6214203990840851,0.3644928066161965
cx_ry,rotation_only,4,4,full,0,noisy,10.807286392054996,0.8947997716838968,0.083371833687543
cx_ry,rotation_only,4,4,full,1,noiseless,0.2607097255874977,0.6273317572634263,0.015457701480711
cx_ry,rotation_only,4,4,full,1,noisy,10.297829909182488,0.8962210002682662,0.0049800246400363
cx_ry,rotation_only,4,4,full,2,noiseless,0.290576716927933,0.6090538954804741,0.0066701726351578
cx_ry,rotation_only,4,4,full,2,noisy,10.747848412365396,0.8838415958666921,0.001620171282341
cx_ry,rotation_only,4,4,full,3,noiseless,0.2923548561585379,0.6172234339227095,0.3952178996178946
cx_ry,rotation_only,4,4,full,3,noisy,10.201848178641884,0.8725375616508149,0.1685381156777769
cx_ry,rotation_only,4,4,full,4,noiseless,0.2496189354018115,0.6226091923939149,0.1287270751900661
cx_ry,rotation_only,4,4,full,4,noisy,11.01842542068008,0.8856905797144262,0.0244079284414217
cx_ry,rotation_only,4,4,full,5,noiseless,0.3118910832582542,0.6136704482169693,0.4341248599969284
cx_ry,rotation_only,4,4,full,5,noisy,11.381424740523595,0.866965396899742,0.1340531383665908
cx_ry,rotation_only,4,4,full,6,noiseless,0.2931301817888522,0.6551074110930283,0.1249579929253364
cx_ry,rotation_only,4,4,full,6,noisy,11.308143366900556,0.8906956886636443,0.0243464569964548
cx_ry,rotation_only,4,4,full,7,noiseless,0.2519320324843905,0.5957970979195928,0.1731839623483468
cx_ry,rotation_only,4,4,full,7,noisy,10.753373128446942,0.8935828166208222,0.0497787702087127
cx_ry,rotation_only,4,4,full,8,noiseless,0.3874291455173553,0.6144577908817754,0.173308752857154
cx_ry,rotation_only,4,4,full,8,noisy,10.506328668277094,0.890759402980655,0.0368082674295036
cx_ry,rotation_only,4,4,full,9,noiseless,0.2361767485858831,0.6112049261031158,0.3591308602484517
cx_ry,rotation_only,4,4,full,9,noisy,10.893636534368117,0.8920087124170826,0.1237741493290546
cx_ry,rotation_only,4,8,linear,0,noiseless,0.2495499195131324,0.6651037236148227,0.0793242988970111
cx_ry,rotation_only,4,8,linear,0,noisy,3.1294153545924086,0.7706147933619751,0.0361437095792957
cx_ry,rotation_only,4,8,linear,1,noiseless,0.2290754303092396,0.6770165043134488,0.0137855789707081
cx_ry,rotation_only,4,8,linear,1,noisy,3.1257483287748533,0.7843654827375343,0.0128052016995149
cx_ry,rotation_only,4,8,linear,2,noiseless,0.2291271723784281,0.6758990122195138,0.2795585642019472
cx_ry,rotation_only,4,8,linear,2,noisy,3.0152313997996707,0.7990245415033186,0.1865635768039323
cx_ry,rotation_only,4,8,linear,3,noiseless,0.2688516710016508,0.672382233495444,0.1393354728701267
cx_ry,rotation_only,4,8,linear,3,noisy,3.133428595102224,0.7691593869752841,0.1093748926386055
cx_ry,rotation_only,4,8,linear,4,noiseless,0.208854302491589,0.677905061068697,0.0351293691094624
cx_ry,rotation_only,4,8,linear,4,noisy,2.9610809492170778,0.7866365585884797,0.0176925175493049
cx_ry,rotation_only,4,8,linear,5,noiseless,0.2185466346797132,0.6602410395829597,0.310699455087673
cx_ry,rotation_only,4,8,linear,5,noisy,3.19590504542332,0.7630598837887367,0.2527965150519516
cx_ry,rotation_only,4,8,linear,6,noiseless,0.1671872172992942,0.693980622464758,0.3188952485987052
cx_ry,rotation_only,4,8,linear,6,noisy,3.3938871890531126,0.7933029574671171,0.2316907429026411
cx_ry,rotation_only,4,8,linear,7,noiseless,0.1925725322641276,0.6646211321011595,0.021560994394264
cx_ry,rotation_only,4,8,linear,7,noisy,3.0293564376195743,0.7743183749648354,0.0176361715256391
cx_ry,rotation_only,4,8,linear,8,noiseless,0.2968339020551018,0.6738726684181034,0.1266988689097364
cx_ry,rotation_only,4,8,linear,8,noisy,2.9470441506096092,0.7786861956717025,0.0803975373538174
cx_ry,rotation_only,4,8,linear,9,noiseless,0.2513102933250665,0.6908081138118939,0.3963818388454737
cx_ry,rotation_only,4,8,linear,9,noisy,3.409214800431545,0.7786506275352494,0.3918565355154554
cx_ry,rotation_only,4,8,circular,0,noiseless,0.1769279409873565,0.7585137345209821,0.0025048943416779
cx_ry,rotation_only,4,8,circular,0,noisy,18.916213341094835,0.9715655587595938,1.0357009264266426e-32
cx_ry,rotation_only,4,8,circular,1,noiseless,0.1067471584654341,0.7588371625245662,0.1528731765589226
cx_ry,rotation_only,4,8,circular,1,noisy,18.584688809415795,0.9755166702895788,6.701380237603408e-33
cx_ry,rotation_only,4,8,circular,2,noiseless,0.1272375620116824,0.7691879891256777,0.0561473267538005
cx_ry,rotation_only,4,8,circular,2,noisy,19.113318188954768,0.9748367592146676,5.4102047040538e-33
cx_ry,rotation_only,4,8,circular,3,noiseless,0.0694899253726464,0.7700408118146806,0.3290647195672306
cx_ry,rotation_only,4,8,circular,3,noisy,18.925101788216256,0.9744135893739428,6.30255224495322e-33
cx_ry,rotation_only,4,8,circular,4,noiseless,0.1473160001572729,0.7654760299196062,0.0412612934415774
cx_ry,rotation_only,4,8,circular,4,noisy,18.931809399321576,0.9723686763134762,8.337618219522399e-33
cx_ry,rotation_only,4,8,circular,5,noiseless,0.1112208072285319,0.774566471433573,0.0566687021905492
cx_ry,rotation_only,4,8,circular,5,noisy,19.003944163773628,0.9763609564357963,6.237873097654215e-33
cx_ry,rotation_only,4,8,circular,6,noiseless,0.1496536140305238,0.7803978773528283,0.0938129811192045
cx_ry,rotation_only,4,8,circular,6,noisy,18.915943072331128,0.9788780077396098,3.3269904808749394e-33
cx_ry,rotation_only,4,8,circular,7,noiseless,0.1172582881052206,0.7761340688536216,0.0473930240951017
cx_ry,rotation_only,4,8,circular,7,noisy,18.651842300156893,0.9744972735103994,5.1388090760572306e-33
cx_ry,rotation_only,4,8,circular,8,noiseless,0.1741282560435044,0.7657958219987765,0.0335290301470399
cx_ry,rotation_only,4,8,circular,8,noisy,18.68935814252233,0.9756292043727276,7.720036684022222e-33
cx_ry,rotation_only,4,8,circular,9,noiseless,0.1017992532355946,0.7426727981712841,0.1200032840230043
cx_ry,rotation_only,4,8,circular,9,noisy,18.64343684738939,0.9667301069039376,1.1322328150836513e-33
cx_ry,rotation_only,4,8,full,0,noiseless,0.1889386709862113,0.6818703200945626,0.1635917081345595
cx_ry,rotation_only,4,8,full,0,noisy,26.17957009734882,0.973952144433717,6.881691807862125e-12
cx_ry,rotation_only,4,8,full,1,noiseless,0.2324557434338243,0.6669341989166466,0.0467017045486951
cx_ry,rotation_only,4,8,full,1,noisy,26.20260052681839,0.9752112307545376,7.199595920698164e-11
cx_ry,rotation_only,4,8,full,2,noiseless,0.2332233856723735,0.6654207814012785,0.1101533668813966
cx_ry,rotation_only,4,8,full,2,noisy,26.55348219894639,0.9727534630921898,7.803186518773731e-11
cx_ry,rotation_only,4,8,full,3,noiseless,0.2061182730246196,0.6443193083947942,0.1437517716484499
cx_ry,rotation_only,4,8,full,3,noisy,25.755134370635183,0.9703830700540989,1.0917652138574472e-11
cx_ry,rotation_only,4,8,full,4,noiseless,0.2486112798676246,0.669501661133224,0.0502359549628683
cx_ry,rotation_only,4,8,full,4,noisy,26.17786378944587,0.9705759990237216,9.646409951503712e-12
cx_ry,rotation_only,4,8,full,5,noiseless,0.1918708088037158,0.6525938393510035,0.3495383136755566
cx_ry,rotation_only,4,8,full,5,noisy,26.0546228016804,0.9724300360739988,2.0973304213313334e-10
cx_ry,rotation_only,4,8,full,6,noiseless,0.1253754176982273,0.6810240890448559,0.1472791209943984
cx_ry,rotation_only,4,8,full,6,noisy,26.08689281868154,0.9709152033656092,4.7534451676804845e-11
cx_ry,rotation_only,4,8,full,7,noiseless,0.1548722094979443,0.6390536951887948,0.1862834711714339
cx_ry,rotation_only,4,8,full,7,noisy,26.38475824896948,0.9733083948783264,8.405217202607009e-11
cx_ry,rotation_only,4,8,full,8,noiseless,0.3031660466008616,0.6429919749959508,0.1616388113286065
cx_ry,rotation_only,4,8,full,8,noisy,26.12444220415088,0.9729172216862414,1.4491679872096712e-11
cx_ry,rotation_only,4,8,full,9,noiseless,0.1138217007428526,0.6658329286781501,0.1291629328271263
cx_ry,rotation_only,4,8,full,9,noisy,26.461765196468637,0.9741583054027732,1.3617616752553078e-10
cx_ry,rotation_only,8,1,linear,0,noiseless,0.5581860084055774,0.6056391837778036,0.0367105105335241
cx_ry,rotation_only,8,1,linear,0,noisy,11.922162629400828,0.7654609038192643,0.0274119031498959
cx_ry,rotation_only,8,1,linear,1,noiseless,0.2798469477578503,0.597844933716307,0.2462416595961464
cx_ry,rotation_only,8,1,linear,1,noisy,12.064637830414435,0.7022212942183466,0.1900093465896633
cx_ry,rotation_only,8,1,linear,2,noiseless,0.5014105611519974,0.5985413911115884,0.0839651407462114
cx_ry,rotation_only,8,1,linear,2,noisy,8.138165957156644,0.7677699701493345,0.0565191934903669
cx_ry,rotation_only,8,1,linear,3,noiseless,0.2336694346564843,0.5898377002982808,0.4246071002477234
cx_ry,rotation_only,8,1,linear,3,noisy,11.497049802219063,0.7547252158646657,0.384531475347397
cx_ry,rotation_only,8,1,linear,4,noiseless,0.2474026336432145,0.599844970317084,0.0686430005854188
cx_ry,rotation_only,8,1,linear,4,noisy,4.836283436144352,0.7357406243891196,0.051099062656869
cx_ry,rotation_only,8,1,linear,5,noiseless,0.4167438449354417,0.6048728491545351,0.4750064410031125
cx_ry,rotation_only,8,1,linear,5,noisy,17.642197686588425,0.7222817905493193,0.3220152504622053
cx_ry,rotation_only,8,1,linear,6,noiseless,0.2901933381049755,0.6032358980724769,0.4802687574158683
cx_ry,rotation_only,8,1,linear,6,noisy,9.022460939531769,0.7659406737753116,0.3871708513682577
cx_ry,rotation_only,8,1,linear,7,noiseless,0.3022777467603151,0.5845345770487318,0.2905463781975517
cx_ry,rotation_only,8,1,linear,7,noisy,10.19185496593886,0.7223834826503218,0.2834356290821015
cx_ry,rotation_only,8,1,linear,8,noiseless,0.6628620782770265,0.5872148936356603,0.3343379378318878
cx_ry,rotation_only,8,1,linear,8,noisy,14.815271730668163,0.7452185679971147,0.2543095766879262
cx_ry,rotation_only,8,1,linear,9,noiseless,0.2024237848703089,0.5769251897189491,0.4448447620109136
cx_ry,rotation_only,8,1,linear,9,noisy,10.346312652426713,0.704176842530575,0.386971416036077
cx_ry,rotation_only,8,1,circular,0,noiseless,0.5581860084055774,0.7142284884897867,0.0837710954725214
cx_ry,rotation_only,8,1,circular,0,noisy,63.65111649219889,0.9146936458518258,2.8840265936658747e-33
cx_ry,rotation_only,8,1,circular,1,noiseless,0.2798469477578503,0.6997643371414471,0.1541914407607966
cx_ry,rotation_only,8,1,circular,1,noisy,35.8746679245977,0.8860062069278467,8.271243225706606e-35
cx_ry,rotation_only,8,1,circular,2,noiseless,0.5014105611519974,0.7091054159301103,0.0051552365902084
cx_ry,rotation_only,8,1,circular,2,noisy,51.427959624978385,0.921011112564001,2.3461078401231877e-33
cx_ry,rotation_only,8,1,circular,3,noiseless,0.2336694346564843,0.7037307507371383,0.0101100797039441
cx_ry,rotation_only,8,1,circular,3,noisy,50.57468683709266,0.883270954009714,5.179071377142888e-35
cx_ry,rotation_only,8,1,circular,4,noiseless,0.2474026336432145,0.7098295852816824,0.0253202450972432
cx_ry,rotation_only,8,1,circular,4,noisy,43.61179121153297,0.9061277199118322,2.8376036572980415e-33
cx_ry,rotation_only,8,1,circular,5,noiseless,0.4167438449354417,0.7112337607661791,0.0051109498448383
cx_ry,rotation_only,8,1,circular,5,noisy,42.64560672834257,0.8997010744201607,2.9729403594317526e-33
cx_ry,rotation_only,8,1,circular,6,noiseless,0.2901933381049755,0.7098955641678596,0.3781731603080236
cx_ry,rotation_only,8,1,circular,6,noisy,40.559450068940464,0.9042899144434156,2.4994959559500596e-33
cx_ry,rotation_only,8,1,circular,7,noiseless,0.3022777467603151,0.6960914435785535,0.0145480890853252
cx_ry,rotation_only,8,1,circular,7,noisy,41.637818720140174,0.8929971792695015,5.2498687374390543e-33
cx_ry,rotation_only,8,1,circular,8,noiseless,0.6628620782770265,0.6970035507211033,0.1458088016647312
cx_ry,rotation_only,8,1,circular,8,noisy,42.32864368255042,0.8814493455486598,8.597672260068685e-34
cx_ry,rotation_only,8,1,circular,9,noiseless,0.2024237848703089,0.6872016714445855,0.0716040314098047
cx_ry,rotation_only,8,1,circular,9,noisy,50.086845024578025,0.8706448895245599,1.755592140416987e-33
cx_ry,rotation_only,8,1,full,0,noiseless,0.5581860084055774,0.5864092670944181,0.0231401774983788
cx_ry,rotation_only,8,1,full,0,noisy,inf,0.9999920931899532,2.6397501102838596e-06
cx_ry,rotation_only,8,1,full,1,noiseless,0.2798469477578503,0.6068794638307033,0.0753907085835525
cx_ry,rotation_only,8,1,full,1,noisy,inf,0.9999926980258051,2.6811535198121283e-06
cx_ry,rotation_only,8,1,full,2,noiseless,0.5014105611519974,0.60678091179089,0.0773867922929058
cx_ry,rotation_only,8,1,full,2,noisy,inf,0.999992268307479,1.6174002529701808e-06
cx_ry,rotation_only,8,1,full,3,noiseless,0.2336694346564843,0.5823512264455196,0.4133158240777463
cx_ry,rotation_only,8,1,full,3,noisy,inf,0.9999918498034696,2.782010496400804e-06
cx_ry,rotation_only,8,1,full,4,noiseless,0.2474026336432145,0.6005471510037904,0.0453999511154139
cx_ry,rotation_only,8,1,full,4,noisy,inf,0.9999921583190878,4.147315121969575e-06
cx_ry,rotation_only,8,1,full,5,noiseless,0.4167438449354417,0.5847985587336713,0.4706967052607618
cx_ry,rotation_only,8,1,full,5,noisy,inf,0.999992442549472,1.644588699419703e-06
cx_ry,rotation_only,8,1,full,6,noiseless,0.2901933381049755,0.6014202325711805,0.106695686041387
cx_ry,rotation_only,8,1,full,6,noisy,inf,0.999990412084522,3.5903941739971423e-06
cx_ry,rotation_only,8,1,full,7,noiseless,0.3022777467603151,0.601359618325609,0.2681230200886441
cx_ry,rotation_only,8,1,full,7,noisy,inf,0.99999194752811,4.0955341949913286e-06
cx_ry,rotation_only,8,1,full,8,noiseless,0.6628620782770265,0.59384150171035,0.1911069646827454
cx_ry,rotation_only,8,1,full,8,noisy,inf,0.9999915518529447,3.296371786015011e-06
cx_ry,rotation_only,8,1,full,9,noiseless,0.2024237848703089,0.5836479189843802,0.3820052108891081
cx_ry,rotation_only,8,1,full,9,noisy,inf,0.9999922001113456,4.5471230415337935e-06
cx_ry,rotation_only,8,2,linear,0,noiseless,0.5497075057041142,0.7413648779424952,0.035700517071946
cx_ry,rotation_only,8,2,linear,0,noisy,31.202054538020484,0.8289482248150635,0.0292648108284068
cx_ry,rotation_only,8,2,linear,1,noiseless,0.3991561306613038,0.7076305629203071,0.2972419535215767
cx_ry,rotation_only,8,2,linear,1,noisy,32.07086370345621,0.7742449023883464,0.302815289458725
cx_ry,rotation_only,8,2,linear,2,noiseless,0.622139129221591,0.728306959007393,0.1179504046729685
cx_ry,rotation_only,8,2,linear,2,noisy,38.18697805658238,0.8357046979226849,0.1055039626041792
cx_ry,rotation_only,8,2,linear,3,noiseless,0.3097577320264509,0.7260654699545687,0.3710119874026229
cx_ry,rotation_only,8,2,linear,3,noisy,28.86222569513845,0.8288318441948671,0.3031190186167441
cx_ry,rotation_only,8,2,linear,4,noiseless,0.6014074513498562,0.7329648395663773,0.1537937981464742
cx_ry,rotation_only,8,2,linear,4,noisy,27.91182093207872,0.801027267609451,0.124255314532046
cx_ry,rotation_only,8,2,linear,5,noiseless,0.5434688271629641,0.7204037155122762,0.4930474579959231
cx_ry,rotation_only,8,2,linear,5,noisy,50.61283247972347,0.7837612954878566,0.5367393238416652
cx_ry,rotation_only,8,2,linear,6,noiseless,0.3895203069420448,0.7186999766428874,0.5507904077846664
cx_ry,rotation_only,8,2,linear,6,noisy,27.77557056929954,0.8091119874419942,0.50470230806154
cx_ry,rotation_only,8,2,linear,7,noiseless,0.5441100971873991,0.707014001491658,0.212158901750521
cx_ry,rotation_only,8,2,linear,7,noisy,34.76395470904174,0.7870249044395974,0.1944086944769454
cx_ry,rotation_only,8,2,linear,8,noiseless,1.0177763959754749,0.7155900004565631,0.072102034415831
cx_ry,rotation_only,8,2,linear,8,noisy,32.09649303696187,0.8101624280023774,0.0555856778591452
cx_ry,rotation_only,8,2,linear,9,noiseless,0.7022605630330362,0.7140787826410008,0.4412284259768828
cx_ry,rotation_only,8,2,linear,9,noisy,39.630960660246195,0.7710806526333369,0.3989167368439907
cx_ry,rotation_only,8,2,circular,0,noiseless,0.1985025754691931,0.8834192672288056,0.0047716107116853
cx_ry,rotation_only,8,2,circular,0,noisy,92.54445584820049,0.9666514196589588,0.0015009738987081
cx_ry,rotation_only,8,2,circular,1,noiseless,0.2688200156710605,0.8789608255922758,0.0411893294207127
cx_ry,rotation_only,8,2,circular,1,noisy,93.70873599247372,0.9412630537251044,0.0073226632340669
cx_ry,rotation_only,8,2,circular,2,noiseless,0.3129220084355697,0.8898068784047533,0.0602353261418889
cx_ry,rotation_only,8,2,circular,2,noisy,97.559569746444,0.9632524438177048,0.0482709739287227
cx_ry,rotation_only,8,2,circular,3,noiseless,0.1994878673963429,0.886355942962782,0.0523487001173288
cx_ry,rotation_only,8,2,circular,3,noisy,87.33795443987849,0.9578275225846704,0.043865272041891
cx_ry,rotation_only,8,2,circular,4,noiseless,0.4945630682791216,0.8927049129413487,0.0316655687799556
cx_ry,rotation_only,8,2,circular,4,noisy,98.50865091465435,0.948895145709546,0.0239727249537106
cx_ry,rotation_only,8,2,circular,5,noiseless,0.1790128628895737,0.8917147300388331,0.0068499325833529
cx_ry,rotation_only,8,2,circular,5,noisy,111.97714476062556,0.9631615093569752,0.0053249203133412
cx_ry,rotation_only,8,2,circular,6,noiseless,0.2323948740114928,0.8830798106489911,0.0007133560814711
cx_ry,rotation_only,8,2,circular,6,noisy,95.3155420518994,0.9524842036790993,8.663184598589065e-06
cx_ry,rotation_only,8,2,circular,7,noiseless,0.3648532220598002,0.8761109467153025,0.0390043261032392
cx_ry,rotation_only,8,2,circular,7,noisy,94.03610436712388,0.9518916570868317,0.0278933181398716
cx_ry,rotation_only,8,2,circular,8,noiseless,0.4706854426068099,0.8834584265287495,0.0013199780265065
cx_ry,rotation_only,8,2,circular,8,noisy,86.42333502136097,0.9591875881433488,5.668478899320544e-05
cx_ry,rotation_only,8,2,circular,9,noiseless,0.3886098890907306,0.8755951727711975,0.0024814278739711
cx_ry,rotation_only,8,2,circular,9,noisy,104.42863844005969,0.9525868651460044,0.0065927489872426
cx_ry,rotation_only,8,2,full,0,noiseless,0.6736665371269909,0.6418146354303386,0.0011972375630939
cx_ry,rotation_only,8,2,full,0,noisy,inf,0.999989737735359,1.2797767332803197e-05
cx_ry,rotation_only,8,2,full,1,noiseless,0.7716723441653799,0.630061659476507,0.012434392757365
cx_ry,rotation_only,8,2,full,1,noisy,inf,0.9999897372387032,1.2323441775541798e-05
cx_ry,rotation_only,8,2,full,2,noiseless,0.601110491669609,0.6374343000272138,0.011296423568451
cx_ry,rotation_only,8,2,full,2,noisy,inf,0.9999894636436816,2.9613462588465605e-06
cx_ry,rotation_only,8,2,full,3,noiseless,0.7130670667953991,0.6243021113314008,0.3875842187176089
cx_ry,rotation_only,8,2,full,3,noisy,inf,0.9999896006388258,2.139569019817175e-06
cx_ry,rotation_only,8,2,full,4,noiseless,0.9496505152189298,0.638524659364983,0.012811339301458
cx_ry,rotation_only,8,2,full,4,noisy,inf,0.9999897685690882,5.343332179180591e-06
cx_ry,rotation_only,8,2,full,5,noiseless,0.5700103365139415,0.624401927200375,0.4632609877901822
cx_ry,rotation_only,8,2,full,5,noisy,inf,0.99998965762811,2.6097411001221517e-06
cx_ry,rotation_only,8,2,full,6,noiseless,0.4406226241751482,0.6351750023949436,0.019136672511967
cx_ry,rotation_only,8,2,full,6,noisy,inf,0.9999896116117284,1.7775581493224905e-06
cx_ry,rotation_only,8,2,full,7,noiseless,0.7403578514361563,0.637295859935261,0.1389339408052937
cx_ry,rotation_only,8,2,full,7,noisy,inf,0.999989684070592,3.6268041056102514e-06
cx_ry,rotation_only,8,2,full,8,noiseless,0.6920883453069067,0.6313141497187045,0.0688620963155564
cx_ry,rotation_only,8,2,full,8,noisy,inf,0.9999895083699268,6.175601670063627e-06
cx_ry,rotation_only,8,2,full,9,noiseless,0.7279971179697923,0.6327728068922751,0.2939802751416658
cx_ry,rotation_only,8,2,full,9,noisy,inf,0.9999895069060516,2.3501815259742753e-06
cx_ry,rotation_only,8,4,linear,0,noiseless,0.1859412992669367,0.8441513568208666,0.3295144544210096
cx_ry,rotation_only,8,4,linear,0,noisy,134.8224342344289,0.9031876686885406,0.228149018672887
cx_ry,rotation_only,8,4,linear,1,noiseless,0.1688630771719622,0.8258187148118129,0.1930245856141868
cx_ry,rotation_only,8,4,linear,1,noisy,124.37932922453948,0.8700221777624513,0.1230449501021748
cx_ry,rotation_only,8,4,linear,2,noiseless,0.135542307041171,0.8419123175065928,0.0504195435950156
cx_ry,rotation_only,8,4,linear,2,noisy,158.81255013696952,0.9145361442496278,0.0314601837195381
cx_ry,rotation_only,8,4,linear,3,noiseless,0.0920809509097148,0.8342622367372877,0.321007194384945
cx_ry,rotation_only,8,4,linear,3,noisy,148.9714586986713,0.9155934132833652,0.2660130791991585
cx_ry,rotation_only,8,4,linear,4,noiseless,0.1873912812231839,0.8399529604637544,0.0446896573574729
cx_ry,rotation_only,8,4,linear,4,noisy,134.11002291172042,0.8832671311166912,0.0325373045321815
cx_ry,rotation_only,8,4,linear,5,noiseless,0.1083976606987898,0.8305946819137688,0.4454300268348679
cx_ry,rotation_only,8,4,linear,5,noisy,148.63220769126997,0.879360072723922,0.3912037509486759
cx_ry,rotation_only,8,4,linear,6,noiseless,0.1777468839834002,0.8394868843361131,0.0104476487007562
cx_ry,rotation_only,8,4,linear,6,noisy,145.16118540810783,0.9107408970525084,0.0100772295284606
cx_ry,rotation_only,8,4,linear,7,noiseless,0.1039128166133107,0.8237717545697248,0.1636732845498821
cx_ry,rotation_only,8,4,linear,7,noisy,129.32592704016815,0.8856367309332219,0.1423064679908783
cx_ry,rotation_only,8,4,linear,8,noiseless,0.1728593376511853,0.8231029614923261,0.0328544803239053
cx_ry,rotation_only,8,4,linear,8,noisy,150.03242406062813,0.8965061623904206,0.0245276173817564
cx_ry,rotation_only,8,4,linear,9,noiseless,0.1102298574797749,0.8293324556689796,0.4627179239099677
cx_ry,rotation_only,8,4,linear,9,noisy,131.42056171826067,0.8710075277361252,0.3660161953926391
cx_ry,rotation_only,8,4,circular,0,noiseless,0.0112568411011437,0.9550014148757944,0.0001065145120372
cx_ry,rotation_only,8,4,circular,0,noisy,inf,0.99580878206755,3.9530882378479504e-35
cx_ry,rotation_only,8,4,circular,1,noiseless,0.0218908760544474,0.9559307427170292,1.1359317052895288e-05
cx_ry,rotation_only,8,4,circular,1,noisy,inf,0.9953207847224008,3.455326461097087e-35
cx_ry,rotation_only,8,4,circular,2,noiseless,0.0065265640766859,0.9578319081835974,0.004726480776651
cx_ry,rotation_only,8,4,circular,2,noisy,inf,0.9962639729113648,4.995485281641133e-35
cx_ry,rotation_only,8,4,circular,3,noiseless,0.0110819576432267,0.9570994755268732,0.0085694614609707
cx_ry,rotation_only,8,4,circular,3,noisy,inf,0.996485025105678,7.113569369242784e-35
cx_ry,rotation_only,8,4,circular,4,noiseless,0.004529523285591,0.9591344508174268,0.0038015160865735
cx_ry,rotation_only,8,4,circular,4,noisy,inf,0.9975854465426114,2.4096610205666844e-34
cx_ry,rotation_only,8,4,circular,5,noiseless,0.0438186303292107,0.9575885646036738,0.0002351842102133
cx_ry,rotation_only,8,4,circular,5,noisy,inf,0.9957505137520716,8.126688767071488e-35
cx_ry,rotation_only,8,4,circular,6,noiseless,0.0230470707738039,0.9541387121710828,0.0026470438001101
cx_ry,rotation_only,8,4,circular,6,noisy,inf,0.9966232832515968,1.77049302027317e-34
cx_ry,rotation_only,8,4,circular,7,noiseless,0.0205085177968698,0.9554903031057628,0.0084410167986946
cx_ry,rotation_only,8,4,circular,7,noisy,inf,0.9944454742118466,1.346562737592621e-35
cx_ry,rotation_only,8,4,circular,8,noiseless,0.0531736252596943,0.9548876574025624,0.0003712965458513
cx_ry,rotation_only,8,4,circular,8,noisy,inf,0.9954421035607092,3.2520129581788644e-35
cx_ry,rotation_only,8,4,circular,9,noiseless,0.0437864269832334,0.9486279986860708,0.0020655656636079
cx_ry,rotation_only,8,4,circular,9,noisy,inf,0.9956177533301448,2.728066391711017e-35
cx_ry,rotation_only,8,4,full,0,noiseless,0.0840965993309015,0.8061801040804955,0.0133379296742836
cx_ry,rotation_only,8,4,full,0,noisy,inf,0.9999898125073023,2.743708303205959e-34
cx_ry,rotation_only,8,4,full,1,noiseless,0.1552711243284389,0.7984200795958895,0.0006973541653604
cx_ry,rotation_only,8,4,full,1,noisy,inf,0.9999896107979376,1.8237591100653643e-34
cx_ry,rotation_only,8,4,full,2,noiseless,0.1096862258782817,0.8060225461953582,0.0174564038852926
cx_ry,rotation_only,8,4,full,2,noisy,inf,0.9999896435490928,2.6346976590881033e-34
cx_ry,rotation_only,8,4,full,3,noiseless,0.1780138422516433,0.8012501279971016,0.2719047825160608
cx_ry,rotation_only,8,4,full,3,noisy,inf,0.9999898681849796,1.8076574496687678e-34
cx_ry,rotation_only,8,4,full,4,noiseless,0.0920283240056513,0.8036452264552253,0.0040001225632385
cx_ry,rotation_only,8,4,full,4,noisy,inf,0.999989954115764,3.7179475723287966e-34
cx_ry,rotation_only,8,4,full,5,noiseless,0.1500802076128488,0.7958373330331711,0.5003210121528532
cx_ry,rotation_only,8,4,full,5,noisy,inf,0.9999897454288184,1.9261159337156323e-34
cx_ry,rotation_only,8,4,full,6,noiseless,0.1380519123768921,0.8094825278695211,0.0224350437620425
cx_ry,rotation_only,8,4,full,6,noisy,inf,0.9999895857021364,1.3785884281283567e-34
cx_ry,rotation_only,8,4,full,7,noiseless,0.0808736247029041,0.7842037071523583,0.014100885372127
cx_ry,rotation_only,8,4,full,7,noisy,inf,0.9999895682572604,2.610328877532657e-34
cx_ry,rotation_only,8,4,full,8,noiseless,0.1085911075300674,0.7923185571809719,0.0558861289597087
cx_ry,rotation_only,8,4,full,8,noisy,inf,0.999989809467136,1.553274202847621e-34
cx_ry,rotation_only,8,4,full,9,noiseless,0.2186069424793847,0.7926957949467734,0.2176154716816054
cx_ry,rotation_only,8,4,full,9,noisy,inf,0.9999898766501794,2.727021507843619e-34
cx_ry,rotation_only,8,8,linear,0,noiseless,0.0830821492023602,0.9362160587740432,0.024985198711116
cx_ry,rotation_only,8,8,linear,0,noisy,inf,0.9758033346711056,7.980665218861236e-05
cx_ry,rotation_only,8,8,linear,1,noiseless,0.0516348100423294,0.9235704801048256,0.0112386016804261
cx_ry,rotation_only,8,8,linear,1,noisy,inf,0.9567845563663488,0.0087796440286033
cx_ry,rotation_only,8,8,linear,2,noiseless,0.047273364577179,0.9319343281516892,0.0034661773001657
cx_ry,rotation_only,8,8,linear,2,noisy,inf,0.968130397135395,0.0002727763421061
cx_ry,rotation_only,8,8,linear,3,noiseless,0.0400806060572434,0.9289101110094952,0.1389599981949647
cx_ry,rotation_only,8,8,linear,3,noisy,inf,0.9771106331051256,0.1050067438566052
cx_ry,rotation_only,8,8,linear,4,noiseless,0.0531929878908644,0.9302363987847946,0.028911300081563
cx_ry,rotation_only,8,8,linear,4,noisy,inf,0.9576040699837944,0.0014427028892978
cx_ry,rotation_only,8,8,linear,5,noiseless,0.0476719809460437,0.9277453263199535,0.3144929860978325
cx_ry,rotation_only,8,8,linear,5,noisy,inf,0.9554251664904352,0.2525389143757191
cx_ry,rotation_only,8,8,linear,6,noiseless,0.0624437284535502,0.9329150765445116,0.0128439479404593
cx_ry,rotation_only,8,8,linear,6,noisy,inf,0.9719157412656112,0.0014674298043608
cx_ry,rotation_only,8,8,linear,7,noiseless,0.0375547562389068,0.9227814152155956,0.023291127249768
cx_ry,rotation_only,8,8,linear,7,noisy,inf,0.9561694373945436,0.012178026674976
cx_ry,rotation_only,8,8,linear,8,noiseless,0.0400806060572434,0.9192598084371963,0.0224868123809565
cx_ry,rotation_only,8,8,linear,8,noisy,inf,0.9619696961094376,0.0033358452617808
cx_ry,rotation_only,8,8,linear,9,noiseless,0.0557018562153819,0.9272811446270574,0.4371211121620011
cx_ry,rotation_only,8,8,linear,9,noisy,inf,0.9522146019764174,0.3199243166116868
cx_ry,rotation_only,8,8,circular,0,noiseless,0.0298751255039756,0.9802553905637694,0.0185674748693632
cx_ry,rotation_only,8,8,circular,0,noisy,inf,0.99998460693304,1.8538120598594544e-35
cx_ry,rotation_only,8,8,circular,1,noiseless,0.0112568411011437,0.9782542872211109,0.002174470208037
cx_ry,rotation_only,8,8,circular,1,noisy,inf,0.9999558787026784,1.2174150915822788e-35
cx_ry,rotation_only,8,8,circular,2,noiseless,0.0139397734553261,0.9820007785756084,0.0249125559182893
cx_ry,rotation_only,8,8,circular,2,noisy,inf,0.9999869805490308,1.3932272511105968e-35
cx_ry,rotation_only,8,8,circular,3,noiseless,0.0204110457665515,0.9802119872668408,0.009111361339197
cx_ry,rotation_only,8,8,circular,3,noisy,inf,0.9999726104863014,2.442436937719212e-35
cx_ry,rotation_only,8,8,circular,4,noiseless,0.0087783250563018,0.9807215107391388,0.0103907635841763
cx_ry,rotation_only,8,8,circular,4,noisy,inf,0.9999703541620092,3.051896799894878e-35
cx_ry,rotation_only,8,8,circular,5,noiseless,0.0230470707738039,0.9789553009018308,0.0042830436935695
cx_ry,rotation_only,8,8,circular,5,noisy,inf,0.9999411838158728,2.2706580299190479e-35
cx_ry,rotation_only,8,8,circular,6,noiseless,0.013083063477771,0.979244593919034,0.0041581666858355
cx_ry,rotation_only,8,8,circular,6,noisy,inf,0.99995923750187,2.9642310434202194e-35
cx_ry,rotation_only,8,8,circular,7,noiseless,0.0224162249236674,0.9799444078809114,0.0252132463876997
cx_ry,rotation_only,8,8,circular,7,noisy,inf,0.9999663056748208,2.9534478419086764e-35
cx_ry,rotation_only,8,8,circular,8,noiseless,0.0198489155010859,0.9802615094742668,0.0080513618278227
cx_ry,rotation_only,8,8,circular,8,noisy,inf,0.9999358591170204,1.8084849976917468e-35
cx_ry,rotation_only,8,8,circular,9,noiseless,0.0080002150567231,0.9770626833379112,0.0005347213943902
cx_ry,rotation_only,8,8,circular,9,noisy,inf,0.9998931940348608,2.6681318530770905e-35
cx_ry,rotation_only,8,8,full,0,noiseless,0.056247192181918,0.9265836433750784,0.005034687974716
cx_ry,rotation_only,8,8,full,0,noisy,inf,0.9999906652163212,2.0948354215520563e-34
cx_ry,rotation_only,8,8,full,1,noiseless,0.0476719809460437,0.915261629780538,0.0185647640590772
cx_ry,rotation_only,8,8,full,1,noisy,inf,0.9999910028908168,1.909470933707989e-34
cx_ry,rotation_only,8,8,full,2,noiseless,0.0198489155010859,0.9221567833413284,0.0507131985914825
cx_ry,rotation_only,8,8,full,2,noisy,inf,0.9999909933574695,1.607240364830971e-34
cx_ry,rotation_only,8,8,full,3,noiseless,0.0389859126370571,0.9214074628891696,0.1286345326304498
cx_ry,rotation_only,8,8,full,3,noisy,inf,0.9999906416603715,2.1160758208085144e-34
cx_ry,rotation_only,8,8,full,4,noiseless,0.0178214954602866,0.92101907624864,7.172372057983e-05
cx_ry,rotation_only,8,8,full,4,noisy,inf,0.999990575646012,2.1361187831529347e-34
cx_ry,rotation_only,8,8,full,5,noiseless,0.0527519644176945,0.9179439651051944,0.4277273365473036
cx_ry,rotation_only,8,8,full,5,noisy,inf,0.99999076181024,2.0604190367277143e-34
cx_ry,rotation_only,8,8,full,6,noiseless,0.0313174362080906,0.92322533066597,0.008054165198816
cx_ry,rotation_only,8,8,full,6,noisy,inf,0.9999908691752164,1.8602715319277062e-34
cx_ry,rotation_only,8,8,full,7,noiseless,0.0298539492241774,0.9139868292244578,0.0074385424974848
cx_ry,rotation_only,8,8,full,7,noisy,inf,0.9999909399509944,1.976385296576131e-34
cx_ry,rotation_only,8,8,full,8,noiseless,0.0364644461659583,0.909893719396762,0.0129970738267191
cx_ry,rotation_only,8,8,full,8,noisy,inf,0.999990762856532,2.269907803302257e-34
cx_ry,rotation_only,8,8,full,9,noiseless,0.067479701064619,0.918213331453804,0.0805087390370686
cx_ry,rotation_only,8,8,full,9,noisy,inf,0.999990626282066,2.6661779202450576e-34
cx_ry,rotation_only,10,1,linear,0,noiseless,0.2462822386922319,0.6193218498444041,0.0350136672740266
cx_ry,rotation_only,10,1,linear,0,noisy,inf,0.8039324574392235,0.038397085819106
cx_ry,rotation_only,10,1,linear,1,noiseless,0.943422382401399,0.6219883911912172,0.2130511947351663
cx_ry,rotation_only,10,1,linear,1,noisy,73.98380218812727,0.7894850582021733,0.1824103099363775
cx_ry,rotation_only,10,1,linear,2,noiseless,0.6935542793853388,0.6353560936499073,0.0737628462770639
cx_ry,rotation_only,10,1,linear,2,noisy,22.56032507527175,0.7854277041157592,0.0590001152275442
cx_ry,rotation_only,10,1,linear,3,noiseless,0.1272350515861328,0.6269464780391744,0.4462390752499157
cx_ry,rotation_only,10,1,linear,3,noisy,40.60000424210316,0.7771404296282642,0.4843130706576897
cx_ry,rotation_only,10,1,linear,4,noiseless,0.6316922903194195,0.6313858115873513,0.0708817220945935
cx_ry,rotation_only,10,1,linear,4,noisy,48.07942350596254,0.7832536267662589,0.0593775035542055
cx_ry,rotation_only,10,1,linear,5,noiseless,0.0971659200262111,0.639753519648412,0.4472835291871153
cx_ry,rotation_only,10,1,linear,5,noisy,inf,0.7906245218726969,0.3968973078589344
cx_ry,rotation_only,10,1,linear,6,noiseless,0.2310167651788796,0.6276243313756005,0.5050824952344907
cx_ry,rotation_only,10,1,linear,6,noisy,56.440167818318635,0.7987221214465314,0.3766683462298063
cx_ry,rotation_only,10,1,linear,7,noiseless,0.707909583695061,0.6357543811986791,0.287782215066872
cx_ry,rotation_only,10,1,linear,7,noisy,27.307091592461216,0.7973807258731759,0.2812160229654398
cx_ry,rotation_only,10,1,linear,8,noiseless,1.372899649405261,0.6412234380546832,0.3119351152990016
cx_ry,rotation_only,10,1,linear,8,noisy,inf,0.8016192670983084,0.2673203876714553
cx_ry,rotation_only,10,1,linear,9,noiseless,0.3132735562247702,0.6135200493254132,0.4790722730083513
cx_ry,rotation_only,10,1,linear,9,noisy,35.43467361764185,0.7592241665894398,0.5198716766789758
cx_ry,rotation_only,10,1,circular,0,noiseless,0.2462822386922319,0.7132562665236617,0.0141939026676078
cx_ry,rotation_only,10,1,circular,0,noisy,158.77185099808972,0.92842064496177,2.265402786507972e-34
cx_ry,rotation_only,10,1,circular,1,noiseless,0.943422382401399,0.7090972018817367,0.153094853380826
cx_ry,rotation_only,10,1,circular,1,noisy,inf,0.913026324291607,2.526734490149637e-32
cx_ry,rotation_only,10,1,circular,2,noiseless,0.6935542793853388,0.7225076950006476,0.0057807754228482
cx_ry,rotation_only,10,1,circular,2,noisy,inf,0.9383655374952208,7.416371698572043e-33
cx_ry,rotation_only,10,1,circular,3,noiseless,0.1272350515861328,0.7161508579363037,0.0075940875342918
cx_ry,rotation_only,10,1,circular,3,noisy,146.4595649852934,0.9192057787635254,2.3120793161904238e-34
cx_ry,rotation_only,10,1,circular,4,noiseless,0.6316922903194195,0.7175884249033255,0.0258769756601725
cx_ry,rotation_only,10,1,circular,4,noisy,inf,0.9206883724759416,3.552732886204591e-33
cx_ry,rotation_only,10,1,circular,5,noiseless,0.0971659200262111,0.7243373102891337,0.0056843491582791
cx_ry,rotation_only,10,1,circular,5,noisy,inf,0.9265494564929102,1.7117290859335678e-32
cx_ry,rotation_only,10,1,circular,6,noiseless,0.2310167651788796,0.713777627620765,0.3663849287029792
cx_ry,rotation_only,10,1,circular,6,noisy,inf,0.9019465488431968,7.676001098314618e-34
cx_ry,rotation_only,10,1,circular,7,noiseless,0.707909583695061,0.7178231353901242,0.0149670357591815
cx_ry,rotation_only,10,1,circular,7,noisy,inf,0.9159344618135358,1.5546252376881655e-35
cx_ry,rotation_only,10,1,circular,8,noiseless,1.372899649405261,0.7201012756582714,0.1477812294307489
cx_ry,rotation_only,10,1,circular,8,noisy,inf,0.9193935034369598,8.040222537276603e-34
cx_ry,rotation_only,10,1,circular,9,noiseless,0.3132735562247702,0.6979941722219869,0.0637589726077897
cx_ry,rotation_only,10,1,circular,9,noisy,inf,0.9092594860643924,3.8352932550568827e-35
cx_ry,rotation_only,10,1,full,0,noiseless,0.2462822386922319,0.6199570699412738,0.0232311694571657
cx_ry,rotation_only,10,1,full,0,noisy,inf,0.9999929107759358,1.0158751502243012e-05
cx_ry,rotation_only,10,1,full,1,noiseless,0.943422382401399,0.6238697359635045,0.0763166839919139
cx_ry,rotation_only,10,1,full,1,noisy,inf,0.9999913839615868,6.557984234663253e-06
cx_ry,rotation_only,10,1,full,2,noiseless,0.6935542793853388,0.6304495164474228,0.0684041992026903
cx_ry,rotation_only,10,1,full,2,noisy,inf,0.99999161217725,4.384105750160974e-06
cx_ry,rotation_only,10,1,full,3,noiseless,0.1272350515861328,0.6190035628352432,0.4300040798511289
cx_ry,rotation_only,10,1,full,3,noisy,inf,0.999992063907676,4.59844824286634e-06
cx_ry,rotation_only,10,1,full,4,noiseless,0.6316922903194195,0.6324606337218378,0.0440543361287442
cx_ry,rotation_only,10,1,full,4,noisy,inf,0.9999930034899402,5.773287950514796e-06
cx_ry,rotation_only,10,1,full,5,noiseless,0.0971659200262111,0.6206968898966906,0.4413518673120012
cx_ry,rotation_only,10,1,full,5,noisy,inf,0.9999917290494548,4.789132396876753e-06
cx_ry,rotation_only,10,1,full,6,noiseless,0.2310167651788796,0.6332593979517928,0.108400097844376
cx_ry,rotation_only,10,1,full,6,noisy,inf,0.999991762217864,8.71231049570399e-06
cx_ry,rotation_only,10,1,full,7,noiseless,0.707909583695061,0.637351099193673,0.2681411563906872
cx_ry,rotation_only,10,1,full,7,noisy,inf,0.9999919682924256,9.366483156706809e-06
cx_ry,rotation_only,10,1,full,8,noiseless,1.372899649405261,0.6380676295677844,0.1774321223424196
cx_ry,rotation_only,10,1,full,8,noisy,inf,0.9999922906127076,7.5735291379108574e-06
cx_ry,rotation_only,10,1,full,9,noiseless,0.3132735562247702,0.6351203812232614,0.4221582751999426
cx_ry,rotation_only,10,1,full,9,noisy,inf,0.999992505260326,5.9478281220224525e-06
cx_ry,rotation_only,10,2,linear,0,noiseless,0.2406114946270587,0.7583590515324476,0.0368489047151141
cx_ry,rotation_only,10,2,linear,0,noisy,149.09966627938695,0.8749983176049821,0.0293914848140334
cx_ry,rotation_only,10,2,linear,1,noiseless,0.66234353439357,0.7517930247610597,0.2853640225369722
cx_ry,rotation_only,10,2,linear,1,noisy,137.76659171563358,0.86264462740276,0.2085091660776842
cx_ry,rotation_only,10,2,linear,2,noiseless,0.2780855190952451,0.7703839083056591,0.1085879731779168
cx_ry,rotation_only,10,2,linear,2,noisy,inf,0.8534065792794794,0.0971167414158961
cx_ry,rotation_only,10,2,linear,3,noiseless,1.0670747228447344,0.7598761814053552,0.3726233958123657
cx_ry,rotation_only,10,2,linear,3,noisy,135.98184067544852,0.8404336695938229,0.3010004268358867
cx_ry,rotation_only,10,2,linear,4,noiseless,0.4549492034690763,0.7609105971127665,0.1418346394935875
cx_ry,rotation_only,10,2,linear,4,noisy,166.26518165983734,0.8562251644365156,0.1504964173394777
cx_ry,rotation_only,10,2,linear,5,noiseless,0.2551900706174226,0.7577270253548417,0.5079442021773961
cx_ry,rotation_only,10,2,linear,5,noisy,inf,0.8596940292466367,0.4567706296069491
cx_ry,rotation_only,10,2,linear,6,noiseless,0.3942799225242607,0.757888474683748,0.4899242454476942
cx_ry,rotation_only,10,2,linear,6,noisy,146.1314566970429,0.8585563163609525,0.4540118969355847
cx_ry,rotation_only,10,2,linear,7,noiseless,0.468012846201472,0.761512359330588,0.2013650647053528
cx_ry,rotation_only,10,2,linear,7,noisy,120.11931038722952,0.8598332910288778,0.1794713152884393
cx_ry,rotation_only,10,2,linear,8,noiseless,0.5601039167530362,0.758509374317966,0.0719518060457283
cx_ry,rotation_only,10,2,linear,8,noisy,inf,0.8394155119948886,0.0747837179875825
cx_ry,rotation_only,10,2,linear,9,noiseless,0.2628240859886816,0.7555402996042387,0.530237562362368
cx_ry,rotation_only,10,2,linear,9,noisy,141.01686167828692,0.8452477465516862,0.4267983086748664
cx_ry,rotation_only,10,2,circular,0,noiseless,0.0884692629664926,0.892919221760962,0.0035837161295451
cx_ry,rotation_only,10,2,circular,0,noisy,inf,0.9787332118198084,3.5962238261963155e-35
cx_ry,rotation_only,10,2,circular,1,noiseless,0.2882484441099865,0.8863459952936364,0.0111309417557127
cx_ry,rotation_only,10,2,circular,1,noisy,inf,0.9720857337037582,7.363167883858343e-33
cx_ry,rotation_only,10,2,circular,2,noiseless,0.265961650298665,0.8900883141235809,0.056439942774909
cx_ry,rotation_only,10,2,circular,2,noisy,inf,0.9814887430209768,6.790979447186299e-33
cx_ry,rotation_only,10,2,circular,3,noiseless,0.6843775691523144,0.8953716049218323,0.0541582397347873
cx_ry,rotation_only,10,2,circular,3,noisy,inf,0.9789491718977106,8.071426949092566e-34
cx_ry,rotation_only,10,2,circular,4,noiseless,0.4398596691679781,0.898319940181465,0.0294559171335021
cx_ry,rotation_only,10,2,circular,4,noisy,inf,0.9796690053991938,2.4796191301405553e-35
cx_ry,rotation_only,10,2,circular,5,noiseless,0.1583547035811681,0.897036566322762,0.0067454907750785
cx_ry,rotation_only,10,2,circular,5,noisy,inf,0.9804668026456126,5.13446006042435e-35
cx_ry,rotation_only,10,2,circular,6,noiseless,0.1202685111087095,0.8908427448014687,0.0003706826686434
cx_ry,rotation_only,10,2,circular,6,noisy,inf,0.9769864986297658,2.4157748450516012e-33
cx_ry,rotation_only,10,2,circular,7,noiseless,0.5480603996770285,0.8837084120515079,0.0416402793811297
cx_ry,rotation_only,10,2,circular,7,noisy,inf,0.9793078447704489,7.793104367985467e-35
cx_ry,rotation_only,10,2,circular,8,noiseless,0.3769286641023446,0.8891002286853597,0.000203346587453
cx_ry,rotation_only,10,2,circular,8,noisy,inf,0.9782082522537724,4.320176838142071e-35
cx_ry,rotation_only,10,2,circular,9,noiseless,0.2516918930606803,0.8812985669943404,0.0062932560739961
cx_ry,rotation_only,10,2,circular,9,noisy,inf,0.9782917052097596,1.9449489205416073e-34
cx_ry,rotation_only,10,2,full,0,noiseless,0.4181179277651808,0.6584165958698474,0.0011910855007354
cx_ry,rotation_only,10,2,full,0,noisy,inf,0.9999933072565592,3.677052123863689e-35
cx_ry,rotation_only,10,2,full,1,noiseless,0.6581816717388654,0.6434218935898818,0.0148550334454922
cx_ry,rotation_only,10,2,full,1,noisy,inf,0.999993307185726,1.2083246019359197e-35
cx_ry,rotation_only,10,2,full,2,noiseless,0.3942799225242607,0.6596664601922311,0.0121365516802775
cx_ry,rotation_only,10,2,full,2,noisy,inf,0.9999933071774472,4.5696951056766153e-35
cx_ry,rotation_only,10,2,full,3,noiseless,0.3609267165416107,0.6477989448160412,0.3693009072063031
cx_ry,rotation_only,10,2,full,3,noisy,inf,0.9999933070748804,2.349631658721792e-35
cx_ry,rotation_only,10,2,full,4,noiseless,0.2628240859886816,0.6587413314809301,0.0038187930500669
cx_ry,rotation_only,10,2,full,4,noisy,inf,0.99999330714925,3.9056923056227956e-35
cx_ry,rotation_only,10,2,full,5,noiseless,1.1747016641314598,0.6452470251931356,0.4916961540982481
cx_ry,rotation_only,10,2,full,5,noisy,inf,0.9999933071983622,6.133050348076886e-35
cx_ry,rotation_only,10,2,full,6,noiseless,0.6162765348028175,0.6537379743784417,0.0219094647890677
cx_ry,rotation_only,10,2,full,6,noisy,inf,0.99999330712543,3.6251736398474e-35
cx_ry,rotation_only,10,2,full,7,noiseless,0.5266947209588282,0.6483109082664785,0.1317106540402776
cx_ry,rotation_only,10,2,full,7,noisy,inf,0.9999933071572904,2.6033817059192965e-35
cx_ry,rotation_only,10,2,full,8,noiseless,0.6642419194753618,0.6558895947518499,0.0703805242884925
cx_ry,rotation_only,10,2,full,8,noisy,inf,0.9999933070629068,4.312632776619461e-35
cx_ry,rotation_only,10,2,full,9,noiseless,0.2018457060074185,0.6537994538125568,0.3552035209368154
cx_ry,rotation_only,10,2,full,9,noisy,inf,0.9999933071682516,4.519880267298435e-35
cx_ry,rotation_only,10,4,linear,0,noiseless,0.0272885196260759,0.8609579044559982,0.3198687096666137
cx_ry,rotation_only,10,4,linear,0,noisy,inf,0.923772834136582,0.2376350835079005
cx_ry,rotation_only,10,4,linear,1,noiseless,8.740648201398856e-10,0.8574234190003998,0.1989095810662529
cx_ry,rotation_only,10,4,linear,1,noisy,inf,0.9164772235574502,0.1402975855362865
cx_ry,rotation_only,10,4,linear,2,noiseless,0.0971659200262111,0.8696478554767885,0.0526911671644458
cx_ry,rotation_only,10,4,linear,2,noisy,inf,0.922428302745855,0.0465659827374793
cx_ry,rotation_only,10,4,linear,3,noiseless,0.2462822386922319,0.8631392735143626,0.3262015016379649
cx_ry,rotation_only,10,4,linear,3,noisy,inf,0.9042279703049584,0.302826857761526
cx_ry,rotation_only,10,4,linear,4,noiseless,0.0884692629664926,0.8609843243986888,0.0454416008131144
cx_ry,rotation_only,10,4,linear,4,noisy,inf,0.9162158013339474,0.03500354821558
cx_ry,rotation_only,10,4,linear,5,noiseless,0.0698733932554849,0.8632178065293528,0.372027841714283
cx_ry,rotation_only,10,4,linear,5,noisy,inf,0.9257059829701058,0.2547096857768365
cx_ry,rotation_only,10,4,linear,6,noiseless,0.0272885196260759,0.867697950407836,0.0096402375556091
cx_ry,rotation_only,10,4,linear,6,noisy,inf,0.9292430050128035,0.0083099474887615
cx_ry,rotation_only,10,4,linear,7,noiseless,8.740648201398856e-10,0.8722618254263013,0.1650329263351553
cx_ry,rotation_only,10,4,linear,7,noisy,inf,0.9239749388235344,0.1417686735666438
cx_ry,rotation_only,10,4,linear,8,noiseless,0.0272885196260759,0.8637443566379366,0.0354803830169193
cx_ry,rotation_only,10,4,linear,8,noisy,inf,0.929296035438309,0.0243063537885448
cx_ry,rotation_only,10,4,linear,9,noiseless,8.740648201398856e-10,0.8619354345097332,0.4849317424471359
cx_ry,rotation_only,10,4,linear,9,noisy,inf,0.9039336883674988,0.4579512801439938
cx_ry,rotation_only,10,4,circular,0,noiseless,8.740648201398856e-10,0.9658361861392136,0.0011385244044667
cx_ry,rotation_only,10,4,circular,0,noisy,inf,0.9964720024951158,7.997397449529381e-36
cx_ry,rotation_only,10,4,circular,1,noiseless,0.0272885196260759,0.9640361953237436,0.0007132441206532
cx_ry,rotation_only,10,4,circular,1,noisy,inf,0.994092616532938,1.3791278494249005e-35
cx_ry,rotation_only,10,4,circular,2,noiseless,0.0272885196260759,0.966250738789897,0.0023537323409499
cx_ry,rotation_only,10,4,circular,2,noisy,inf,0.996784807110746,1.2091900400601405e-33
cx_ry,rotation_only,10,4,circular,3,noiseless,8.740648201398856e-10,0.969233896166381,0.0028093414721832
cx_ry,rotation_only,10,4,circular,3,noisy,inf,0.9968287465679558,4.297868567573133e-36
cx_ry,rotation_only,10,4,circular,4,noiseless,0.0272885196260759,0.9677998714711586,9.855898818270544e-05
cx_ry,rotation_only,10,4,circular,4,noisy,inf,0.996150256392423,7.906440308872417e-36
cx_ry,rotation_only,10,4,circular,5,noiseless,8.740648201398856e-10,0.9676671175049693,0.0002735866156364
cx_ry,rotation_only,10,4,circular,5,noisy,inf,0.9962793707740124,1.2811125182436702e-35
cx_ry,rotation_only,10,4,circular,6,noiseless,8.740648201398856e-10,0.9663085193973988,0.0013844972303964
cx_ry,rotation_only,10,4,circular,6,noisy,inf,0.9940183783829816,3.939290023937031e-34
cx_ry,rotation_only,10,4,circular,7,noiseless,8.740648201398856e-10,0.9658922298730196,0.0112154724109617
cx_ry,rotation_only,10,4,circular,7,noisy,inf,0.99554924895375,7.882029209520341e-36
cx_ry,rotation_only,10,4,circular,8,noiseless,8.740648201398856e-10,0.966399802327992,0.0006485011308048
cx_ry,rotation_only,10,4,circular,8,noisy,inf,0.9954797757544256,1.5509067572250645e-35
cx_ry,rotation_only,10,4,circular,9,noiseless,8.740648201398856e-10,0.962101243339034,0.0037750970980887
cx_ry,rotation_only,10,4,circular,9,noisy,inf,0.9951447063856352,7.849740861302438e-34
cx_ry,rotation_only,10,4,full,0,noiseless,8.740648201398856e-10,0.8293669889986607,0.0009120300121875
cx_ry,rotation_only,10,4,full,0,noisy,inf,0.9999934635362084,6.39457037392184e-08
cx_ry,rotation_only,10,4,full,1,noiseless,0.0573536351190418,0.8231671035052688,0.0003567209036784
cx_ry,rotation_only,10,4,full,1,noisy,inf,0.9999934632078918,4.9518158469375146e-08
cx_ry,rotation_only,10,4,full,2,noiseless,0.0884692629664926,0.8312290573229099,0.0014373703260468
cx_ry,rotation_only,10,4,full,2,noisy,inf,0.9999934630001286,6.633048091947613e-08
cx_ry,rotation_only,10,4,full,3,noiseless,0.0573536351190418,0.8257520547518322,0.2759117234078128
cx_ry,rotation_only,10,4,full,3,noisy,inf,0.9999934643399836,5.832051221116944e-08
cx_ry,rotation_only,10,4,full,4,noiseless,8.740648201398856e-10,0.8285304372218484,0.0019678599452573
cx_ry,rotation_only,10,4,full,4,noisy,inf,0.9999934630847958,7.017394363902628e-08
cx_ry,rotation_only,10,4,full,5,noiseless,8.740648201398856e-10,0.8248585930361898,0.4204257551743234
cx_ry,rotation_only,10,4,full,5,noisy,inf,0.999993464105107,4.072439789096867e-08
cx_ry,rotation_only,10,4,full,6,noiseless,8.740648201398856e-10,0.8279033973061067,0.0578209065518938
cx_ry,rotation_only,10,4,full,6,noisy,inf,0.9999934637526936,5.7660644203028896e-08
cx_ry,rotation_only,10,4,full,7,noiseless,0.0884692629664926,0.838225256738274,0.0202450261066346
cx_ry,rotation_only,10,4,full,7,noisy,inf,0.9999934637398946,4.7394544590354894e-08
cx_ry,rotation_only,10,4,full,8,noiseless,0.0698733932554849,0.8310516000878359,0.013117950504479
cx_ry,rotation_only,10,4,full,8,noisy,inf,0.9999934635193276,5.9227778396120306e-08
cx_ry,rotation_only,10,4,full,9,noiseless,8.740648201398856e-10,0.8204533479890815,0.2078026150436446
cx_ry,rotation_only,10,4,full,9,noisy,inf,0.999993463349746,6.501709682236315e-08
cx_ry,rotation_only,10,8,linear,0,noiseless,8.740648201398856e-10,0.9497127046448626,0.0388752407957282
cx_ry,rotation_only,10,8,linear,0,noisy,inf,0.9804566466269354,9.327265868583618e-05
cx_ry,rotation_only,10,8,linear,1,noiseless,8.740648201398856e-10,0.9492340084543468,0.0117461993340044
cx_ry,rotation_only,10,8,linear,1,noisy,inf,0.9736741117245086,0.0090443013975091
cx_ry,rotation_only,10,8,linear,2,noiseless,8.740648201398856e-10,0.9502888390275982,0.003594561133253
cx_ry,rotation_only,10,8,linear,2,noisy,inf,0.9737377844006676,0.0003818079468195
cx_ry,rotation_only,10,8,linear,3,noiseless,8.740648201398856e-10,0.9453013202348124,0.1324778966359305
cx_ry,rotation_only,10,8,linear,3,noisy,inf,0.9644408328896232,0.0854022736117116
cx_ry,rotation_only,10,8,linear,4,noiseless,8.740648201398856e-10,0.9492605074758173,0.0284024412776991
cx_ry,rotation_only,10,8,linear,4,noisy,inf,0.9743444458094528,0.0016950341810948
cx_ry,rotation_only,10,8,linear,5,noiseless,8.740648201398856e-10,0.9471125339938096,0.3063836502010952
cx_ry,rotation_only,10,8,linear,5,noisy,inf,0.97140353296728,0.2470362153739136
cx_ry,rotation_only,10,8,linear,6,noiseless,0.0272885196260759,0.952433127883334,0.0122269166991342
cx_ry,rotation_only,10,8,linear,6,noisy,inf,0.977938473249063,0.0018557298483834
cx_ry,rotation_only,10,8,linear,7,noiseless,8.740648201398856e-10,0.954846414893399,0.0226572094719786
cx_ry,rotation_only,10,8,linear,7,noisy,inf,0.9801753502995276,0.0129660777798688
cx_ry,rotation_only,10,8,linear,8,noiseless,8.740648201398856e-10,0.9519771175145072,0.0234680294053203
cx_ry,rotation_only,10,8,linear,8,noisy,inf,0.9803156837395814,0.0044176237345627
cx_ry,rotation_only,10,8,linear,9,noiseless,8.740648201398856e-10,0.9527212444848194,0.4518475963903108
cx_ry,rotation_only,10,8,linear,9,noisy,inf,0.9648243982594784,0.2571743964966841
cx_ry,rotation_only,10,8,circular,0,noiseless,8.740648201398856e-10,0.9926822943823598,0.005740571430299
cx_ry,rotation_only,10,8,circular,0,noisy,inf,0.9999883625842552,1.980643933178794e-06
cx_ry,rotation_only,10,8,circular,1,noiseless,8.740648201398856e-10,0.9929224944512272,0.0025983473757968
cx_ry,rotation_only,10,8,circular,1,noisy,inf,0.999974219269477,2.2181493293406873e-06
cx_ry,rotation_only,10,8,circular,2,noiseless,8.740648201398856e-10,0.9930032375045617,0.0005341852194747
cx_ry,rotation_only,10,8,circular,2,noisy,inf,0.9999477434404136,2.0489583773987893e-06
cx_ry,rotation_only,10,8,circular,3,noiseless,8.740648201398856e-10,0.993754312217763,0.0004996962930448
cx_ry,rotation_only,10,8,circular,3,noisy,inf,0.999974201997622,2.0547557879940906e-06
cx_ry,rotation_only,10,8,circular,4,noiseless,8.740648201398856e-10,0.993027719093113,0.0093008789419986
cx_ry,rotation_only,10,8,circular,4,noisy,inf,0.9999846264242708,1.942965467417092e-06
cx_ry,rotation_only,10,8,circular,5,noiseless,8.740648201398856e-10,0.9929447495558033,0.001148867777965
cx_ry,rotation_only,10,8,circular,5,noisy,inf,0.9999804378779148,2.1028884638287133e-06
cx_ry,rotation_only,10,8,circular,6,noiseless,8.740648201398856e-10,0.9931318284492624,0.0001982511807483
cx_ry,rotation_only,10,8,circular,6,noisy,inf,0.999991091245038,1.9605155699906768e-06
cx_ry,rotation_only,10,8,circular,7,noiseless,8.740648201398856e-10,0.993518287624687,0.0016478398156827
cx_ry,rotation_only,10,8,circular,7,noisy,inf,0.999983254108784,1.998036329107878e-06
cx_ry,rotation_only,10,8,circular,8,noiseless,8.740648201398856e-10,0.993497509321394,0.0035947090500786
cx_ry,rotation_only,10,8,circular,8,noisy,inf,0.9999798181862072,2.121135622933367e-06
cx_ry,rotation_only,10,8,circular,9,noiseless,8.740648201398856e-10,0.9925930901565596,0.0001046397946348
cx_ry,rotation_only,10,8,circular,9,noisy,inf,0.9999730140984012,1.6301464485910543e-06
cx_ry,rotation_only,10,8,full,0,noiseless,8.740648201398856e-10,0.9418069645539862,0.0038448928835935
cx_ry,rotation_only,10,8,full,0,noisy,inf,0.9999934629886654,6.43967040859199e-08
cx_ry,rotation_only,10,8,full,1,noiseless,8.740648201398856e-10,0.9386691103957802,0.0020355310359845
cx_ry,rotation_only,10,8,full,1,noisy,inf,0.9999934635283748,6.3012929322559e-08
cx_ry,rotation_only,10,8,full,2,noiseless,0.0272885196260759,0.9441189348605228,0.0001514935174408
cx_ry,rotation_only,10,8,full,2,noisy,inf,0.9999934634373938,4.664071091663265e-08
cx_ry,rotation_only,10,8,full,3,noiseless,8.740648201398856e-10,0.9383778973834972,0.1349711574849171
cx_ry,rotation_only,10,8,full,3,noisy,inf,0.9999934641719124,4.5664148638998464e-08
cx_ry,rotation_only,10,8,full,4,noiseless,0.0272885196260759,0.9425928989893706,0.0045945079001245
cx_ry,rotation_only,10,8,full,4,noisy,inf,0.9999934625186502,5.7651827525258326e-08
cx_ry,rotation_only,10,8,full,5,noiseless,8.740648201398856e-10,0.9395770546890134,0.4003106454065607
cx_ry,rotation_only,10,8,full,5,noisy,inf,0.9999934641670828,5.742850791046539e-08
cx_ry,rotation_only,10,8,full,6,noiseless,8.740648201398856e-10,0.9435491226196412,0.0025456711768713
cx_ry,rotation_only,10,8,full,6,noisy,inf,0.999993463453092,5.0148817292574086e-08
cx_ry,rotation_only,10,8,full,7,noiseless,8.740648201398856e-10,0.9464886960341068,0.000627569963454
cx_ry,rotation_only,10,8,full,7,noisy,inf,0.9999934630955016,5.810349982265366e-08
cx_ry,rotation_only,10,8,full,8,noiseless,8.740648201398856e-10,0.9448846223218372,0.0030182571853513
cx_ry,rotation_only,10,8,full,8,noisy,inf,0.9999934630057096,5.3489013789890904e-08
cx_ry,rotation_only,10,8,full,9,noiseless,0.0272885196260759,0.9415020765078808,0.0674883117083544
cx_ry,rotation_only,10,8,full,9,noisy,inf,0.9999934638386117,4.8397154748445965e-08
cx_ry,real_amplitudes,4,1,linear,0,noiseless,0.5771422388841538,0.4469494026925688,0.1348521349737622
cx_ry,real_amplitudes,4,1,linear,0,noisy,0.979620483641639,0.5170866623119662,0.1367656030467822
cx_ry,real_amplitudes,4,1,linear,1,noiseless,0.4514601284199194,0.4598880676237276,0.2260253310410987
cx_ry,real_amplitudes,4,1,linear,1,noisy,0.4921338069362829,0.477157058149078,0.2553460615760659
cx_ry,real_amplitudes,4,1,linear,2,noiseless,0.7082145200951898,0.4503102495060609,0.2778575529637493
cx_ry,real_amplitudes,4,1,linear,2,noisy,0.7563882224279107,0.498529495277838,0.2491734419268528
cx_ry,real_amplitudes,4,1,linear,3,noiseless,0.6000604349757858,0.4220114997002355,0.3765612749994466
cx_ry,real_amplitudes,4,1,linear,3,noisy,0.2803624050881326,0.4199759589998557,0.4024865318163921
cx_ry,real_amplitudes,4,1,linear,4,noiseless,0.7140055623360786,0.4566865860914281,0.2296119736340217
cx_ry,real_amplitudes,4,1,linear,4,noisy,0.3919672127203262,0.4678486234977068,0.1989994539080375
cx_ry,real_amplitudes,4,1,linear,5,noiseless,0.5366767843616412,0.464057536586885,0.3651648663758808
cx_ry,real_amplitudes,4,1,linear,5,noisy,0.5157947131730941,0.4589514099102054,0.3736948513606499
cx_ry,real_amplitudes,4,1,linear,6,noiseless,0.5576426777977291,0.4849175452132303,0.2617728516228392
cx_ry,real_amplitudes,4,1,linear,6,noisy,0.6662451273242771,0.5028758966395952,0.2118074250136709
cx_ry,real_amplitudes,4,1,linear,7,noiseless,0.5731962636156664,0.4447260652796691,0.2525516346206963
cx_ry,real_amplitudes,4,1,linear,7,noisy,0.6316212751584003,0.4705443412552325,0.1988867021508963
cx_ry,real_amplitudes,4,1,linear,8,noiseless,0.6378439254623864,0.4454618918946205,0.2335459379927747
cx_ry,real_amplitudes,4,1,linear,8,noisy,0.3023697464359968,0.444687071720693,0.2726342400611205
cx_ry,real_amplitudes,4,1,linear,9,noiseless,0.7940942173711001,0.4545298648100529,0.3032281693286252
cx_ry,real_amplitudes,4,1,linear,9,noisy,1.1933437880978133,0.5006806466299087,0.2140466669378112
cx_ry,real_amplitudes,4,1,circular,0,noiseless,0.5771422388841538,0.6345220773185678,0.0716663834601995
cx_ry,real_amplitudes,4,1,circular,0,noisy,1.1077007146483444,0.7143766663748662,0.0584129065522035
cx_ry,real_amplitudes,4,1,circular,1,noiseless,0.4514601284199194,0.632888562220324,0.1339264262131951
cx_ry,real_amplitudes,4,1,circular,1,noisy,0.425396042565015,0.65636907394301,0.1199076504495668
cx_ry,real_amplitudes,4,1,circular,2,noiseless,0.7082145200951898,0.6503581469887751,0.1969010628531148
cx_ry,real_amplitudes,4,1,circular,2,noisy,0.7223035782581979,0.7293096350976989,0.1117390255797458
cx_ry,real_amplitudes,4,1,circular,3,noiseless,0.6000604349757858,0.6224822576444572,0.2224756387944166
cx_ry,real_amplitudes,4,1,circular,3,noisy,0.3114604372969389,0.6596455769222,0.2225770066971186
cx_ry,real_amplitudes,4,1,circular,4,noiseless,0.7140055623360786,0.6515898764849882,0.1372984558656612
cx_ry,real_amplitudes,4,1,circular,4,noisy,0.2707818813968862,0.6818602313651606,0.1006480852009269
cx_ry,real_amplitudes,4,1,circular,5,noiseless,0.5366767843616412,0.6623212616449214,0.2062750407866664
cx_ry,real_amplitudes,4,1,circular,5,noisy,0.4493087253027094,0.6847905426953245,0.1492457231440586
cx_ry,real_amplitudes,4,1,circular,6,noiseless,0.5576426777977291,0.659536067226267,0.1112722508161024
cx_ry,real_amplitudes,4,1,circular,6,noisy,0.4123849647482011,0.7238991853791787,0.0759912985703036
cx_ry,real_amplitudes,4,1,circular,7,noiseless,0.5731962636156664,0.6372033163578262,0.1931570832653928
cx_ry,real_amplitudes,4,1,circular,7,noisy,0.8278997927451355,0.7120251407849896,0.1526059648091607
cx_ry,real_amplitudes,4,1,circular,8,noiseless,0.6378439254623864,0.640407272396433,0.1448633192835227
cx_ry,real_amplitudes,4,1,circular,8,noisy,0.3112729904608009,0.6952851236761828,0.0954961031849836
cx_ry,real_amplitudes,4,1,circular,9,noiseless,0.7940942173711001,0.6281129811146018,0.2045927209320376
cx_ry,real_amplitudes,4,1,circular,9,noisy,1.2993144449216656,0.6882160180173512,0.1401464686805477
cx_ry,real_amplitudes,4,1,full,0,noiseless,0.5771422388841538,0.4378970142723666,0.0668940806221764
cx_ry,real_amplitudes,4,1,full,0,noisy,1.3916777596079908,0.5643262000388224,0.0246832725164453
cx_ry,real_amplitudes,4,1,full,1,noiseless,0.4514601284199194,0.4712037137184907,0.1038231288425321
cx_ry,real_amplitudes,4,1,full,1,noisy,0.6592658107510808,0.5578744455338075,0.0574106119014739
cx_ry,real_amplitudes,4,1,full,2,noiseless,0.7082145200951898,0.4685750538947784,0.1175942742811758
cx_ry,real_amplitudes,4,1,full,2,noisy,1.056061339433349,0.5512999733145162,0.0793959893344634
cx_ry,real_amplitudes,4,1,full,3,noiseless,0.6000604349757858,0.433315819472871,0.2826267832684657
cx_ry,real_amplitudes,4,1,full,3,noisy,0.5596630786693366,0.5141706811543169,0.2118575170620929
cx_ry,real_amplitudes,4,1,full,4,noiseless,0.7140055623360786,0.4693022193555373,0.1142708884169598
cx_ry,real_amplitudes,4,1,full,4,noisy,0.559351353175695,0.5557741647896487,0.0373280123166171
cx_ry,real_amplitudes,4,1,full,5,noiseless,0.5366767843616412,0.449368488517336,0.3149811375633461
cx_ry,real_amplitudes,4,1,full,5,noisy,0.7084297065030213,0.5216422372487304,0.1774178494913304
cx_ry,real_amplitudes,4,1,full,6,noiseless,0.5576426777977291,0.4765316365854312,0.0850186716525306
cx_ry,real_amplitudes,4,1,full,6,noisy,0.5139270556667918,0.5381215511821118,0.0554407403355918
cx_ry,real_amplitudes,4,1,full,7,noiseless,0.5731962636156664,0.465137616477811,0.1765236728697635
cx_ry,real_amplitudes,4,1,full,7,noisy,0.9725926204103084,0.5006074647627335,0.133161789169781
cx_ry,real_amplitudes,4,1,full,8,noiseless,0.6378439254623864,0.4513544754923956,0.1508014254879538
cx_ry,real_amplitudes,4,1,full,8,noisy,0.4183477411419188,0.4947769687167722,0.0878104134380457
cx_ry,real_amplitudes,4,1,full,9,noiseless,0.7940942173711001,0.4587270433195617,0.2411030353586116
cx_ry,real_amplitudes,4,1,full,9,noisy,1.5497365422506864,0.5427295861410747,0.0830743359596811
cx_ry,real_amplitudes,4,2,linear,0,noiseless,0.6491625978462736,0.5421356495556533,0.0834782370739913
cx_ry,real_amplitudes,4,2,linear,0,noisy,2.024676747926785,0.5904345905347813,0.0664437565994585
cx_ry,real_amplitudes,4,2,linear,1,noiseless,0.3986411650122617,0.5351896463172483,0.1636344609752396
cx_ry,real_amplitudes,4,2,linear,1,noisy,0.556950586457445,0.5985034182912863,0.1513949858392768
cx_ry,real_amplitudes,4,2,linear,2,noiseless,0.6290850670949406,0.5597811146649456,0.108887739991171
cx_ry,real_amplitudes,4,2,linear,2,noisy,0.8822967132770292,0.5846730678984989,0.0615478485672977
cx_ry,real_amplitudes,4,2,linear,3,noiseless,0.5923988995221089,0.526627640016542,0.2209348247291934
cx_ry,real_amplitudes,4,2,linear,3,noisy,0.7423519551557091,0.5380953413083615,0.1755047945389636
cx_ry,real_amplitudes,4,2,linear,4,noiseless,0.5537432432224205,0.553058344260089,0.1199007499479084
cx_ry,real_amplitudes,4,2,linear,4,noisy,0.51432960982807,0.6125187987348952,0.0947754956920185
cx_ry,real_amplitudes,4,2,linear,5,noiseless,0.492730801634788,0.5760887814105751,0.1389336118155728
cx_ry,real_amplitudes,4,2,linear,5,noisy,0.5547524142189839,0.5417632566387518,0.1164476227248788
cx_ry,real_amplitudes,4,2,linear,6,noiseless,0.4263476202656345,0.5647715489738482,0.1441490246976408
cx_ry,real_amplitudes,4,2,linear,6,noisy,0.8373900823164895,0.5964229305074354,0.0983077698174775
cx_ry,real_amplitudes,4,2,linear,7,noiseless,0.712135925544649,0.5312568345020818,0.1218429137629567
cx_ry,real_amplitudes,4,2,linear,7,noisy,0.5057757630514735,0.6027801849611314,0.0560687100119693
cx_ry,real_amplitudes,4,2,linear,8,noiseless,0.5822571549956426,0.5460017362466998,0.0595245536872229
cx_ry,real_amplitudes,4,2,linear,8,noisy,0.89853221155706,0.5756963965637613,0.0584204186933339
cx_ry,real_amplitudes,4,2,linear,9,noiseless,0.5972450799512938,0.5487792714039434,0.1709464475621004
cx_ry,real_amplitudes,4,2,linear,9,noisy,1.063844229324766,0.5858293194657455,0.1289437740182462
cx_ry,real_amplitudes,4,2,circular,0,noiseless,0.3919788215160768,0.7792368301894279,0.0290684211155474
cx_ry,real_amplitudes,4,2,circular,0,noisy,2.7800025994876374,0.8733259334824174,0.0106204548408014
cx_ry,real_amplitudes,4,2,circular,1,noiseless,0.3201984107706862,0.7730109736287852,0.0387858439318609
cx_ry,real_amplitudes,4,2,circular,1,noisy,2.079541912835167,0.8402727542013869,0.024195455376793
cx_ry,real_amplitudes,4,2,circular,2,noiseless,0.3320013064704861,0.7979916914047981,0.026596184122836
cx_ry,real_amplitudes,4,2,circular,2,noisy,2.3619741445787055,0.8798621699980832,0.0035256607307955
cx_ry,real_amplitudes,4,2,circular,3,noiseless,0.3981812101841739,0.7894450933700713,0.0254682683126716
cx_ry,real_amplitudes,4,2,circular,3,noisy,2.0112718767008904,0.8609453463662607,0.007718099813298
cx_ry,real_amplitudes,4,2,circular,4,noiseless,0.3849310749784618,0.8032417483076237,0.0219685800061485
cx_ry,real_amplitudes,4,2,circular,4,noisy,2.3025744045310654,0.8831084465324914,0.0063216962629191
cx_ry,real_amplitudes,4,2,circular,5,noiseless,0.2896283581485236,0.8174415743646773,0.0552326891721874
cx_ry,real_amplitudes,4,2,circular,5,noisy,1.9397123869722477,0.8831772888159812,0.0288297847596279
cx_ry,real_amplitudes,4,2,circular,6,noiseless,0.3510043809410159,0.8089522806162376,0.0423764657507371
cx_ry,real_amplitudes,4,2,circular,6,noisy,2.153050349533449,0.8943878685102853,0.0256840288532499
cx_ry,real_amplitudes,4,2,circular,7,noiseless,0.3206716791721589,0.7993988470595681,0.0249383767282614
cx_ry,real_amplitudes,4,2,circular,7,noisy,2.365574914692603,0.8923966101240484,0.0097305456176178
cx_ry,real_amplitudes,4,2,circular,8,noiseless,0.4213206122036604,0.789059691906812,0.025069275449784
cx_ry,real_amplitudes,4,2,circular,8,noisy,2.469800342117531,0.8694242369849434,0.0101306920507916
cx_ry,real_amplitudes,4,2,circular,9,noiseless,0.3598806201638365,0.7809620041457986,0.0310067846048888
cx_ry,real_amplitudes,4,2,circular,9,noisy,2.391012939791222,0.858183633217634,0.0139100735962503
cx_ry,real_amplitudes,4,2,full,0,noiseless,0.541488808915953,0.5301056016036738,0.0757314746172636
cx_ry,real_amplitudes,4,2,full,0,noisy,4.689598646315811,0.7471848907793228,0.0229221407328872
cx_ry,real_amplitudes,4,2,full,1,noiseless,0.568780866169232,0.517939214029874,0.0895614558802553
cx_ry,real_amplitudes,4,2,full,1,noisy,3.7803878656120617,0.7293919495995943,0.0318753094599959
cx_ry,real_amplitudes,4,2,full,2,noiseless,0.7384784427529001,0.543072902567458,0.0670269546272478
cx_ry,real_amplitudes,4,2,full,2,noisy,3.988531605457976,0.7527826433023443,0.0125615171674912
cx_ry,real_amplitudes,4,2,full,3,noiseless,0.5849758567329593,0.5126062485766534,0.140408051938135
cx_ry,real_amplitudes,4,2,full,3,noisy,3.73845302374968,0.7013639506064229,0.0572383141962117
cx_ry,real_amplitudes,4,2,full,4,noiseless,0.6586612106132044,0.5410510070281608,0.0841523039087629
cx_ry,real_amplitudes,4,2,full,4,noisy,3.763799456057052,0.7202830471058924,0.0166427086573215
cx_ry,real_amplitudes,4,2,full,5,noiseless,0.5407581396439818,0.5318717274908862,0.1665567380400575
cx_ry,real_amplitudes,4,2,full,5,noisy,4.382072966677008,0.7049207376236789,0.0622499084173516
cx_ry,real_amplitudes,4,2,full,6,noiseless,0.5524717476204835,0.5425863855080428,0.0662612203178973
cx_ry,real_amplitudes,4,2,full,6,noisy,4.463942335682318,0.7350460991239002,0.0184589282630457
cx_ry,real_amplitudes,4,2,full,7,noiseless,0.5181040304185326,0.5364922713732784,0.0927820355914319
cx_ry,real_amplitudes,4,2,full,7,noisy,4.00838554187549,0.7490632347889188,0.0175422634300027
cx_ry,real_amplitudes,4,2,full,8,noiseless,0.6004525880429346,0.5272486828672088,0.0913156952803224
cx_ry,real_amplitudes,4,2,full,8,noisy,4.01622369553992,0.7304656280723855,0.0215531939799462
cx_ry,real_amplitudes,4,2,full,9,noiseless,0.5432491553257454,0.5491937560062269,0.121850729687284
cx_ry,real_amplitudes,4,2,full,9,noisy,4.2300990458448275,0.7575302491187217,0.0267402757805994
cx_ry,real_amplitudes,4,4,linear,0,noiseless,0.3242184846540427,0.622586919861,0.0572440447025213
cx_ry,real_amplitudes,4,4,linear,0,noisy,1.273330084187729,0.7193794719250814,0.0364181815985187
cx_ry,real_amplitudes,4,4,linear,1,noiseless,0.2289254048119104,0.6317205653656334,0.0588381801772056
cx_ry,real_amplitudes,4,4,linear,1,noisy,1.0632153658601644,0.700555623256438,0.042047939266432
cx_ry,real_amplitudes,4,4,linear,2,noiseless,0.2766394682774442,0.6407546661006296,0.0613482245668003
cx_ry,real_amplitudes,4,4,linear,2,noisy,1.5477799416151452,0.715767831126954,0.0509579741167311
cx_ry,real_amplitudes,4,4,linear,3,noiseless,0.2341921802721787,0.611881694949531,0.0824132586124372
cx_ry,real_amplitudes,4,4,linear,3,noisy,1.2397197698341196,0.6413334793470747,0.0439324899371159
cx_ry,real_amplitudes,4,4,linear,4,noiseless,0.2420156150032922,0.63822399819528,0.0791293553458041
cx_ry,real_amplitudes,4,4,linear,4,noisy,1.5369871499764685,0.6709234127542935,0.0595413047281167
cx_ry,real_amplitudes,4,4,linear,5,noiseless,0.320256477534765,0.6215959446427872,0.0787306159139013
cx_ry,real_amplitudes,4,4,linear,5,noisy,1.5116125723260816,0.6601894373509148,0.0605552761052054
cx_ry,real_amplitudes,4,4,linear,6,noiseless,0.2848639450181034,0.6551622701863935,0.0511733061285876
cx_ry,real_amplitudes,4,4,linear,6,noisy,1.3414105252554744,0.6988885391498388,0.029490669352783
cx_ry,real_amplitudes,4,4,linear,7,noiseless,0.3176074753253526,0.6232060791899421,0.0708445218664187
cx_ry,real_amplitudes,4,4,linear,7,noisy,1.6022131337667296,0.7013966888226101,0.0452019249331989
cx_ry,real_amplitudes,4,4,linear,8,noiseless,0.3171546982438145,0.6286982430378746,0.0461919916235907
cx_ry,real_amplitudes,4,4,linear,8,noisy,1.049404883886511,0.6494742159967085,0.0264186716370943
cx_ry,real_amplitudes,4,4,linear,9,noiseless,0.3636831996685977,0.6497644298834847,0.0936520881985104
cx_ry,real_amplitudes,4,4,linear,9,noisy,1.728335734446962,0.694863223300892,0.0934482621541104
cx_ry,real_amplitudes,4,4,circular,0,noiseless,0.170824228906798,0.7643900971882277,0.0504034026316196
cx_ry,real_amplitudes,4,4,circular,0,noisy,7.955878197983348,0.9317393692288072,0.0033981649293456
cx_ry,real_amplitudes,4,4,circular,1,noiseless,0.1504529124983779,0.7720378357034204,0.0513933245502952
cx_ry,real_amplitudes,4,4,circular,1,noisy,7.929490937892453,0.91567536563027,0.0048456449552995
cx_ry,real_amplitudes,4,4,circular,2,noiseless,0.225252974460298,0.7810832207734806,0.0506385307661177
cx_ry,real_amplitudes,4,4,circular,2,noisy,8.303110650350849,0.931683015709122,0.0053177844104328
cx_ry,real_amplitudes,4,4,circular,3,noiseless,0.2144522679874348,0.765192178451988,0.0610112090713725
cx_ry,real_amplitudes,4,4,circular,3,noisy,7.838614926408236,0.9242972362245584,0.0081165059144148
cx_ry,real_amplitudes,4,4,circular,4,noiseless,0.1805579921153501,0.7873084417404422,0.0534747510087535
cx_ry,real_amplitudes,4,4,circular,4,noisy,7.93826619200393,0.93765727616616,0.0043468022087146
cx_ry,real_amplitudes,4,4,circular,5,noiseless,0.1850851198681383,0.7986403057871534,0.0686543898942646
cx_ry,real_amplitudes,4,4,circular,5,noisy,8.291424469250064,0.92914860373881,0.0058856799612834
cx_ry,real_amplitudes,4,4,circular,6,noiseless,0.2007723192695479,0.8038578888833147,0.0576683444018724
cx_ry,real_amplitudes,4,4,circular,6,noisy,7.898329035173765,0.9472887544861076,0.0080887284954857
cx_ry,real_amplitudes,4,4,circular,7,noiseless,0.1339202346991542,0.7801148798369492,0.047990223087026
cx_ry,real_amplitudes,4,4,circular,7,noisy,8.117647502724887,0.9315145593573588,0.0055917894551286
cx_ry,real_amplitudes,4,4,circular,8,noiseless,0.2433857196128187,0.783349668440216,0.059997887662495
cx_ry,real_amplitudes,4,4,circular,8,noisy,7.775889461967534,0.9239603488462662,0.0059797558034416
cx_ry,real_amplitudes,4,4,circular,9,noiseless,0.1795641733980288,0.7789509982415811,0.0594691060167633
cx_ry,real_amplitudes,4,4,circular,9,noisy,7.876196027741536,0.9224801245020584,0.006070168377902
cx_ry,real_amplitudes,4,4,full,0,noiseless,0.3583924348629049,0.6214203990840851,0.0747538874747866
cx_ry,real_amplitudes,4,4,full,0,noisy,10.807286392054996,0.8947997716838968,0.0014263426225547
cx_ry,real_amplitudes,4,4,full,1,noiseless,0.2607097255874977,0.6273317572634263,0.056588426147807
cx_ry,real_amplitudes,4,4,full,1,noisy,10.297829909182488,0.8962210002682662,0.0022477758180784
cx_ry,real_amplitudes,4,4,full,2,noiseless,0.290576716927933,0.6090538954804741,0.0668829863207404
cx_ry,real_amplitudes,4,4,full,2,noisy,10.747848412365396,0.8838415958666921,0.0017696333838023
cx_ry,real_amplitudes,4,4,full,3,noiseless,0.2923548561585379,0.6172234339227095,0.0709951710549621
cx_ry,real_amplitudes,4,4,full,3,noisy,10.201848178641884,0.8725375616508149,0.0031150407449842
cx_ry,real_amplitudes,4,4,full,4,noiseless,0.2496189354018115,0.6226091923939149,0.0713889686995141
cx_ry,real_amplitudes,4,4,full,4,noisy,11.01842542068008,0.8856905797144262,0.0019334131484155
cx_ry,real_amplitudes,4,4,full,5,noiseless,0.3118910832582542,0.6136704482169693,0.0872631360432716
cx_ry,real_amplitudes,4,4,full,5,noisy,11.381424740523595,0.866965396899742,0.0024045626347324
cx_ry,real_amplitudes,4,4,full,6,noiseless,0.2931301817888522,0.6551074110930283,0.0551450840515186
cx_ry,real_amplitudes,4,4,full,6,noisy,11.308143366900556,0.8906956886636443,0.0024142697192384
cx_ry,real_amplitudes,4,4,full,7,noiseless,0.2519320324843905,0.5957970979195928,0.0659087862911148
cx_ry,real_amplitudes,4,4,full,7,noisy,10.753373128446942,0.8935828166208222,0.0027215231423656
cx_ry,real_amplitudes,4,4,full,8,noiseless,0.3874291455173553,0.6144577908817754,0.0736315817041181
cx_ry,real_amplitudes,4,4,full,8,noisy,10.506328668277094,0.890759402980655,0.0017174139383212
cx_ry,real_amplitudes,4,4,full,9,noiseless,0.2361767485858831,0.6112049261031158,0.0660954974607949
cx_ry,real_amplitudes,4,4,full,9,noisy,10.893636534368117,0.8920087124170826,0.0019875686657107
cx_ry,real_amplitudes,4,8,linear,0,noiseless,0.2495499195131324,0.6651037236148227,0.0623543600911349
cx_ry,real_amplitudes,4,8,linear,0,noisy,3.1294153545924086,0.7706147933619751,0.0252178084732093
cx_ry,real_amplitudes,4,8,linear,1,noiseless,0.2290754303092396,0.6770165043134488,0.0608041613729523
cx_ry,real_amplitudes,4,8,linear,1,noisy,3.1257483287748533,0.7843654827375343,0.0295975687599447
cx_ry,real_amplitudes,4,8,linear,2,noiseless,0.2291271723784281,0.6758990122195138,0.0547196956187344
cx_ry,real_amplitudes,4,8,linear,2,noisy,3.0152313997996707,0.7990245415033186,0.0248678879212315
cx_ry,real_amplitudes,4,8,linear,3,noiseless,0.2688516710016508,0.672382233495444,0.0593190939643688
cx_ry,real_amplitudes,4,8,linear,3,noisy,3.133428595102224,0.7691593869752841,0.0219438598628381
cx_ry,real_amplitudes,4,8,linear,4,noiseless,0.208854302491589,0.677905061068697,0.0566703404996314
cx_ry,real_amplitudes,4,8,linear,4,noisy,2.9610809492170778,0.7866365585884797,0.0213078100250249
cx_ry,real_amplitudes,4,8,linear,5,noiseless,0.2185466346797132,0.6602410395829597,0.0589727843285768
cx_ry,real_amplitudes,4,8,linear,5,noisy,3.19590504542332,0.7630598837887367,0.0200064007853338
cx_ry,real_amplitudes,4,8,linear,6,noiseless,0.1671872172992942,0.693980622464758,0.052899782829782
cx_ry,real_amplitudes,4,8,linear,6,noisy,3.3938871890531126,0.7933029574671171,0.0171525646796247
cx_ry,real_amplitudes,4,8,linear,7,noiseless,0.1925725322641276,0.6646211321011595,0.0548350542010199
cx_ry,real_amplitudes,4,8,linear,7,noisy,3.0293564376195743,0.7743183749648354,0.0201126043592676
cx_ry,real_amplitudes,4,8,linear,8,noiseless,0.2968339020551018,0.6738726684181034,0.0454761929144392
cx_ry,real_amplitudes,4,8,linear,8,noisy,2.9470441506096092,0.7786861956717025,0.012454376950679
cx_ry,real_amplitudes,4,8,linear,9,noiseless,0.2513102933250665,0.6908081138118939,0.0726383885794049
cx_ry,real_amplitudes,4,8,linear,9,noisy,3.409214800431545,0.7786506275352494,0.0208874439524982
cx_ry,real_amplitudes,4,8,circular,0,noiseless,0.1769279409873565,0.7585137345209821,0.0492646689424626
cx_ry,real_amplitudes,4,8,circular,0,noisy,18.916213341094835,0.9715655587595938,0.000289854192006
cx_ry,real_amplitudes,4,8,circular,1,noiseless,0.1067471584654341,0.7588371625245662,0.0600758328099805
cx_ry,real_amplitudes,4,8,circular,1,noisy,18.584688809415795,0.9755166702895788,0.000414906755527
cx_ry,real_amplitudes,4,8,circular,2,noiseless,0.1272375620116824,0.7691879891256777,0.0576222311785071
cx_ry,real_amplitudes,4,8,circular,2,noisy,19.113318188954768,0.9748367592146676,0.0004667178404212
cx_ry,real_amplitudes,4,8,circular,3,noiseless,0.0694899253726464,0.7700408118146806,0.0598511240772797
cx_ry,real_amplitudes,4,8,circular,3,noisy,18.925101788216256,0.9744135893739428,0.0003836560205021
cx_ry,real_amplitudes,4,8,circular,4,noiseless,0.1473160001572729,0.7654760299196062,0.0524066465073219
cx_ry,real_amplitudes,4,8,circular,4,noisy,18.931809399321576,0.9723686763134762,0.000416750604905
cx_ry,real_amplitudes,4,8,circular,5,noiseless,0.1112208072285319,0.774566471433573,0.05046269603914
cx_ry,real_amplitudes,4,8,circular,5,noisy,19.003944163773628,0.9763609564357963,0.0003113637573935
cx_ry,real_amplitudes,4,8,circular,6,noiseless,0.1496536140305238,0.7803978773528283,0.071477750861784
cx_ry,real_amplitudes,4,8,circular,6,noisy,18.915943072331128,0.9788780077396098,0.0005387026019815
cx_ry,real_amplitudes,4,8,circular,7,noiseless,0.1172582881052206,0.7761340688536216,0.0563054356318895
cx_ry,real_amplitudes,4,8,circular,7,noisy,18.651842300156893,0.9744972735103994,0.0004398632954809
cx_ry,real_amplitudes,4,8,circular,8,noiseless,0.1741282560435044,0.7657958219987765,0.0696555954829119
cx_ry,real_amplitudes,4,8,circular,8,noisy,18.68935814252233,0.9756292043727276,0.000602456910188
cx_ry,real_amplitudes,4,8,circular,9,noiseless,0.1017992532355946,0.7426727981712841,0.0579534012818442
cx_ry,real_amplitudes,4,8,circular,9,noisy,18.64343684738939,0.9667301069039376,0.0004146502221682
cx_ry,real_amplitudes,4,8,full,0,noiseless,0.1889386709862113,0.6818703200945626,0.078971711165943
cx_ry,real_amplitudes,4,8,full,0,noisy,26.17957009734882,0.973952144433717,0.0001725312397095
cx_ry,real_amplitudes,4,8,full,1,noiseless,0.2324557434338243,0.6669341989166466,0.0495614706520612
cx_ry,real_amplitudes,4,8,full,1,noisy,26.20260052681839,0.9752112307545376,0.0001135234333791
cx_ry,real_amplitudes,4,8,full,2,noiseless,0.2332233856723735,0.6654207814012785,0.0673190328786212
cx_ry,real_amplitudes,4,8,full,2,noisy,26.55348219894639,0.9727534630921898,0.0001037639054837
cx_ry,real_amplitudes,4,8,full,3,noiseless,0.2061182730246196,0.6443193083947942,0.0591448561018958
cx_ry,real_amplitudes,4,8,full,3,noisy,25.755134370635183,0.9703830700540989,0.0001840452690938
cx_ry,real_amplitudes,4,8,full,4,noiseless,0.2486112798676246,0.669501661133224,0.0552394677151606
cx_ry,real_amplitudes,4,8,full,4,noisy,26.17786378944587,0.9705759990237216,0.0001032439460425
cx_ry,real_amplitudes,4,8,full,5,noiseless,0.1918708088037158,0.6525938393510035,0.0518634407140088
cx_ry,real_amplitudes,4,8,full,5,noisy,26.0546228016804,0.9724300360739988,0.0001173690976435
cx_ry,real_amplitudes,4,8,full,6,noiseless,0.1253754176982273,0.6810240890448559,0.0500948334030409
cx_ry,real_amplitudes,4,8,full,6,noisy,26.08689281868154,0.9709152033656092,9.673714281517703e-05
cx_ry,real_amplitudes,4,8,full,7,noiseless,0.1548722094979443,0.6390536951887948,0.064241718898406
cx_ry,real_amplitudes,4,8,full,7,noisy,26.38475824896948,0.9733083948783264,6.31579339742937e-05
cx_ry,real_amplitudes,4,8,full,8,noiseless,0.3031660466008616,0.6429919749959508,0.0557469276293225
cx_ry,real_amplitudes,4,8,full,8,noisy,26.12444220415088,0.9729172216862414,8.730560806961841e-05
cx_ry,real_amplitudes,4,8,full,9,noiseless,0.1138217007428526,0.6658329286781501,0.0541259972404333
cx_ry,real_amplitudes,4,8,full,9,noisy,26.461765196468637,0.9741583054027732,0.0001102074543022
cx_ry,real_amplitudes,8,1,linear,0,noiseless,0.5581860084055774,0.6056391837778036,0.16834670930055
cx_ry,real_amplitudes,8,1,linear,0,noisy,11.922162629400828,0.7654609038192643,0.1117300024743847
cx_ry,real_amplitudes,8,1,linear,1,noiseless,0.2798469477578503,0.597844933716307,0.2265219012072019
cx_ry,real_amplitudes,8,1,linear,1,noisy,12.064637830414435,0.7022212942183466,0.2218568404354714
cx_ry,real_amplitudes,8,1,linear,2,noiseless,0.5014105611519974,0.5985413911115884,0.25847068067962
cx_ry,real_amplitudes,8,1,linear,2,noisy,8.138165957156644,0.7677699701493345,0.2383331512105888
cx_ry,real_amplitudes,8,1,linear,3,noiseless,0.2336694346564843,0.5898377002982808,0.367220561379285
cx_ry,real_amplitudes,8,1,linear,3,noisy,11.497049802219063,0.7547252158646657,0.3528198822917626
cx_ry,real_amplitudes,8,1,linear,4,noiseless,0.2474026336432145,0.599844970317084,0.2719049464980997
cx_ry,real_amplitudes,8,1,linear,4,noisy,4.836283436144352,0.7357406243891196,0.2722640250285484
cx_ry,real_amplitudes,8,1,linear,5,noiseless,0.4167438449354417,0.6048728491545351,0.3699614995275476
cx_ry,real_amplitudes,8,1,linear,5,noisy,17.642197686588425,0.7222817905493193,0.3672156237768228
cx_ry,real_amplitudes,8,1,linear,6,noiseless,0.2901933381049755,0.6032358980724769,0.2414928774045891
cx_ry,real_amplitudes,8,1,linear,6,noisy,9.022460939531769,0.7659406737753116,0.2002262352622504
cx_ry,real_amplitudes,8,1,linear,7,noiseless,0.3022777467603151,0.5845345770487318,0.2780656988666307
cx_ry,real_amplitudes,8,1,linear,7,noisy,10.19185496593886,0.7223834826503218,0.2292352143581396
cx_ry,real_amplitudes,8,1,linear,8,noiseless,0.6628620782770265,0.5872148936356603,0.2568712370012074
cx_ry,real_amplitudes,8,1,linear,8,noisy,14.815271730668163,0.7452185679971147,0.2505888881581227
cx_ry,real_amplitudes,8,1,linear,9,noiseless,0.2024237848703089,0.5769251897189491,0.2858552108398859
cx_ry,real_amplitudes,8,1,linear,9,noisy,10.346312652426713,0.704176842530575,0.256465795951768
cx_ry,real_amplitudes,8,1,circular,0,noiseless,0.5581860084055774,0.7142284884897867,0.0529882907324389
cx_ry,real_amplitudes,8,1,circular,0,noisy,63.65111649219889,0.9146936458518258,0.0340342630781374
cx_ry,real_amplitudes,8,1,circular,1,noiseless,0.2798469477578503,0.6997643371414471,0.1048897426665284
cx_ry,real_amplitudes,8,1,circular,1,noisy,35.8746679245977,0.8860062069278467,0.0438006408154128
cx_ry,real_amplitudes,8,1,circular,2,noiseless,0.5014105611519974,0.7091054159301103,0.1240964760725022
cx_ry,real_amplitudes,8,1,circular,2,noisy,51.427959624978385,0.921011112564001,0.0084058384124759
cx_ry,real_amplitudes,8,1,circular,3,noiseless,0.2336694346564843,0.7037307507371383,0.1206475220166098
cx_ry,real_amplitudes,8,1,circular,3,noisy,50.57468683709266,0.883270954009714,0.0107392837307076
cx_ry,real_amplitudes,8,1,circular,4,noiseless,0.2474026336432145,0.7098295852816824,0.18705375684686
cx_ry,real_amplitudes,8,1,circular,4,noisy,43.61179121153297,0.9061277199118322,0.0577638842245308
cx_ry,real_amplitudes,8,1,circular,5,noiseless,0.4167438449354417,0.7112337607661791,0.1368521520302915
cx_ry,real_amplitudes,8,1,circular,5,noisy,42.64560672834257,0.8997010744201607,0.012287084201192
cx_ry,real_amplitudes,8,1,circular,6,noiseless,0.2901933381049755,0.7098955641678596,0.1238671090867194
cx_ry,real_amplitudes,8,1,circular,6,noisy,40.559450068940464,0.9042899144434156,0.1304619443699043
cx_ry,real_amplitudes,8,1,circular,7,noiseless,0.3022777467603151,0.6960914435785535,0.2231465826035038
cx_ry,real_amplitudes,8,1,circular,7,noisy,41.637818720140174,0.8929971792695015,0.1114171594720012
cx_ry,real_amplitudes,8,1,circular,8,noiseless,0.6628620782770265,0.6970035507211033,0.0583206883540202
cx_ry,real_amplitudes,8,1,circular,8,noisy,42.32864368255042,0.8814493455486598,0.0067602894932497
cx_ry,real_amplitudes,8,1,circular,9,noiseless,0.2024237848703089,0.6872016714445855,0.1673962142958018
cx_ry,real_amplitudes,8,1,circular,9,noisy,50.086845024578025,0.8706448895245599,0.0725638878263166
cx_ry,real_amplitudes,8,1,full,0,noiseless,0.5581860084055774,0.5864092670944181,0.0164784164945223
cx_ry,real_amplitudes,8,1,full,0,noisy,inf,0.9999920931899532,1.9123381199815347e-16
cx_ry,real_amplitudes,8,1,full,1,noiseless,0.2798469477578503,0.6068794638307033,0.0511230203482954
cx_ry,real_amplitudes,8,1,full,1,noisy,inf,0.9999926980258051,2.1315563723833555e-16
cx_ry,real_amplitudes,8,1,full,2,noiseless,0.5014105611519974,0.60678091179089,0.0476879713122006
cx_ry,real_amplitudes,8,1,full,2,noisy,inf,0.999992268307479,2.4890497961478606e-16
cx_ry,real_amplitudes,8,1,full,3,noiseless,0.2336694346564843,0.5823512264455196,0.2263663306875551
cx_ry,real_amplitudes,8,1,full,3,noisy,inf,0.9999918498034696,2.9587424636848956e-16
cx_ry,real_amplitudes,8,1,full,4,noiseless,0.2474026336432145,0.6005471510037904,0.0299847991228808
cx_ry,real_amplitudes,8,1,full,4,noisy,inf,0.9999921583190878,2.383933791559247e-16
cx_ry,real_amplitudes,8,1,full,5,noiseless,0.4167438449354417,0.5847985587336713,0.2483512231680333
cx_ry,real_amplitudes,8,1,full,5,noisy,inf,0.999992442549472,2.6554329469936774e-16
cx_ry,real_amplitudes,8,1,full,6,noiseless,0.2901933381049755,0.6014202325711805,0.0564124495956945
cx_ry,real_amplitudes,8,1,full,6,noisy,inf,0.999990412084522,1.679039470628585e-16
cx_ry,real_amplitudes,8,1,full,7,noiseless,0.3022777467603151,0.601359618325609,0.1386591058184354
cx_ry,real_amplitudes,8,1,full,7,noisy,inf,0.99999194752811,1.704079349965784e-16
cx_ry,real_amplitudes,8,1,full,8,noiseless,0.6628620782770265,0.59384150171035,0.1028549066824671
cx_ry,real_amplitudes,8,1,full,8,noisy,inf,0.9999915518529447,2.685343397470134e-16
cx_ry,real_amplitudes,8,1,full,9,noiseless,0.2024237848703089,0.5836479189843802,0.1930980510519906
cx_ry,real_amplitudes,8,1,full,9,noisy,inf,0.9999922001113456,3.103930816040103e-16
cx_ry,real_amplitudes,8,2,linear,0,noiseless,0.5497075057041142,0.7413648779424952,0.0841797310526358
cx_ry,real_amplitudes,8,2,linear,0,noisy,31.202054538020484,0.8289482248150635,0.0644471498743612
cx_ry,real_amplitudes,8,2,linear,1,noiseless,0.3991561306613038,0.7076305629203071,0.1517056190432931
cx_ry,real_amplitudes,8,2,linear,1,noisy,32.07086370345621,0.7742449023883464,0.1375728463552237
cx_ry,real_amplitudes,8,2,linear,2,noiseless,0.622139129221591,0.728306959007393,0.1181931696165934
cx_ry,real_amplitudes,8,2,linear,2,noisy,38.18697805658238,0.8357046979226849,0.079508344554328
cx_ry,real_amplitudes,8,2,linear,3,noiseless,0.3097577320264509,0.7260654699545687,0.1997867873756347
cx_ry,real_amplitudes,8,2,linear,3,noisy,28.86222569513845,0.8288318441948671,0.1674866667054465
cx_ry,real_amplitudes,8,2,linear,4,noiseless,0.6014074513498562,0.7329648395663773,0.1015106633497128
cx_ry,real_amplitudes,8,2,linear,4,noisy,27.91182093207872,0.801027267609451,0.0595468912670778
cx_ry,real_amplitudes,8,2,linear,5,noiseless,0.5434688271629641,0.7204037155122762,0.1550300156302601
cx_ry,real_amplitudes,8,2,linear,5,noisy,50.61283247972347,0.7837612954878566,0.1363987085533954
cx_ry,real_amplitudes,8,2,linear,6,noiseless,0.3895203069420448,0.7186999766428874,0.1483804102874803
cx_ry,real_amplitudes,8,2,linear,6,noisy,27.77557056929954,0.8091119874419942,0.088658784501002
cx_ry,real_amplitudes,8,2,linear,7,noiseless,0.5441100971873991,0.707014001491658,0.1407703997671715
cx_ry,real_amplitudes,8,2,linear,7,noisy,34.76395470904174,0.7870249044395974,0.0832741994114872
cx_ry,real_amplitudes,8,2,linear,8,noiseless,1.0177763959754749,0.7155900004565631,0.0608788101632035
cx_ry,real_amplitudes,8,2,linear,8,noisy,32.09649303696187,0.8101624280023774,0.0794766895635684
cx_ry,real_amplitudes,8,2,linear,9,noiseless,0.7022605630330362,0.7140787826410008,0.1807585213460832
cx_ry,real_amplitudes,8,2,linear,9,noisy,39.630960660246195,0.7710806526333369,0.1269049292626504
cx_ry,real_amplitudes,8,2,circular,0,noiseless,0.1985025754691931,0.8834192672288056,0.002616725599719
cx_ry,real_amplitudes,8,2,circular,0,noisy,92.54445584820049,0.9666514196589588,4.5633163701405514e-20
cx_ry,real_amplitudes,8,2,circular,1,noiseless,0.2688200156710605,0.8789608255922758,0.0067025824284331
cx_ry,real_amplitudes,8,2,circular,1,noisy,93.70873599247372,0.9412630537251044,3.0554437205881337e-19
cx_ry,real_amplitudes,8,2,circular,2,noiseless,0.3129220084355697,0.8898068784047533,0.003001496316365
cx_ry,real_amplitudes,8,2,circular,2,noisy,97.559569746444,0.9632524438177048,1.7141927604698868e-19
cx_ry,real_amplitudes,8,2,circular,3,noiseless,0.1994878673963429,0.886355942962782,0.0068247024427344
cx_ry,real_amplitudes,8,2,circular,3,noisy,87.33795443987849,0.9578275225846704,6.695360270710336e-20
cx_ry,real_amplitudes,8,2,circular,4,noiseless,0.4945630682791216,0.8927049129413487,0.0016220488169999
cx_ry,real_amplitudes,8,2,circular,4,noisy,98.50865091465435,0.948895145709546,3.2781346823693416e-19
cx_ry,real_amplitudes,8,2,circular,5,noiseless,0.1790128628895737,0.8917147300388331,0.0037170932164809
cx_ry,real_amplitudes,8,2,circular,5,noisy,111.97714476062556,0.9631615093569752,3.9865586425501413e-20
cx_ry,real_amplitudes,8,2,circular,6,noiseless,0.2323948740114928,0.8830798106489911,0.0116836235271705
cx_ry,real_amplitudes,8,2,circular,6,noisy,95.3155420518994,0.9524842036790993,2.3926784934750802e-20
cx_ry,real_amplitudes,8,2,circular,7,noiseless,0.3648532220598002,0.8761109467153025,0.0052403496294267
cx_ry,real_amplitudes,8,2,circular,7,noisy,94.03610436712388,0.9518916570868317,2.168869467039124e-22
cx_ry,real_amplitudes,8,2,circular,8,noiseless,0.4706854426068099,0.8834584265287495,0.0030710428358368
cx_ry,real_amplitudes,8,2,circular,8,noisy,86.42333502136097,0.9591875881433488,8.733866160925038e-23
cx_ry,real_amplitudes,8,2,circular,9,noiseless,0.3886098890907306,0.8755951727711975,0.0052110132667296
cx_ry,real_amplitudes,8,2,circular,9,noisy,104.42863844005969,0.9525868651460044,1.3084870577669054e-19
cx_ry,real_amplitudes,8,2,full,0,noiseless,0.6736665371269909,0.6418146354303386,0.0155294903838575
cx_ry,real_amplitudes,8,2,full,0,noisy,inf,0.999989737735359,1.1202910463399383e-34
cx_ry,real_amplitudes,8,2,full,1,noiseless,0.7716723441653799,0.630061659476507,0.0122611155987369
cx_ry,real_amplitudes,8,2,full,1,noisy,inf,0.9999897372387032,5.51759285250236e-35
cx_ry,real_amplitudes,8,2,full,2,noiseless,0.601110491669609,0.6374343000272138,0.0080020822633474
cx_ry,real_amplitudes,8,2,full,2,noisy,inf,0.9999894636436816,4.222668275636529e-35
cx_ry,real_amplitudes,8,2,full,3,noiseless,0.7130670667953991,0.6243021113314008,0.1013254163177296
cx_ry,real_amplitudes,8,2,full,3,noisy,inf,0.9999896006388258,1.2019173740610382e-34
cx_ry,real_amplitudes,8,2,full,4,noiseless,0.9496505152189298,0.638524659364983,0.0099083526885641
cx_ry,real_amplitudes,8,2,full,4,noisy,inf,0.9999897685690882,7.970039777671241e-35
cx_ry,real_amplitudes,8,2,full,5,noiseless,0.5700103365139415,0.624401927200375,0.1240823927276772
cx_ry,real_amplitudes,8,2,full,5,noisy,inf,0.99998965762811,1.1799330174909923e-34
cx_ry,real_amplitudes,8,2,full,6,noiseless,0.4406226241751482,0.6351750023949436,0.0145256655735978
cx_ry,real_amplitudes,8,2,full,6,noisy,inf,0.9999896116117284,1.705085379941816e-34
cx_ry,real_amplitudes,8,2,full,7,noiseless,0.7403578514361563,0.637295859935261,0.0440292884863129
cx_ry,real_amplitudes,8,2,full,7,noisy,inf,0.999989684070592,8.824587599783686e-35
cx_ry,real_amplitudes,8,2,full,8,noiseless,0.6920883453069067,0.6313141497187045,0.0289632929999388
cx_ry,real_amplitudes,8,2,full,8,noisy,inf,0.9999895083699268,1.5339334024620911e-34
cx_ry,real_amplitudes,8,2,full,9,noiseless,0.7279971179697923,0.6327728068922751,0.0832604400526027
cx_ry,real_amplitudes,8,2,full,9,noisy,inf,0.9999895069060516,8.247247467691821e-35
cx_ry,real_amplitudes,8,4,linear,0,noiseless,0.1859412992669367,0.8441513568208666,0.0317137576392817
cx_ry,real_amplitudes,8,4,linear,0,noisy,134.8224342344289,0.9031876686885406,0.0153290927643331
cx_ry,real_amplitudes,8,4,linear,1,noiseless,0.1688630771719622,0.8258187148118129,0.0236689654263448
cx_ry,real_amplitudes,8,4,linear,1,noisy,124.37932922453948,0.8700221777624513,0.0163973901068524
cx_ry,real_amplitudes,8,4,linear,2,noiseless,0.135542307041171,0.8419123175065928,0.0264052494208823
cx_ry,real_amplitudes,8,4,linear,2,noisy,158.81255013696952,0.9145361442496278,0.0248125747015399
cx_ry,real_amplitudes,8,4,linear,3,noiseless,0.0920809509097148,0.8342622367372877,0.0456255938681043
cx_ry,real_amplitudes,8,4,linear,3,noisy,148.9714586986713,0.9155934132833652,0.0347553594964062
cx_ry,real_amplitudes,8,4,linear,4,noiseless,0.1873912812231839,0.8399529604637544,0.0271799682737768
cx_ry,real_amplitudes,8,4,linear,4,noisy,134.11002291172042,0.8832671311166912,0.0102561248548211
cx_ry,real_amplitudes,8,4,linear,5,noiseless,0.1083976606987898,0.8305946819137688,0.0669004921692009
cx_ry,real_amplitudes,8,4,linear,5,noisy,148.63220769126997,0.879360072723922,0.0340160475073576
cx_ry,real_amplitudes,8,4,linear,6,noiseless,0.1777468839834002,0.8394868843361131,0.0242364091291959
cx_ry,real_amplitudes,8,4,linear,6,noisy,145.16118540810783,0.9107408970525084,0.0124289769323671
cx_ry,real_amplitudes,8,4,linear,7,noiseless,0.1039128166133107,0.8237717545697248,0.0299410848927525
cx_ry,real_amplitudes,8,4,linear,7,noisy,129.32592704016815,0.8856367309332219,0.0293336934409507
cx_ry,real_amplitudes,8,4,linear,8,noiseless,0.1728593376511853,0.8231029614923261,0.0157521838387304
cx_ry,real_amplitudes,8,4,linear,8,noisy,150.03242406062813,0.8965061623904206,0.0071028260757699
cx_ry,real_amplitudes,8,4,linear,9,noiseless,0.1102298574797749,0.8293324556689796,0.0407391013175752
cx_ry,real_amplitudes,8,4,linear,9,noisy,131.42056171826067,0.8710075277361252,0.0811974033272722
cx_ry,real_amplitudes,8,4,circular,0,noiseless,0.0112568411011437,0.9550014148757944,0.0038977857475541
cx_ry,real_amplitudes,8,4,circular,0,noisy,inf,0.99580878206755,5.210399288765189e-12
cx_ry,real_amplitudes,8,4,circular,1,noiseless,0.0218908760544474,0.9559307427170292,0.0041130086094088
cx_ry,real_amplitudes,8,4,circular,1,noisy,inf,0.9953207847224008,5.086167931491817e-13
cx_ry,real_amplitudes,8,4,circular,2,noiseless,0.0065265640766859,0.9578319081835974,0.0037976920149038
cx_ry,real_amplitudes,8,4,circular,2,noisy,inf,0.9962639729113648,1.8305592150675252e-14
cx_ry,real_amplitudes,8,4,circular,3,noiseless,0.0110819576432267,0.9570994755268732,0.0039756198536203
cx_ry,real_amplitudes,8,4,circular,3,noisy,inf,0.996485025105678,2.0382774642604178e-13
cx_ry,real_amplitudes,8,4,circular,4,noiseless,0.004529523285591,0.9591344508174268,0.0045269385369881
cx_ry,real_amplitudes,8,4,circular,4,noisy,inf,0.9975854465426114,1.6194069677480531e-13
cx_ry,real_amplitudes,8,4,circular,5,noiseless,0.0438186303292107,0.9575885646036738,0.003495855779484
cx_ry,real_amplitudes,8,4,circular,5,noisy,inf,0.9957505137520716,1.181906340814267e-12
cx_ry,real_amplitudes,8,4,circular,6,noiseless,0.0230470707738039,0.9541387121710828,0.0034925535326815
cx_ry,real_amplitudes,8,4,circular,6,noisy,inf,0.9966232832515968,1.401986231792607e-13
cx_ry,real_amplitudes,8,4,circular,7,noiseless,0.0205085177968698,0.9554903031057628,0.0034561002941267
cx_ry,real_amplitudes,8,4,circular,7,noisy,inf,0.9944454742118466,4.401707963066764e-15
cx_ry,real_amplitudes,8,4,circular,8,noiseless,0.0531736252596943,0.9548876574025624,0.0042460699320642
cx_ry,real_amplitudes,8,4,circular,8,noisy,inf,0.9954421035607092,2.538608281958795e-15
cx_ry,real_amplitudes,8,4,circular,9,noiseless,0.0437864269832334,0.9486279986860708,0.0035909626515123
cx_ry,real_amplitudes,8,4,circular,9,noisy,inf,0.9956177533301448,4.534000476370082e-13
cx_ry,real_amplitudes,8,4,full,0,noiseless,0.0840965993309015,0.8061801040804955,0.0069208325695696
cx_ry,real_amplitudes,8,4,full,0,noisy,inf,0.9999898125073023,7.111061647961032e-35
cx_ry,real_amplitudes,8,4,full,1,noiseless,0.1552711243284389,0.7984200795958895,0.0054420350019272
cx_ry,real_amplitudes,8,4,full,1,noisy,inf,0.9999896107979376,1.4973102229098055e-34
cx_ry,real_amplitudes,8,4,full,2,noiseless,0.1096862258782817,0.8060225461953582,0.0060070673175699
cx_ry,real_amplitudes,8,4,full,2,noisy,inf,0.9999896435490928,1.1057985070991334e-34
cx_ry,real_amplitudes,8,4,full,3,noiseless,0.1780138422516433,0.8012501279971016,0.0217291940540451
cx_ry,real_amplitudes,8,4,full,3,noisy,inf,0.9999898681849796,1.7649781232210462e-34
cx_ry,real_amplitudes,8,4,full,4,noiseless,0.0920283240056513,0.8036452264552253,0.0062283214721316
cx_ry,real_amplitudes,8,4,full,4,noisy,inf,0.999989954115764,1.1190622629118784e-34
cx_ry,real_amplitudes,8,4,full,5,noiseless,0.1500802076128488,0.7958373330331711,0.0428787367870257
cx_ry,real_amplitudes,8,4,full,5,noisy,inf,0.9999897454288184,9.341261774534443e-35
cx_ry,real_amplitudes,8,4,full,6,noiseless,0.1380519123768921,0.8094825278695211,0.0062768494857637
cx_ry,real_amplitudes,8,4,full,6,noisy,inf,0.9999895857021364,6.923484096085815e-35
cx_ry,real_amplitudes,8,4,full,7,noiseless,0.0808736247029041,0.7842037071523583,0.0072280366094196
cx_ry,real_amplitudes,8,4,full,7,noisy,inf,0.9999895682572604,9.636671341525091e-35
cx_ry,real_amplitudes,8,4,full,8,noiseless,0.1085911075300674,0.7923185571809719,0.0084054232651508
cx_ry,real_amplitudes,8,4,full,8,noisy,inf,0.999989809467136,1.5367420502976559e-34
cx_ry,real_amplitudes,8,4,full,9,noiseless,0.2186069424793847,0.7926957949467734,0.0195643914768322
cx_ry,real_amplitudes,8,4,full,9,noisy,inf,0.9999898766501794,9.4437439842488e-35
cx_ry,real_amplitudes,8,8,linear,0,noiseless,0.0830821492023602,0.9362160587740432,0.0040506824240136
cx_ry,real_amplitudes,8,8,linear,0,noisy,inf,0.9758033346711056,1.8522419033895683e-05
cx_ry,real_amplitudes,8,8,linear,1,noiseless,0.0516348100423294,0.9235704801048256,0.0038320892567433
cx_ry,real_amplitudes,8,8,linear,1,noisy,inf,0.9567845563663488,2.9699713180783548e-05
cx_ry,real_amplitudes,8,8,linear,2,noiseless,0.047273364577179,0.9319343281516892,0.0047460439777824
cx_ry,real_amplitudes,8,8,linear,2,noisy,inf,0.968130397135395,3.7442436872224e-05
cx_ry,real_amplitudes,8,8,linear,3,noiseless,0.0400806060572434,0.9289101110094952,0.0049894123340284
cx_ry,real_amplitudes,8,8,linear,3,noisy,inf,0.9771106331051256,0.0015259253592596
cx_ry,real_amplitudes,8,8,linear,4,noiseless,0.0531929878908644,0.9302363987847946,0.0043631645258351
cx_ry,real_amplitudes,8,8,linear,4,noisy,inf,0.9576040699837944,0.0001424009624446
cx_ry,real_amplitudes,8,8,linear,5,noiseless,0.0476719809460437,0.9277453263199535,0.0059353364819971
cx_ry,real_amplitudes,8,8,linear,5,noisy,inf,0.9554251664904352,0.0020320782751189
cx_ry,real_amplitudes,8,8,linear,6,noiseless,0.0624437284535502,0.9329150765445116,0.0038471246777363
cx_ry,real_amplitudes,8,8,linear,6,noisy,inf,0.9719157412656112,4.1839843173922566e-05
cx_ry,real_amplitudes,8,8,linear,7,noiseless,0.0375547562389068,0.9227814152155956,0.0044466813281506
cx_ry,real_amplitudes,8,8,linear,7,noisy,inf,0.9561694373945436,0.0001784842038859
cx_ry,real_amplitudes,8,8,linear,8,noiseless,0.0400806060572434,0.9192598084371963,0.0049343273930188
cx_ry,real_amplitudes,8,8,linear,8,noisy,inf,0.9619696961094376,7.919309572080959e-05
cx_ry,real_amplitudes,8,8,linear,9,noiseless,0.0557018562153819,0.9272811446270574,0.0058079706382113
cx_ry,real_amplitudes,8,8,linear,9,noisy,inf,0.9522146019764174,9.027080254838508e-05
cx_ry,real_amplitudes,8,8,circular,0,noiseless,0.0298751255039756,0.9802553905637694,0.0041353524113914
cx_ry,real_amplitudes,8,8,circular,0,noisy,inf,0.99998460693304,2.6446343290764093e-28
cx_ry,real_amplitudes,8,8,circular,1,noiseless,0.0112568411011437,0.9782542872211109,0.0034824720081489
cx_ry,real_amplitudes,8,8,circular,1,noisy,inf,0.9999558787026784,4.700685989187925e-27
cx_ry,real_amplitudes,8,8,circular,2,noiseless,0.0139397734553261,0.9820007785756084,0.0040099679140855
cx_ry,real_amplitudes,8,8,circular,2,noisy,inf,0.9999869805490308,1.927410946630324e-27
cx_ry,real_amplitudes,8,8,circular,3,noiseless,0.0204110457665515,0.9802119872668408,0.0042160668980152
cx_ry,real_amplitudes,8,8,circular,3,noisy,inf,0.9999726104863014,2.00087630473643e-28
cx_ry,real_amplitudes,8,8,circular,4,noiseless,0.0087783250563018,0.9807215107391388,0.0039582340475825
cx_ry,real_amplitudes,8,8,circular,4,noisy,inf,0.9999703541620092,2.4050441602474995e-28
cx_ry,real_amplitudes,8,8,circular,5,noiseless,0.0230470707738039,0.9789553009018308,0.0041506287198231
cx_ry,real_amplitudes,8,8,circular,5,noisy,inf,0.9999411838158728,5.6458107331446944e-27
cx_ry,real_amplitudes,8,8,circular,6,noiseless,0.013083063477771,0.979244593919034,0.0045523498490796
cx_ry,real_amplitudes,8,8,circular,6,noisy,inf,0.99995923750187,2.0567909328026136e-26
cx_ry,real_amplitudes,8,8,circular,7,noiseless,0.0224162249236674,0.9799444078809114,0.0038463215573899
cx_ry,real_amplitudes,8,8,circular,7,noisy,inf,0.9999663056748208,8.325369314901348e-27
cx_ry,real_amplitudes,8,8,circular,8,noiseless,0.0198489155010859,0.9802615094742668,0.0042398616640123
cx_ry,real_amplitudes,8,8,circular,8,noisy,inf,0.9999358591170204,4.747549533091923e-27
cx_ry,real_amplitudes,8,8,circular,9,noiseless,0.0080002150567231,0.9770626833379112,0.0044669071496699
cx_ry,real_amplitudes,8,8,circular,9,noisy,inf,0.9998931940348608,2.562561439165792e-27
cx_ry,real_amplitudes,8,8,full,0,noiseless,0.056247192181918,0.9265836433750784,0.0040059811580595
cx_ry,real_amplitudes,8,8,full,0,noisy,inf,0.9999906652163212,1.50073744199487e-34
cx_ry,real_amplitudes,8,8,full,1,noiseless,0.0476719809460437,0.915261629780538,0.0033421490670318
cx_ry,real_amplitudes,8,8,full,1,noisy,inf,0.9999910028908168,8.163991121137582e-35
cx_ry,real_amplitudes,8,8,full,2,noiseless,0.0198489155010859,0.9221567833413284,0.0035235774216484
cx_ry,real_amplitudes,8,8,full,2,noisy,inf,0.9999909933574695,1.2988846867232687e-34
cx_ry,real_amplitudes,8,8,full,3,noiseless,0.0389859126370571,0.9214074628891696,0.0043339507344534
cx_ry,real_amplitudes,8,8,full,3,noisy,inf,0.9999906416603715,1.0665004248463102e-34
cx_ry,real_amplitudes,8,8,full,4,noiseless,0.0178214954602866,0.92101907624864,0.0046051008529217
cx_ry,real_amplitudes,8,8,full,4,noisy,inf,0.999990575646012,1.1433558128288727e-34
cx_ry,real_amplitudes,8,8,full,5,noiseless,0.0527519644176945,0.9179439651051944,0.0056804873815698
cx_ry,real_amplitudes,8,8,full,5,noisy,inf,0.99999076181024,1.327328515361566e-34
cx_ry,real_amplitudes,8,8,full,6,noiseless,0.0313174362080906,0.92322533066597,0.0042016821739075
cx_ry,real_amplitudes,8,8,full,6,noisy,inf,0.9999908691752164,1.32228799558524e-34
cx_ry,real_amplitudes,8,8,full,7,noiseless,0.0298539492241774,0.9139868292244578,0.0035231372858243
cx_ry,real_amplitudes,8,8,full,7,noisy,inf,0.9999909399509944,1.3070682171727268e-34
cx_ry,real_amplitudes,8,8,full,8,noiseless,0.0364644461659583,0.909893719396762,0.0040733962203462
cx_ry,real_amplitudes,8,8,full,8,noisy,inf,0.999990762856532,1.642298308349895e-34
cx_ry,real_amplitudes,8,8,full,9,noiseless,0.067479701064619,0.918213331453804,0.0038442937275038
cx_ry,real_amplitudes,8,8,full,9,noisy,inf,0.999990626282066,1.612882737714918e-34
cx_ry,real_amplitudes,10,1,linear,0,noiseless,0.2462822386922319,0.6193218498444041,0.165016999311286
cx_ry,real_amplitudes,10,1,linear,0,noisy,inf,0.8039324574392235,0.1911433826773611
cx_ry,real_amplitudes,10,1,linear,1,noiseless,0.943422382401399,0.6219883911912172,0.2061599027539097
cx_ry,real_amplitudes,10,1,linear,1,noisy,73.98380218812727,0.7894850582021733,0.1510071045154763
cx_ry,real_amplitudes,10,1,linear,2,noiseless,0.6935542793853388,0.6353560936499073,0.2824570126678978
cx_ry,real_amplitudes,10,1,linear,2,noisy,22.56032507527175,0.7854277041157592,0.2284628678368893
cx_ry,real_amplitudes,10,1,linear,3,noiseless,0.1272350515861328,0.6269464780391744,0.3601852577383315
cx_ry,real_amplitudes,10,1,linear,3,noisy,40.60000424210316,0.7771404296282642,0.271858277052516
cx_ry,real_amplitudes,10,1,linear,4,noiseless,0.6316922903194195,0.6313858115873513,0.2458420840491086
cx_ry,real_amplitudes,10,1,linear,4,noisy,48.07942350596254,0.7832536267662589,0.2062787872134143
cx_ry,real_amplitudes,10,1,linear,5,noiseless,0.0971659200262111,0.639753519648412,0.3423726769979158
cx_ry,real_amplitudes,10,1,linear,5,noisy,inf,0.7906245218726969,0.3392457912543403
cx_ry,real_amplitudes,10,1,linear,6,noiseless,0.2310167651788796,0.6276243313756005,0.2487958480692441
cx_ry,real_amplitudes,10,1,linear,6,noisy,56.440167818318635,0.7987221214465314,0.1540883253130613
cx_ry,real_amplitudes,10,1,linear,7,noiseless,0.707909583695061,0.6357543811986791,0.2927905315865809
cx_ry,real_amplitudes,10,1,linear,7,noisy,27.307091592461216,0.7973807258731759,0.2575745993365493
cx_ry,real_amplitudes,10,1,linear,8,noiseless,1.372899649405261,0.6412234380546832,0.2113215808064041
cx_ry,real_amplitudes,10,1,linear,8,noisy,inf,0.8016192670983084,0.2390789556961627
cx_ry,real_amplitudes,10,1,linear,9,noiseless,0.3132735562247702,0.6135200493254132,0.2818477219237578
cx_ry,real_amplitudes,10,1,linear,9,noisy,35.43467361764185,0.7592241665894398,0.3475003134837656
cx_ry,real_amplitudes,10,1,circular,0,noiseless,0.2462822386922319,0.7132562665236617,0.138811942503149
cx_ry,real_amplitudes,10,1,circular,0,noisy,158.77185099808972,0.92842064496177,1.754740280195851e-24
cx_ry,real_amplitudes,10,1,circular,1,noiseless,0.943422382401399,0.7090972018817367,0.1294176151617104
cx_ry,real_amplitudes,10,1,circular,1,noisy,inf,0.913026324291607,2.3915130901227464e-24
cx_ry,real_amplitudes,10,1,circular,2,noiseless,0.6935542793853388,0.7225076950006476,0.2031451470976341
cx_ry,real_amplitudes,10,1,circular,2,noisy,inf,0.9383655374952208,3.3190886639490847e-25
cx_ry,real_amplitudes,10,1,circular,3,noiseless,0.1272350515861328,0.7161508579363037,0.1776699610823983
cx_ry,real_amplitudes,10,1,circular,3,noisy,146.4595649852934,0.9192057787635254,3.7406465374026845e-26
cx_ry,real_amplitudes,10,1,circular,4,noiseless,0.6316922903194195,0.7175884249033255,0.0966895680666944
cx_ry,real_amplitudes,10,1,circular,4,noisy,inf,0.9206883724759416,7.304446269621576e-25
cx_ry,real_amplitudes,10,1,circular,5,noiseless,0.0971659200262111,0.7243373102891337,0.1276098553657003
cx_ry,real_amplitudes,10,1,circular,5,noisy,inf,0.9265494564929102,3.036290784513715e-27
cx_ry,real_amplitudes,10,1,circular,6,noiseless,0.2310167651788796,0.713777627620765,0.073031234484393
cx_ry,real_amplitudes,10,1,circular,6,noisy,inf,0.9019465488431968,4.1907716703858096e-24
cx_ry,real_amplitudes,10,1,circular,7,noiseless,0.707909583695061,0.7178231353901242,0.1167282240249417
cx_ry,real_amplitudes,10,1,circular,7,noisy,inf,0.9159344618135358,1.0563581227230007e-24
cx_ry,real_amplitudes,10,1,circular,8,noiseless,1.372899649405261,0.7201012756582714,0.1451227926993441
cx_ry,real_amplitudes,10,1,circular,8,noisy,inf,0.9193935034369598,1.6087533100006749e-25
cx_ry,real_amplitudes,10,1,circular,9,noiseless,0.3132735562247702,0.6979941722219869,0.1129409657435324
cx_ry,real_amplitudes,10,1,circular,9,noisy,inf,0.9092594860643924,4.0895856445171047e-25
cx_ry,real_amplitudes,10,1,full,0,noiseless,0.2462822386922319,0.6199570699412738,0.0140890432132741
cx_ry,real_amplitudes,10,1,full,0,noisy,inf,0.9999929107759358,1.651120981073637e-21
cx_ry,real_amplitudes,10,1,full,1,noiseless,0.943422382401399,0.6238697359635045,0.0380096647406709
cx_ry,real_amplitudes,10,1,full,1,noisy,inf,0.9999913839615868,2.85077736875808e-22
cx_ry,real_amplitudes,10,1,full,2,noiseless,0.6935542793853388,0.6304495164474228,0.0390947649655787
cx_ry,real_amplitudes,10,1,full,2,noisy,inf,0.99999161217725,2.0876209783446268e-21
cx_ry,real_amplitudes,10,1,full,3,noiseless,0.1272350515861328,0.6190035628352432,0.2083702556792554
cx_ry,real_amplitudes,10,1,full,3,noisy,inf,0.999992063907676,4.77082093330819e-21
cx_ry,real_amplitudes,10,1,full,4,noiseless,0.6316922903194195,0.6324606337218378,0.0244069819601936
cx_ry,real_amplitudes,10,1,full,4,noisy,inf,0.9999930034899402,4.094047501680828e-21
cx_ry,real_amplitudes,10,1,full,5,noiseless,0.0971659200262111,0.6206968898966906,0.2399731227885912
cx_ry,real_amplitudes,10,1,full,5,noisy,inf,0.9999917290494548,6.5182187710929825e-22
cx_ry,real_amplitudes,10,1,full,6,noiseless,0.2310167651788796,0.6332593979517928,0.0488576896773585
cx_ry,real_amplitudes,10,1,full,6,noisy,inf,0.999991762217864,2.308657975564865e-22
cx_ry,real_amplitudes,10,1,full,7,noiseless,0.707909583695061,0.637351099193673,0.1414549968910721
cx_ry,real_amplitudes,10,1,full,7,noisy,inf,0.9999919682924256,7.697519083221299e-22
cx_ry,real_amplitudes,10,1,full,8,noiseless,1.372899649405261,0.6380676295677844,0.0982383816442671
cx_ry,real_amplitudes,10,1,full,8,noisy,inf,0.9999922906127076,4.0604784766524043e-22
cx_ry,real_amplitudes,10,1,full,9,noiseless,0.3132735562247702,0.6351203812232614,0.1978152151893858
cx_ry,real_amplitudes,10,1,full,9,noisy,inf,0.999992505260326,8.582898051273418e-21
cx_ry,real_amplitudes,10,2,linear,0,noiseless,0.2406114946270587,0.7583590515324476,0.0786195758139911
cx_ry,real_amplitudes,10,2,linear,0,noisy,149.09966627938695,0.8749983176049821,0.070591540199171
cx_ry,real_amplitudes,10,2,linear,1,noiseless,0.66234353439357,0.7517930247610597,0.1543089282038951
cx_ry,real_amplitudes,10,2,linear,1,noisy,137.76659171563358,0.86264462740276,0.1183370863162319
cx_ry,real_amplitudes,10,2,linear,2,noiseless,0.2780855190952451,0.7703839083056591,0.1017576052943423
cx_ry,real_amplitudes,10,2,linear,2,noisy,inf,0.8534065792794794,0.0843924651428146
cx_ry,real_amplitudes,10,2,linear,3,noiseless,1.0670747228447344,0.7598761814053552,0.1868257984453201
cx_ry,real_amplitudes,10,2,linear,3,noisy,135.98184067544852,0.8404336695938229,0.1603968070844641
cx_ry,real_amplitudes,10,2,linear,4,noiseless,0.4549492034690763,0.7609105971127665,0.1170499537512798
cx_ry,real_amplitudes,10,2,linear,4,noisy,166.26518165983734,0.8562251644365156,0.0548853514573033
cx_ry,real_amplitudes,10,2,linear,5,noiseless,0.2551900706174226,0.7577270253548417,0.1427793886107664
cx_ry,real_amplitudes,10,2,linear,5,noisy,inf,0.8596940292466367,0.140933628742496
cx_ry,real_amplitudes,10,2,linear,6,noiseless,0.3942799225242607,0.757888474683748,0.143774255335322
cx_ry,real_amplitudes,10,2,linear,6,noisy,146.1314566970429,0.8585563163609525,0.1390877573339069
cx_ry,real_amplitudes,10,2,linear,7,noiseless,0.468012846201472,0.761512359330588,0.1334778410660432
cx_ry,real_amplitudes,10,2,linear,7,noisy,120.11931038722952,0.8598332910288778,0.1302299899153753
cx_ry,real_amplitudes,10,2,linear,8,noiseless,0.5601039167530362,0.758509374317966,0.0748389462760998
cx_ry,real_amplitudes,10,2,linear,8,noisy,inf,0.8394155119948886,0.0590276049641095
cx_ry,real_amplitudes,10,2,linear,9,noiseless,0.2628240859886816,0.7555402996042387,0.2158555359117501
cx_ry,real_amplitudes,10,2,linear,9,noisy,141.01686167828692,0.8452477465516862,0.1233344563771054
cx_ry,real_amplitudes,10,2,circular,0,noiseless,0.0884692629664926,0.892919221760962,0.0014768986530563
cx_ry,real_amplitudes,10,2,circular,0,noisy,inf,0.9787332118198084,1.2658701442175244e-34
cx_ry,real_amplitudes,10,2,circular,1,noiseless,0.2882484441099865,0.8863459952936364,0.0018906378496674
cx_ry,real_amplitudes,10,2,circular,1,noisy,inf,0.9720857337037582,9.72889932218577e-35
cx_ry,real_amplitudes,10,2,circular,2,noiseless,0.265961650298665,0.8900883141235809,0.0055984056606502
cx_ry,real_amplitudes,10,2,circular,2,noisy,inf,0.9814887430209768,5.091092155508011e-35
cx_ry,real_amplitudes,10,2,circular,3,noiseless,0.6843775691523144,0.8953716049218323,0.0050395174492761
cx_ry,real_amplitudes,10,2,circular,3,noisy,inf,0.9789491718977106,2.1431215948322342e-34
cx_ry,real_amplitudes,10,2,circular,4,noiseless,0.4398596691679781,0.898319940181465,0.0016918226798209
cx_ry,real_amplitudes,10,2,circular,4,noisy,inf,0.9796690053991938,1.983472221406755e-34
cx_ry,real_amplitudes,10,2,circular,5,noiseless,0.1583547035811681,0.897036566322762,0.0005303714098263
cx_ry,real_amplitudes,10,2,circular,5,noisy,inf,0.9804668026456126,2.1739212447600615e-34
cx_ry,real_amplitudes,10,2,circular,6,noiseless,0.1202685111087095,0.8908427448014687,0.0100609458520285
cx_ry,real_amplitudes,10,2,circular,6,noisy,inf,0.9769864986297658,1.0820002321352862e-34
cx_ry,real_amplitudes,10,2,circular,7,noiseless,0.5480603996770285,0.8837084120515079,0.0037625026006863
cx_ry,real_amplitudes,10,2,circular,7,noisy,inf,0.9793078447704489,9.175626783874579e-35
cx_ry,real_amplitudes,10,2,circular,8,noiseless,0.3769286641023446,0.8891002286853597,0.0034162644159514
cx_ry,real_amplitudes,10,2,circular,8,noisy,inf,0.9782082522537724,1.8498984473341166e-34
cx_ry,real_amplitudes,10,2,circular,9,noiseless,0.2516918930606803,0.8812985669943404,0.0032637147785958
cx_ry,real_amplitudes,10,2,circular,9,noisy,inf,0.9782917052097596,1.7823623785648735e-34
cx_ry,real_amplitudes,10,2,full,0,noiseless,0.4181179277651808,0.6584165958698474,0.0044083141837587
cx_ry,real_amplitudes,10,2,full,0,noisy,inf,0.9999933072565592,3.2068923589707523e-26
cx_ry,real_amplitudes,10,2,full,1,noiseless,0.6581816717388654,0.6434218935898818,0.0063738994814496
cx_ry,real_amplitudes,10,2,full,1,noisy,inf,0.999993307185726,5.982160147599512e-26
cx_ry,real_amplitudes,10,2,full,2,noiseless,0.3942799225242607,0.6596664601922311,0.0043531061949311
cx_ry,real_amplitudes,10,2,full,2,noisy,inf,0.9999933071774472,5.0459976667819845e-26
cx_ry,real_amplitudes,10,2,full,3,noiseless,0.3609267165416107,0.6477989448160412,0.099373140784124
cx_ry,real_amplitudes,10,2,full,3,noisy,inf,0.9999933070748804,7.610339916034774e-26
cx_ry,real_amplitudes,10,2,full,4,noiseless,0.2628240859886816,0.6587413314809301,0.0027338138455937
cx_ry,real_amplitudes,10,2,full,4,noisy,inf,0.99999330714925,4.6332199857634965e-26
cx_ry,real_amplitudes,10,2,full,5,noiseless,1.1747016641314598,0.6452470251931356,0.1141265768652662
cx_ry,real_amplitudes,10,2,full,5,noisy,inf,0.9999933071983622,7.09845874934115e-26
cx_ry,real_amplitudes,10,2,full,6,noiseless,0.6162765348028175,0.6537379743784417,0.0081105286985184
cx_ry,real_amplitudes,10,2,full,6,noisy,inf,0.99999330712543,6.412952754203128e-26
cx_ry,real_amplitudes,10,2,full,7,noiseless,0.5266947209588282,0.6483109082664785,0.0376927664582189
cx_ry,real_amplitudes,10,2,full,7,noisy,inf,0.9999933071572904,5.725885803821026e-26
cx_ry,real_amplitudes,10,2,full,8,noiseless,0.6642419194753618,0.6558895947518499,0.0246216013709529
cx_ry,real_amplitudes,10,2,full,8,noisy,inf,0.9999933070629068,7.988330263393615e-26
cx_ry,real_amplitudes,10,2,full,9,noiseless,0.2018457060074185,0.6537994538125568,0.1113674834892952
cx_ry,real_amplitudes,10,2,full,9,noisy,inf,0.9999933071682516,1.1613279945765002e-25
cx_ry,real_amplitudes,10,4,linear,0,noiseless,0.0272885196260759,0.8609579044559982,0.0308998344076307
cx_ry,real_amplitudes,10,4,linear,0,noisy,inf,0.923772834136582,0.0129401562283276
cx_ry,real_amplitudes,10,4,linear,1,noiseless,8.740648201398856e-10,0.8574234190003998,0.0275992711590425
cx_ry,real_amplitudes,10,4,linear,1,noisy,inf,0.9164772235574502,0.0161626403347334
cx_ry,real_amplitudes,10,4,linear,2,noiseless,0.0971659200262111,0.8696478554767885,0.0309591240555526
cx_ry,real_amplitudes,10,4,linear,2,noisy,inf,0.922428302745855,0.0203329684662239
cx_ry,real_amplitudes,10,4,linear,3,noiseless,0.2462822386922319,0.8631392735143626,0.0591971340382064
cx_ry,real_amplitudes,10,4,linear,3,noisy,inf,0.9042279703049584,0.0454941692268054
cx_ry,real_amplitudes,10,4,linear,4,noiseless,0.0884692629664926,0.8609843243986888,0.0212402932386948
cx_ry,real_amplitudes,10,4,linear,4,noisy,inf,0.9162158013339474,0.0078532939214596
cx_ry,real_amplitudes,10,4,linear,5,noiseless,0.0698733932554849,0.8632178065293528,0.0466415935138332
cx_ry,real_amplitudes,10,4,linear,5,noisy,inf,0.9257059829701058,0.0336512833840122
cx_ry,real_amplitudes,10,4,linear,6,noiseless,0.0272885196260759,0.867697950407836,0.0228831579112319
cx_ry,real_amplitudes,10,4,linear,6,noisy,inf,0.9292430050128035,0.0166578451769394
cx_ry,real_amplitudes,10,4,linear,7,noiseless,8.740648201398856e-10,0.8722618254263013,0.0248109970192228
cx_ry,real_amplitudes,10,4,linear,7,noisy,inf,0.9239749388235344,0.0092679547483285
cx_ry,real_amplitudes,10,4,linear,8,noiseless,0.0272885196260759,0.8637443566379366,0.0152000922469682
cx_ry,real_amplitudes,10,4,linear,8,noisy,inf,0.929296035438309,0.008130137893724
cx_ry,real_amplitudes,10,4,linear,9,noiseless,8.740648201398856e-10,0.8619354345097332,0.0430721828484678
cx_ry,real_amplitudes,10,4,linear,9,noisy,inf,0.9039336883674988,0.0363749930091565
cx_ry,real_amplitudes,10,4,circular,0,noiseless,8.740648201398856e-10,0.9658361861392136,0.0011604992639176
cx_ry,real_amplitudes,10,4,circular,0,noisy,inf,0.9964720024951158,1.9827794030636175e-06
cx_ry,real_amplitudes,10,4,circular,1,noiseless,0.0272885196260759,0.9640361953237436,0.0017420947652324
cx_ry,real_amplitudes,10,4,circular,1,noisy,inf,0.994092616532938,4.646381249943562e-06
cx_ry,real_amplitudes,10,4,circular,2,noiseless,0.0272885196260759,0.966250738789897,0.0010830695232661
cx_ry,real_amplitudes,10,4,circular,2,noisy,inf,0.996784807110746,1.5580961192217507e-05
cx_ry,real_amplitudes,10,4,circular,3,noiseless,8.740648201398856e-10,0.969233896166381,0.0011540213676972
cx_ry,real_amplitudes,10,4,circular,3,noisy,inf,0.9968287465679558,1.2961003826184608e-06
cx_ry,real_amplitudes,10,4,circular,4,noiseless,0.0272885196260759,0.9677998714711586,0.000992327007048
cx_ry,real_amplitudes,10,4,circular,4,noisy,inf,0.996150256392423,3.1228671291141803e-06
cx_ry,real_amplitudes,10,4,circular,5,noiseless,8.740648201398856e-10,0.9676671175049693,0.0010558204013408
cx_ry,real_amplitudes,10,4,circular,5,noisy,inf,0.9962793707740124,1.919471900707137e-06
cx_ry,real_amplitudes,10,4,circular,6,noiseless,8.740648201398856e-10,0.9663085193973988,0.0016028835882237
cx_ry,real_amplitudes,10,4,circular,6,noisy,inf,0.9940183783829816,3.962804751359636e-05
cx_ry,real_amplitudes,10,4,circular,7,noiseless,8.740648201398856e-10,0.9658922298730196,0.0010735997753511
cx_ry,real_amplitudes,10,4,circular,7,noisy,inf,0.99554924895375,6.322589092590379e-06
cx_ry,real_amplitudes,10,4,circular,8,noiseless,8.740648201398856e-10,0.966399802327992,0.0011614425565216
cx_ry,real_amplitudes,10,4,circular,8,noisy,inf,0.9954797757544256,2.6309374162848625e-05
cx_ry,real_amplitudes,10,4,circular,9,noiseless,8.740648201398856e-10,0.962101243339034,0.0009246251488772
cx_ry,real_amplitudes,10,4,circular,9,noisy,inf,0.9951447063856352,1.0372343542783834e-06
cx_ry,real_amplitudes,10,4,full,0,noiseless,8.740648201398856e-10,0.8293669889986607,0.0013342766064863
cx_ry,real_amplitudes,10,4,full,0,noisy,inf,0.9999934635362084,1.3260967278923875e-34
cx_ry,real_amplitudes,10,4,full,1,noiseless,0.0573536351190418,0.8231671035052688,0.0011497739424031
cx_ry,real_amplitudes,10,4,full,1,noisy,inf,0.9999934632078918,1.8285655758553934e-34
cx_ry,real_amplitudes,10,4,full,2,noiseless,0.0884692629664926,0.8312290573229099,0.0012015130648439
cx_ry,real_amplitudes,10,4,full,2,noisy,inf,0.9999934630001286,2.3204096528232513e-34
cx_ry,real_amplitudes,10,4,full,3,noiseless,0.0573536351190418,0.8257520547518322,0.0197226671970838
cx_ry,real_amplitudes,10,4,full,3,noisy,inf,0.9999934643399836,1.1441594591333844e-34
cx_ry,real_amplitudes,10,4,full,4,noiseless,8.740648201398856e-10,0.8285304372218484,0.0013298073202842
cx_ry,real_amplitudes,10,4,full,4,noisy,inf,0.9999934630847958,1.933921216205092e-34
cx_ry,real_amplitudes,10,4,full,5,noiseless,8.740648201398856e-10,0.8248585930361898,0.0219403219812194
cx_ry,real_amplitudes,10,4,full,5,noisy,inf,0.999993464105107,2.0110254171585792e-34
cx_ry,real_amplitudes,10,4,full,6,noiseless,8.740648201398856e-10,0.8279033973061067,0.0052296048357681
cx_ry,real_amplitudes,10,4,full,6,noisy,inf,0.9999934637526936,1.5561441069999112e-34
cx_ry,real_amplitudes,10,4,full,7,noiseless,0.0884692629664926,0.838225256738274,0.0025129265566824
cx_ry,real_amplitudes,10,4,full,7,noisy,inf,0.9999934637398946,7.219553246017755e-35
cx_ry,real_amplitudes,10,4,full,8,noiseless,0.0698733932554849,0.8310516000878359,0.0026397393743814
cx_ry,real_amplitudes,10,4,full,8,noisy,inf,0.9999934635193276,1.0471115598028804e-34
cx_ry,real_amplitudes,10,4,full,9,noiseless,8.740648201398856e-10,0.8204533479890815,0.0134920362931641
cx_ry,real_amplitudes,10,4,full,9,noisy,inf,0.999993463349746,1.589376115960558e-34
cx_ry,real_amplitudes,10,8,linear,0,noiseless,8.740648201398856e-10,0.9497127046448626,0.0015167665235383
cx_ry,real_amplitudes,10,8,linear,0,noisy,inf,0.9804566466269354,1.559020670600579e-05
cx_ry,real_amplitudes,10,8,linear,1,noiseless,8.740648201398856e-10,0.9492340084543468,0.0019162999648072
cx_ry,real_amplitudes,10,8,linear,1,noisy,inf,0.9736741117245086,0.0001214730174353
cx_ry,real_amplitudes,10,8,linear,2,noiseless,8.740648201398856e-10,0.9502888390275982,0.0014543826359706
cx_ry,real_amplitudes,10,8,linear,2,noisy,inf,0.9737377844006676,1.1989255204723771e-05
cx_ry,real_amplitudes,10,8,linear,3,noiseless,8.740648201398856e-10,0.9453013202348124,0.0027358351354251
cx_ry,real_amplitudes,10,8,linear,3,noisy,inf,0.9644408328896232,0.0001850011196917
cx_ry,real_amplitudes,10,8,linear,4,noiseless,8.740648201398856e-10,0.9492605074758173,0.0018436312429072
cx_ry,real_amplitudes,10,8,linear,4,noisy,inf,0.9743444458094528,5.042259012600394e-05
cx_ry,real_amplitudes,10,8,linear,5,noiseless,8.740648201398856e-10,0.9471125339938096,0.0028536276365489
cx_ry,real_amplitudes,10,8,linear,5,noisy,inf,0.97140353296728,0.0013548304418765
cx_ry,real_amplitudes,10,8,linear,6,noiseless,0.0272885196260759,0.952433127883334,0.0015054416864332
cx_ry,real_amplitudes,10,8,linear,6,noisy,inf,0.977938473249063,5.182338488500788e-05
cx_ry,real_amplitudes,10,8,linear,7,noiseless,8.740648201398856e-10,0.954846414893399,0.0017060383344281
cx_ry,real_amplitudes,10,8,linear,7,noisy,inf,0.9801753502995276,1.7288523941585695e-05
cx_ry,real_amplitudes,10,8,linear,8,noiseless,8.740648201398856e-10,0.9519771175145072,0.0017469128354774
cx_ry,real_amplitudes,10,8,linear,8,noisy,inf,0.9803156837395814,4.088833467512704e-05
cx_ry,real_amplitudes,10,8,linear,9,noiseless,8.740648201398856e-10,0.9527212444848194,0.0025156839477335
cx_ry,real_amplitudes,10,8,linear,9,noisy,inf,0.9648243982594784,0.0008115311916044
cx_ry,real_amplitudes,10,8,circular,0,noiseless,8.740648201398856e-10,0.9926822943823598,0.0010121581699708
cx_ry,real_amplitudes,10,8,circular,0,noisy,inf,0.9999883625842552,1.6434846358656914e-15
cx_ry,real_amplitudes,10,8,circular,1,noiseless,8.740648201398856e-10,0.9929224944512272,0.0007960076241783
cx_ry,real_amplitudes,10,8,circular,1,noisy,inf,0.999974219269477,3.910946467865429e-14
cx_ry,real_amplitudes,10,8,circular,2,noiseless,8.740648201398856e-10,0.9930032375045617,0.0009096151987119
cx_ry,real_amplitudes,10,8,circular,2,noisy,inf,0.9999477434404136,7.63058622668244e-15
cx_ry,real_amplitudes,10,8,circular,3,noiseless,8.740648201398856e-10,0.993754312217763,0.0009998161246362
cx_ry,real_amplitudes,10,8,circular,3,noisy,inf,0.999974201997622,7.30406951990112e-15
cx_ry,real_amplitudes,10,8,circular,4,noiseless,8.740648201398856e-10,0.993027719093113,0.0008963768364983
cx_ry,real_amplitudes,10,8,circular,4,noisy,inf,0.9999846264242708,6.5879628477342536e-15
cx_ry,real_amplitudes,10,8,circular,5,noiseless,8.740648201398856e-10,0.9929447495558033,0.0008976767692313
cx_ry,real_amplitudes,10,8,circular,5,noisy,inf,0.9999804378779148,9.183178064357206e-16
cx_ry,real_amplitudes,10,8,circular,6,noiseless,8.740648201398856e-10,0.9931318284492624,0.0009247480991455
cx_ry,real_amplitudes,10,8,circular,6,noisy,inf,0.999991091245038,1.4086450574365414e-14
cx_ry,real_amplitudes,10,8,circular,7,noiseless,8.740648201398856e-10,0.993518287624687,0.0010172355146125
cx_ry,real_amplitudes,10,8,circular,7,noisy,inf,0.999983254108784,3.1745582589525288e-15
cx_ry,real_amplitudes,10,8,circular,8,noiseless,8.740648201398856e-10,0.993497509321394,0.0010190622957183
cx_ry,real_amplitudes,10,8,circular,8,noisy,inf,0.9999798181862072,4.334612406491422e-13
cx_ry,real_amplitudes,10,8,circular,9,noiseless,8.740648201398856e-10,0.9925930901565596,0.0008131669430534
cx_ry,real_amplitudes,10,8,circular,9,noisy,inf,0.9999730140984012,1.3341815442713379e-15
cx_ry,real_amplitudes,10,8,full,0,noiseless,8.740648201398856e-10,0.9418069645539862,0.0009627855640023
cx_ry,real_amplitudes,10,8,full,0,noisy,inf,0.9999934629886654,9.870350475734722e-35
cx_ry,real_amplitudes,10,8,full,1,noiseless,8.740648201398856e-10,0.9386691103957802,0.0009328467794086
cx_ry,real_amplitudes,10,8,full,1,noisy,inf,0.9999934635283748,1.2379111416936994e-34
cx_ry,real_amplitudes,10,8,full,2,noiseless,0.0272885196260759,0.9441189348605228,0.0008792124145825
cx_ry,real_amplitudes,10,8,full,2,noisy,inf,0.9999934634373938,1.0824120469895243e-34
cx_ry,real_amplitudes,10,8,full,3,noiseless,8.740648201398856e-10,0.9383778973834972,0.0019672198238009
cx_ry,real_amplitudes,10,8,full,3,noisy,inf,0.9999934641719124,1.5564699801560562e-34
cx_ry,real_amplitudes,10,8,full,4,noiseless,0.0272885196260759,0.9425928989893706,0.0010127487608971
cx_ry,real_amplitudes,10,8,full,4,noisy,inf,0.9999934625186502,1.054537157617025e-34
cx_ry,real_amplitudes,10,8,full,5,noiseless,8.740648201398856e-10,0.9395770546890134,0.0032753731366773
cx_ry,real_amplitudes,10,8,full,5,noisy,inf,0.9999934641670828,1.0161547854634924e-34
cx_ry,real_amplitudes,10,8,full,6,noiseless,8.740648201398856e-10,0.9435491226196412,0.000800060998167
cx_ry,real_amplitudes,10,8,full,6,noisy,inf,0.999993463453092,1.3750725245250472e-34
cx_ry,real_amplitudes,10,8,full,7,noiseless,8.740648201398856e-10,0.9464886960341068,0.0009910483212803
cx_ry,real_amplitudes,10,8,full,7,noisy,inf,0.9999934630955016,9.837195004517364e-35
cx_ry,real_amplitudes,10,8,full,8,noiseless,8.740648201398856e-10,0.9448846223218372,0.0011392575923529
cx_ry,real_amplitudes,10,8,full,8,noisy,inf,0.9999934630057096,8.736614908672978e-35
cx_ry,real_amplitudes,10,8,full,9,noiseless,0.0272885196260759,0.9415020765078808,0.0012091418257651
cx_ry,real_amplitudes,10,8,full,9,noisy,inf,0.9999934638386117,1.131777585304723e-34
local_z,real_amplitudes,4,1,linear,0,noiseless,0.6919599044087031,2.7089441800853818e-15,0.3058906282240419
local_z,real_amplitudes,4,1,linear,0,noisy,1.1408248113145265,0.0014959062921243,0.3344949191621187
local_z,real_amplitudes,4,1,linear,1,noiseless,0.6392728033209696,2.7056135110115066e-15,0.1146395948553331
local_z,real_amplitudes,4,1,linear,1,noisy,0.649501294871949,0.001495906292124,0.0992777291364086
local_z,real_amplitudes,4,1,linear,2,noiseless,0.6002207168053445,2.7056135110115066e-15,0.1906815449968666
local_z,real_amplitudes,4,1,linear,2,noisy,0.5392981226755111,0.0014959062921241,0.1675193202147676
local_z,real_amplitudes,4,1,linear,3,noiseless,0.5901368925050917,2.7611246622427644e-15,0.1761151049229936
local_z,real_amplitudes,4,1,linear,3,noisy,0.5559661266090111,0.0014959062921244,0.1383844354715626
local_z,real_amplitudes,4,1,linear,4,noiseless,0.4822298530485078,2.7333690866271355e-15,0.2343512885962322
local_z,real_amplitudes,4,1,linear,4,noisy,0.677553548159592,0.0014959062921243,0.2318535149858906
local_z,real_amplitudes,4,1,linear,5,noiseless,0.6028538262049696,2.716715741257758e-15,0.2403340632098739
local_z,real_amplitudes,4,1,linear,5,noisy,0.6237256709553232,0.0014959062921244,0.2699963700058932
local_z,real_amplitudes,4,1,linear,6,noiseless,0.5887964865951032,2.7133850721838827e-15,0.1471258485587816
local_z,real_amplitudes,4,1,linear,6,noisy,1.0513746632890988,0.0014959062921244,0.1558580634785021
local_z,real_amplitudes,4,1,linear,7,noiseless,0.5313980442596886,2.6845192735436285e-15,0.0009013225476586
local_z,real_amplitudes,4,1,linear,7,noisy,0.8833298520133269,0.0014959062921243,0.0010339682474901
local_z,real_amplitudes,4,1,linear,8,noiseless,0.6267786626171318,2.7289281945286346e-15,0.0135048259363155
local_z,real_amplitudes,4,1,linear,8,noisy,0.952832234681745,0.0014959062921242,0.0115862940036313
local_z,real_amplitudes,4,1,linear,9,noiseless,0.5090479260717079,2.674527266322002e-15,0.0829180997490928
local_z,real_amplitudes,4,1,linear,9,noisy,0.6081863706667385,0.0014959062921243,0.0692440412217592
local_z,real_amplitudes,4,1,circular,0,noiseless,0.6919599044087031,2.7089441800853818e-15,0.0871056041138469
local_z,real_amplitudes,4,1,circular,0,noisy,1.1408248113145265,0.0014959062921243,0.0737406874127746
local_z,real_amplitudes,4,1,circular,1,noiseless,0.6392728033209696,2.7056135110115066e-15,0.0115932327514204
local_z,real_amplitudes,4,1,circular,1,noisy,0.649501294871949,0.001495906292124,0.0102220582182772
local_z,real_amplitudes,4,1,circular,2,noiseless,0.6002207168053445,2.7056135110115066e-15,0.0629077177943452
local_z,real_amplitudes,4,1,circular,2,noisy,0.5392981226755111,0.0014959062921241,0.0174534585445626
local_z,real_amplitudes,4,1,circular,3,noiseless,0.5901368925050917,2.7611246622427644e-15,0.0504053689101918
local_z,real_amplitudes,4,1,circular,3,noisy,0.5559661266090111,0.0014959062921244,0.0494339190338828
local_z,real_amplitudes,4,1,circular,4,noiseless,0.4822298530485078,2.7333690866271355e-15,0.0700326789137384
local_z,real_amplitudes,4,1,circular,4,noisy,0.677553548159592,0.0014959062921243,0.0579714571028269
local_z,real_amplitudes,4,1,circular,5,noiseless,0.6028538262049696,2.716715741257758e-15,0.0241734279608774
local_z,real_amplitudes,4,1,circular,5,noisy,0.6237256709553232,0.0014959062921244,0.0240096230294962
local_z,real_amplitudes,4,1,circular,6,noiseless,0.5887964865951032,2.7133850721838827e-15,0.0506375769417953
local_z,real_amplitudes,4,1,circular,6,noisy,1.0513746632890988,0.0014959062921244,0.0673100928830473
local_z,real_amplitudes,4,1,circular,7,noiseless,0.5313980442596886,2.6845192735436285e-15,0.0002190748552314
local_z,real_amplitudes,4,1,circular,7,noisy,0.8833298520133269,0.0014959062921243,0.0002427619813272
local_z,real_amplitudes,4,1,circular,8,noiseless,0.6267786626171318,2.7289281945286346e-15,0.0063365535401888
local_z,real_amplitudes,4,1,circular,8,noisy,0.952832234681745,0.0014959062921242,0.0053151053522195
local_z,real_amplitudes,4,1,circular,9,noiseless,0.5090479260717079,2.674527266322002e-15,0.0092901250018138
local_z,real_amplitudes,4,1,circular,9,noisy,0.6081863706667385,0.0014959062921243,0.007207365683195
local_z,real_amplitudes,4,1,full,0,noiseless,0.6919599044087031,2.7089441800853818e-15,0.2004188369605841
local_z,real_amplitudes,4,1,full,0,noisy,1.1408248113145265,0.0014959062921243,0.0712792316233548
local_z,real_amplitudes,4,1,full,1,noiseless,0.6392728033209696,2.7056135110115066e-15,0.1091435114676998
local_z,real_amplitudes,4,1,full,1,noisy,0.649501294871949,0.001495906292124,0.0065126700235704
local_z,real_amplitudes,4,1,full,2,noiseless,0.6002207168053445,2.7056135110115066e-15,0.1203997300245879
local_z,real_amplitudes,4,1,full,2,noisy,0.5392981226755111,0.0014959062921241,0.0673179776170165
local_z,real_amplitudes,4,1,full,3,noiseless,0.5901368925050917,2.7611246622427644e-15,0.1391412846516534
local_z,real_amplitudes,4,1,full,3,noisy,0.5559661266090111,0.0014959062921244,0.0330916050324527
local_z,real_amplitudes,4,1,full,4,noiseless,0.4822298530485078,2.7333690866271355e-15,0.1831777628555042
local_z,real_amplitudes,4,1,full,4,noisy,0.677553548159592,0.0014959062921243,0.0806704841058834
local_z,real_amplitudes,4,1,full,5,noiseless,0.6028538262049696,2.716715741257758e-15,0.2261066242679784
local_z,real_amplitudes,4,1,full,5,noisy,0.6237256709553232,0.0014959062921244,0.0135682801418098
local_z,real_amplitudes,4,1,full,6,noiseless,0.5887964865951032,2.7133850721838827e-15,0.0943603571045014
local_z,real_amplitudes,4,1,full,6,noisy,1.0513746632890988,0.0014959062921244,0.0384787267669566
local_z,real_amplitudes,4,1,full,7,noiseless,0.5313980442596886,2.6845192735436285e-15,0.0006877384831957
local_z,real_amplitudes,4,1,full,7,noisy,0.8833298520133269,0.0014959062921243,0.0002040756807953
local_z,real_amplitudes,4,1,full,8,noiseless,0.6267786626171318,2.7289281945286346e-15,0.013503415959795
local_z,real_amplitudes,4,1,full,8,noisy,0.952832234681745,0.0014959062921242,2.8456622961921123e-05
local_z,real_amplitudes,4,1,full,9,noiseless,0.5090479260717079,2.674527266322002e-15,0.0803006075908794
local_z,real_amplitudes,4,1,full,9,noisy,0.6081863706667385,0.0014959062921243,0.0036383750503915
local_z,real_amplitudes,4,2,linear,0,noiseless,0.9893563309049704,5.487832410722149e-15,0.1673069898962918
local_z,real_amplitudes,4,2,linear,0,noisy,1.0610722929101557,0.0028886307061601,0.1637371773070811
local_z,real_amplitudes,4,2,linear,1,noiseless,0.8476282526167179,5.648814749292797e-15,0.167082903435645
local_z,real_amplitudes,4,2,linear,1,noisy,1.048721637951803,0.0029612819328089,0.1656907558734587
local_z,real_amplitudes,4,2,linear,2,noiseless,0.951102491584467,5.5888627059630384e-15,0.1673832016583329
local_z,real_amplitudes,4,2,linear,2,noisy,2.101177429230486,0.0028795645070984,0.1136749365129443
local_z,real_amplitudes,4,2,linear,3,noiseless,0.964177925460252,5.674349878859175e-15,0.1856198841776756
local_z,real_amplitudes,4,2,linear,3,noisy,1.1162687868020904,0.0029437501360307,0.1858962375726252
local_z,real_amplitudes,4,2,linear,4,noiseless,0.7285660140476969,5.5355720007810304e-15,0.1446869798804594
local_z,real_amplitudes,4,2,linear,4,noisy,1.109155970802733,0.0028851420405327,0.1325070592821949
local_z,real_amplitudes,4,2,linear,5,noiseless,0.9363664743565436,5.572209360593661e-15,0.2036953153399678
local_z,real_amplitudes,4,2,linear,5,noisy,1.3926865623814109,0.0029011048023728,0.1958931547209995
local_z,real_amplitudes,4,2,linear,6,noiseless,1.405125000243202,5.591083152012288e-15,0.1679545066496631
local_z,real_amplitudes,4,2,linear,6,noisy,3.0041185642017956,0.0028933965288178,0.1147764332945399
local_z,real_amplitudes,4,2,linear,7,noiseless,0.9556104265830364,5.5266902165840286e-15,0.2039916514863614
local_z,real_amplitudes,4,2,linear,7,noisy,1.4749169125270536,0.0028945387234432,0.2145120174145091
local_z,real_amplitudes,4,2,linear,8,noiseless,0.8692029012016262,5.622169396701793e-15,0.2226838679319338
local_z,real_amplitudes,4,2,linear,8,noisy,1.02775231931254,0.002939266414723,0.2024192911363707
local_z,real_amplitudes,4,2,linear,9,noiseless,1.1547543409103618,5.50115508701765e-15,0.1493155874547935
local_z,real_amplitudes,4,2,linear,9,noisy,1.4171132637655652,0.002914661659649,0.1020094724110044
local_z,real_amplitudes,4,2,circular,0,noiseless,0.9893563309049704,5.487832410722149e-15,0.0232182810472301
local_z,real_amplitudes,4,2,circular,0,noisy,1.0610722929101557,0.0028886307061601,0.005141324856864
local_z,real_amplitudes,4,2,circular,1,noiseless,0.8476282526167179,5.648814749292797e-15,0.0162489750018945
local_z,real_amplitudes,4,2,circular,1,noisy,1.048721637951803,0.0029612819328089,0.0208349995125537
local_z,real_amplitudes,4,2,circular,2,noiseless,0.951102491584467,5.5888627059630384e-15,0.0261904910413651
local_z,real_amplitudes,4,2,circular,2,noisy,2.101177429230486,0.0028795645070984,0.0065877209682543
local_z,real_amplitudes,4,2,circular,3,noiseless,0.964177925460252,5.674349878859175e-15,0.0199067971090179
local_z,real_amplitudes,4,2,circular,3,noisy,1.1162687868020904,0.0029437501360307,0.0072827320387351
local_z,real_amplitudes,4,2,circular,4,noiseless,0.7285660140476969,5.5355720007810304e-15,0.022857041840722
local_z,real_amplitudes,4,2,circular,4,noisy,1.109155970802733,0.0028851420405327,0.0148443200925156
local_z,real_amplitudes,4,2,circular,5,noiseless,0.9363664743565436,5.572209360593661e-15,0.0307485186880749
local_z,real_amplitudes,4,2,circular,5,noisy,1.3926865623814109,0.0029011048023728,0.0319181893714786
local_z,real_amplitudes,4,2,circular,6,noiseless,1.405125000243202,5.591083152012288e-15,0.0228585849027217
local_z,real_amplitudes,4,2,circular,6,noisy,3.0041185642017956,0.0028933965288178,0.0173641136119501
local_z,real_amplitudes,4,2,circular,7,noiseless,0.9556104265830364,5.5266902165840286e-15,0.0284194579259133
local_z,real_amplitudes,4,2,circular,7,noisy,1.4749169125270536,0.0028945387234432,0.0238263793839228
local_z,real_amplitudes,4,2,circular,8,noiseless,0.8692029012016262,5.622169396701793e-15,0.0318666105773195
local_z,real_amplitudes,4,2,circular,8,noisy,1.02775231931254,0.002939266414723,0.0238390353999365
local_z,real_amplitudes,4,2,circular,9,noiseless,1.1547543409103618,5.50115508701765e-15,0.0209024538966272
local_z,real_amplitudes,4,2,circular,9,noisy,1.4171132637655652,0.002914661659649,0.0130600163547297
local_z,real_amplitudes,4,2,full,0,noiseless,0.9893563309049704,5.487832410722149e-15,0.1106255430062436
local_z,real_amplitudes,4,2,full,0,noisy,1.0610722929101557,0.0028886307061601,0.0761752442218777
local_z,real_amplitudes,4,2,full,1,noiseless,0.8476282526167179,5.648814749292797e-15,0.1180821461429904
local_z,real_amplitudes,4,2,full,1,noisy,1.048721637951803,0.0029612819328089,0.0753818084973911
local_z,real_amplitudes,4,2,full,2,noiseless,0.951102491584467,5.5888627059630384e-15,0.1187307940811325
local_z,real_amplitudes,4,2,full,2,noisy,2.101177429230486,0.0028795645070984,0.0586752373940833
local_z,real_amplitudes,4,2,full,3,noiseless,0.964177925460252,5.674349878859175e-15,0.1242748834789888
local_z,real_amplitudes,4,2,full,3,noisy,1.1162687868020904,0.0029437501360307,0.0753576707105059
local_z,real_amplitudes,4,2,full,4,noiseless,0.7285660140476969,5.5355720007810304e-15,0.116261264264463
local_z,real_amplitudes,4,2,full,4,noisy,1.109155970802733,0.0028851420405327,0.0788328379987779
local_z,real_amplitudes,4,2,full,5,noiseless,0.9363664743565436,5.572209360593661e-15,0.1295366661082127
local_z,real_amplitudes,4,2,full,5,noisy,1.3926865623814109,0.0029011048023728,0.0797034057590532
local_z,real_amplitudes,4,2,full,6,noiseless,1.405125000243202,5.591083152012288e-15,0.1201094014194821
local_z,real_amplitudes,4,2,full,6,noisy,3.0041185642017956,0.0028933965288178,0.0448318288536948
local_z,real_amplitudes,4,2,full,7,noiseless,0.9556104265830364,5.5266902165840286e-15,0.1471559523341946
local_z,real_amplitudes,4,2,full,7,noisy,1.4749169125270536,0.0028945387234432,0.1094021501356592
local_z,real_amplitudes,4,2,full,8,noiseless,0.8692029012016262,5.622169396701793e-15,0.1581597652554402
local_z,real_amplitudes,4,2,full,8,noisy,1.02775231931254,0.002939266414723,0.081859212207879
local_z,real_amplitudes,4,2,full,9,noiseless,1.1547543409103618,5.50115508701765e-15,0.0996279409258982
local_z,real_amplitudes,4,2,full,9,noisy,1.4171132637655652,0.002914661659649,0.0445736126843534
local_z,real_amplitudes,4,4,linear,0,noiseless,0.8209535684115263,1.1051159987118807e-14,0.0726013693043887
local_z,real_amplitudes,4,4,linear,0,noisy,0.7054862432238341,0.0053770096392102,0.0822887376939012
local_z,real_amplitudes,4,4,linear,1,noiseless,0.8885153214198875,1.1384226894506356e-14,0.0729108088096849
local_z,real_amplitudes,4,4,linear,1,noisy,1.6345267422538612,0.0054084085689472,0.0346775176685877
local_z,real_amplitudes,4,4,linear,2,noiseless,0.9225721648545424,1.1305401059757967e-14,0.0681285484392096
local_z,real_amplitudes,4,4,linear,2,noisy,1.1582626077822893,0.0053622552111637,0.0444992191846398
local_z,real_amplitudes,4,4,linear,3,noiseless,1.0181891060714374,1.1310952174881094e-14,0.0740420364487793
local_z,real_amplitudes,4,4,linear,3,noisy,1.1514446756642027,0.0054204939597181,0.0606344811176794
local_z,real_amplitudes,4,4,linear,4,noiseless,0.951286745989141,1.1217693440812582e-14,0.0879938488887082
local_z,real_amplitudes,4,4,linear,4,noisy,1.316135340935697,0.0053648614801144,0.0656647988547578
local_z,real_amplitudes,4,4,linear,5,noiseless,1.0587771062757625,1.1303180613708719e-14,0.0537563168162036
local_z,real_amplitudes,4,4,linear,5,noisy,1.0642129190251817,0.0053721523832921,0.0445101459401627
local_z,real_amplitudes,4,4,linear,6,noiseless,0.7128400575147968,1.1241008124329712e-14,0.0615926550988594
local_z,real_amplitudes,4,4,linear,6,noisy,1.0358528032776562,0.0053611839961054,0.0265751285905712
local_z,real_amplitudes,4,4,linear,7,noiseless,0.998143867448092,1.1107781361374692e-14,0.0008211872880856
local_z,real_amplitudes,4,4,linear,7,noisy,1.0180179299548735,0.0053597177285623,0.0007226275305444
local_z,real_amplitudes,4,4,linear,8,noiseless,0.9724505422452868,1.130984195185647e-14,0.0132361751033066
local_z,real_amplitudes,4,4,linear,8,noisy,1.2274414729134095,0.0054097730547858,0.0104256113753578
local_z,real_amplitudes,4,4,linear,9,noiseless,0.9678471984391188,1.1135536936990321e-14,0.0715907971687027
local_z,real_amplitudes,4,4,linear,9,noisy,2.5418827309573184,0.0053828005973488,0.0708617218430341
local_z,real_amplitudes,4,4,circular,0,noiseless,0.8209535684115263,1.1051159987118807e-14,0.0282035096029401
local_z,real_amplitudes,4,4,circular,0,noisy,0.7054862432238341,0.0053770096392102,0.0151414382282393
local_z,real_amplitudes,4,4,circular,1,noiseless,0.8885153214198875,1.1384226894506356e-14,0.0207138098023602
local_z,real_amplitudes,4,4,circular,1,noisy,1.6345267422538612,0.0054084085689472,0.0052665504432444
local_z,real_amplitudes,4,4,circular,2,noiseless,0.9225721648545424,1.1305401059757967e-14,0.0208016218403
local_z,real_amplitudes,4,4,circular,2,noisy,1.1582626077822893,0.0053622552111637,0.0062468367244659
local_z,real_amplitudes,4,4,circular,3,noiseless,1.0181891060714374,1.1310952174881094e-14,0.0241692164237432
local_z,real_amplitudes,4,4,circular,3,noisy,1.1514446756642027,0.0054204939597181,0.0062698757716078
local_z,real_amplitudes,4,4,circular,4,noiseless,0.951286745989141,1.1217693440812582e-14,0.0270912352469428
local_z,real_amplitudes,4,4,circular,4,noisy,1.316135340935697,0.0053648614801144,0.0100441822487002
local_z,real_amplitudes,4,4,circular,5,noiseless,1.0587771062757625,1.1303180613708719e-14,0.0170764988156478
local_z,real_amplitudes,4,4,circular,5,noisy,1.0642129190251817,0.0053721523832921,0.0026127647777905
local_z,real_amplitudes,4,4,circular,6,noiseless,0.7128400575147968,1.1241008124329712e-14,0.0237678167003453
local_z,real_amplitudes,4,4,circular,6,noisy,1.0358528032776562,0.0053611839961054,0.0102366588806839
local_z,real_amplitudes,4,4,circular,7,noiseless,0.998143867448092,1.1107781361374692e-14,0.0003430905373609
local_z,real_amplitudes,4,4,circular,7,noisy,1.0180179299548735,0.0053597177285623,0.0001070064640367
local_z,real_amplitudes,4,4,circular,8,noiseless,0.9724505422452868,1.130984195185647e-14,0.0028902705692205
local_z,real_amplitudes,4,4,circular,8,noisy,1.2274414729134095,0.0054097730547858,0.0011193666366376
local_z,real_amplitudes,4,4,circular,9,noiseless,0.9678471984391188,1.1135536936990321e-14,0.0196300649401574
local_z,real_amplitudes,4,4,circular,9,noisy,2.5418827309573184,0.0053828005973488,0.0050330111920395
local_z,real_amplitudes,4,4,full,0,noiseless,0.8209535684115263,1.1051159987118807e-14,0.0408244436566916
local_z,real_amplitudes,4,4,full,0,noisy,0.7054862432238341,0.0053770096392102,0.0118360676906723
local_z,real_amplitudes,4,4,full,1,noiseless,0.8885153214198875,1.1384226894506356e-14,0.0461238180401448
local_z,real_amplitudes,4,4,full,1,noisy,1.6345267422538612,0.0054084085689472,0.0078193173434956
local_z,real_amplitudes,4,4,full,2,noiseless,0.9225721648545424,1.1305401059757967e-14,0.0329439743044781
local_z,real_amplitudes,4,4,full,2,noisy,1.1582626077822893,0.0053622552111637,0.0202294686693467
local_z,real_amplitudes,4,4,full,3,noiseless,1.0181891060714374,1.1310952174881094e-14,0.0512204915058304
local_z,real_amplitudes,4,4,full,3,noisy,1.1514446756642027,0.0054204939597181,0.0175025560723087
local_z,real_amplitudes,4,4,full,4,noiseless,0.951286745989141,1.1217693440812582e-14,0.0748393390447625
local_z,real_amplitudes,4,4,full,4,noisy,1.316135340935697,0.0053648614801144,0.0276829203919793
local_z,real_amplitudes,4,4,full,5,noiseless,1.0587771062757625,1.1303180613708719e-14,0.0478622018786027
local_z,real_amplitudes,4,4,full,5,noisy,1.0642129190251817,0.0053721523832921,0.0165974930134776
local_z,real_amplitudes,4,4,full,6,noiseless,0.7128400575147968,1.1241008124329712e-14,0.0377029197205783
local_z,real_amplitudes,4,4,full,6,noisy,1.0358528032776562,0.0053611839961054,0.0099940469780595
local_z,real_amplitudes,4,4,full,7,noiseless,0.998143867448092,1.1107781361374692e-14,0.0005322125574455
local_z,real_amplitudes,4,4,full,7,noisy,1.0180179299548735,0.0053597177285623,0.0001501659120953
local_z,real_amplitudes,4,4,full,8,noiseless,0.9724505422452868,1.130984195185647e-14,0.011937104006291
local_z,real_amplitudes,4,4,full,8,noisy,1.2274414729134095,0.0054097730547858,0.0051305551791476
local_z,real_amplitudes,4,4,full,9,noiseless,0.9678471984391188,1.1135536936990321e-14,0.0462658612248229
local_z,real_amplitudes,4,4,full,9,noisy,2.5418827309573184,0.0053828005973488,0.0094318886020354
local_z,real_amplitudes,4,8,linear,0,noiseless,0.5990193470024479,2.2377655284344655e-14,0.0385272543469106
local_z,real_amplitudes,4,8,linear,0,noisy,1.0731339030902645,0.0106251828786873,0.026159597959003
local_z,real_amplitudes,4,8,linear,1,noiseless,0.5528336679523429,2.272182442197845e-14,0.024319899939083
local_z,real_amplitudes,4,8,linear,1,noisy,0.6606595173502173,0.0107419468874681,0.0115308183607557
local_z,real_amplitudes,4,8,linear,2,noiseless,0.6915659224924395,2.2627455464885316e-14,0.0432331302185415
local_z,real_amplitudes,4,8,linear,2,noisy,0.8616652385394965,0.0105934094250533,0.0199564084983489
local_z,real_amplitudes,4,8,linear,3,noiseless,0.7769574360769852,2.26929586233382e-14,0.0088895109991597
local_z,real_amplitudes,4,8,linear,3,noisy,1.4244986127398709,0.0107141929630807,0.0047968375630087
local_z,real_amplitudes,4,8,linear,4,noiseless,0.7173372697425329,2.2455370896068415e-14,0.0382622286802276
local_z,real_amplitudes,4,8,linear,4,noisy,1.007429117096004,0.0105863150699716,0.0319269161394676
local_z,real_amplitudes,4,8,linear,5,noiseless,0.7003131129991691,2.260969189649131e-14,0.0308155466121606
local_z,real_amplitudes,4,8,linear,5,noisy,1.0688881093360456,0.0106307261724053,0.0199492620095826
local_z,real_amplitudes,4,8,linear,6,noiseless,0.5788331587890156,2.2551960299210804e-14,0.0190240687598001
local_z,real_amplitudes,4,8,linear,6,noisy,0.9286770476466996,0.0106471261789839,0.006582680118991
local_z,real_amplitudes,4,8,linear,7,noiseless,0.6197178249976465,2.2462032234216166e-14,0.0620592882041875
local_z,real_amplitudes,4,8,linear,7,noisy,0.8274967088601084,0.010640063728318,0.0336725570049204
local_z,real_amplitudes,4,8,linear,8,noiseless,0.610394608398321,2.2715163083830702e-14,0.0329056051906481
local_z,real_amplitudes,4,8,linear,8,noisy,0.8752515618069375,0.010712546416935,0.0170054610569046
local_z,real_amplitudes,4,8,linear,9,noiseless,0.553033785616107,2.250644115520117e-14,0.0123225355596814
local_z,real_amplitudes,4,8,linear,9,noisy,0.9713488386092072,0.0106429156463769,0.0053497794071975
local_z,real_amplitudes,4,8,circular,0,noiseless,0.5990193470024479,2.2377655284344655e-14,0.0338395221877427
local_z,real_amplitudes,4,8,circular,0,noisy,1.0731339030902645,0.0106251828786873,0.0020962802895244
local_z,real_amplitudes,4,8,circular,1,noiseless,0.5528336679523429,2.272182442197845e-14,0.0234581645120991
local_z,real_amplitudes,4,8,circular,1,noisy,0.6606595173502173,0.0107419468874681,0.0015464587120586
local_z,real_amplitudes,4,8,circular,2,noiseless,0.6915659224924395,2.2627455464885316e-14,0.0327722169208485
local_z,real_amplitudes,4,8,circular,2,noisy,0.8616652385394965,0.0105934094250533,0.0034860759751167
local_z,real_amplitudes,4,8,circular,3,noiseless,0.7769574360769852,2.26929586233382e-14,0.0078362972815223
local_z,real_amplitudes,4,8,circular,3,noisy,1.4244986127398709,0.0107141929630807,0.0005823717478267
local_z,real_amplitudes,4,8,circular,4,noiseless,0.7173372697425329,2.2455370896068415e-14,0.0335714352772039
local_z,real_amplitudes,4,8,circular,4,noisy,1.007429117096004,0.0105863150699716,0.0032202454010192
local_z,real_amplitudes,4,8,circular,5,noiseless,0.7003131129991691,2.260969189649131e-14,0.0212011185863336
local_z,real_amplitudes,4,8,circular,5,noisy,1.0688881093360456,0.0106307261724053,0.0010179201978564
local_z,real_amplitudes,4,8,circular,6,noiseless,0.5788331587890156,2.2551960299210804e-14,0.020294245868064
local_z,real_amplitudes,4,8,circular,6,noisy,0.9286770476466996,0.0106471261789839,0.0012206247113438
local_z,real_amplitudes,4,8,circular,7,noiseless,0.6197178249976465,2.2462032234216166e-14,0.0473352507243942
local_z,real_amplitudes,4,8,circular,7,noisy,0.8274967088601084,0.010640063728318,0.0037098764700861
local_z,real_amplitudes,4,8,circular,8,noiseless,0.610394608398321,2.2715163083830702e-14,0.0278399415773917
local_z,real_amplitudes,4,8,circular,8,noisy,0.8752515618069375,0.010712546416935,0.0015010436178437
local_z,real_amplitudes,4,8,circular,9,noiseless,0.553033785616107,2.250644115520117e-14,0.0113621570195715
local_z,real_amplitudes,4,8,circular,9,noisy,0.9713488386092072,0.0106429156463769,0.0007612322673949
local_z,real_amplitudes,4,8,full,0,noiseless,0.5990193470024479,2.2377655284344655e-14,0.0432809558002652
local_z,real_amplitudes,4,8,full,0,noisy,1.0731339030902645,0.0106251828786873,0.0019968433597981
local_z,real_amplitudes,4,8,full,1,noiseless,0.5528336679523429,2.272182442197845e-14,0.0233023986257592
local_z,real_amplitudes,4,8,full,1,noisy,0.6606595173502173,0.0107419468874681,0.0011651020386257
local_z,real_amplitudes,4,8,full,2,noiseless,0.6915659224924395,2.2627455464885316e-14,0.0378088436577865
local_z,real_amplitudes,4,8,full,2,noisy,0.8616652385394965,0.0105934094250533,0.0009149895251051
local_z,real_amplitudes,4,8,full,3,noiseless,0.7769574360769852,2.26929586233382e-14,0.0078091464582619
local_z,real_amplitudes,4,8,full,3,noisy,1.4244986127398709,0.0107141929630807,0.0003285712654252
local_z,real_amplitudes,4,8,full,4,noiseless,0.7173372697425329,2.2455370896068415e-14,0.0349901608282011
local_z,real_amplitudes,4,8,full,4,noisy,1.007429117096004,0.0105863150699716,0.0016865286442369
local_z,real_amplitudes,4,8,full,5,noiseless,0.7003131129991691,2.260969189649131e-14,0.0255317895164576
local_z,real_amplitudes,4,8,full,5,noisy,1.0688881093360456,0.0106307261724053,0.0016672167378756
local_z,real_amplitudes,4,8,full,6,noiseless,0.5788331587890156,2.2551960299210804e-14,0.0226663476162467
local_z,real_amplitudes,4,8,full,6,noisy,0.9286770476466996,0.0106471261789839,0.001411626407583
local_z,real_amplitudes,4,8,full,7,noiseless,0.6197178249976465,2.2462032234216166e-14,0.0583192960751127
local_z,real_amplitudes,4,8,full,7,noisy,0.8274967088601084,0.010640063728318,0.0027870196325851
local_z,real_amplitudes,4,8,full,8,noiseless,0.610394608398321,2.2715163083830702e-14,0.0321481233622594
local_z,real_amplitudes,4,8,full,8,noisy,0.8752515618069375,0.010712546416935,0.0011898222387157
local_z,real_amplitudes,4,8,full,9,noiseless,0.553033785616107,2.250644115520117e-14,0.0122208412030256
local_z,real_amplitudes,4,8,full,9,noisy,0.9713488386092072,0.0106429156463769,0.0005937141143251
local_z,real_amplitudes,8,1,linear,0,noiseless,0.5010272408042784,5.3468340865947535e-15,0.279173006932566
local_z,real_amplitudes,8,1,linear,0,noisy,0.459942217823255,0.0025808937766812,0.2539207956161602
local_z,real_amplitudes,8,1,linear,1,noiseless,0.4417358495277563,5.3301807412253755e-15,0.1147040354617577
local_z,real_amplitudes,8,1,linear,1,noisy,0.6758350959409409,0.0025808937766805,0.1011416073720359
local_z,real_amplitudes,8,1,linear,2,noiseless,0.748654933552132,5.2935433814127456e-15,0.1744718144892198
local_z,real_amplitudes,8,1,linear,2,noisy,1.0355994448883798,0.002580893776681,0.1686925727639874
local_z,real_amplitudes,8,1,linear,3,noiseless,0.4726890455289945,5.383471446407384e-15,0.1910834920587799
local_z,real_amplitudes,8,1,linear,3,noisy,0.0973619821666995,0.0025808937766812,0.2054367714942709
local_z,real_amplitudes,8,1,linear,4,noiseless,0.5694889994376439,5.377920331284258e-15,0.2421177935461556
local_z,real_amplitudes,8,1,linear,4,noisy,0.0056188864943434,0.002580893776681,0.2401498798038676
local_z,real_amplitudes,8,1,linear,5,noiseless,0.4075552333878437,5.3279602951761265e-15,0.2412957294551544
local_z,real_amplitudes,8,1,linear,5,noisy,0.371632877816572,0.0025808937766809,0.2433703609493972
local_z,real_amplitudes,8,1,linear,6,noiseless,0.306589433317548,5.3523852017178806e-15,0.13040278194881
local_z,real_amplitudes,8,1,linear,6,noisy,0.0056188864943434,0.002580893776681,0.1285494144136607
local_z,real_amplitudes,8,1,linear,7,noiseless,0.3154518151949882,5.303535388634373e-15,0.0008822916508141
local_z,real_amplitudes,8,1,linear,7,noisy,0.459942217823255,0.0025808937766811,0.0008397329333841
local_z,real_amplitudes,8,1,linear,8,noiseless,0.3189509518663098,5.333511410299252e-15,0.0138186733045539
local_z,real_amplitudes,8,1,linear,8,noisy,0.3735468580762635,0.0025808937766809,0.0141707268446754
local_z,real_amplitudes,8,1,linear,9,noiseless,0.4579082712686806,5.306866057708248e-15,0.102356711623408
local_z,real_amplitudes,8,1,linear,9,noisy,1.6080417648364929,0.002580893776681,0.1263614335065561
local_z,real_amplitudes,8,1,circular,0,noiseless,0.5010272408042784,5.3468340865947535e-15,0.109990108490964
local_z,real_amplitudes,8,1,circular,0,noisy,0.459942217823255,0.0025808937766812,2.436645276070405e-17
local_z,real_amplitudes,8,1,circular,1,noiseless,0.4417358495277563,5.3301807412253755e-15,0.0056910887448283
local_z,real_amplitudes,8,1,circular,1,noisy,0.6758350959409409,0.0025808937766805,2.397710691762525e-12
local_z,real_amplitudes,8,1,circular,2,noiseless,0.748654933552132,5.2935433814127456e-15,0.0979043592999321
local_z,real_amplitudes,8,1,circular,2,noisy,1.0355994448883798,0.002580893776681,6.324740193016061e-14
local_z,real_amplitudes,8,1,circular,3,noiseless,0.4726890455289945,5.383471446407384e-15,0.0787916004057238
local_z,real_amplitudes,8,1,circular,3,noisy,0.0973619821666995,0.0025808937766812,2.404237502034527e-09
local_z,real_amplitudes,8,1,circular,4,noiseless,0.5694889994376439,5.377920331284258e-15,0.0672478703701165
local_z,real_amplitudes,8,1,circular,4,noisy,0.0056188864943434,0.002580893776681,2.5532684630169025e-11
local_z,real_amplitudes,8,1,circular,5,noiseless,0.4075552333878437,5.3279602951761265e-15,0.0884634592301228
local_z,real_amplitudes,8,1,circular,5,noisy,0.371632877816572,0.0025808937766809,2.710163045258199e-10
local_z,real_amplitudes,8,1,circular,6,noiseless,0.306589433317548,5.3523852017178806e-15,0.0683523681525229
local_z,real_amplitudes,8,1,circular,6,noisy,0.0056188864943434,0.002580893776681,6.352669744153832e-12
local_z,real_amplitudes,8,1,circular,7,noiseless,0.3154518151949882,5.303535388634373e-15,0.00054625413463
local_z,real_amplitudes,8,1,circular,7,noisy,0.459942217823255,0.0025808937766811,5.771593715290194e-14
local_z,real_amplitudes,8,1,circular,8,noiseless,0.3189509518663098,5.333511410299252e-15,0.0054353503117364
local_z,real_amplitudes,8,1,circular,8,noisy,0.3735468580762635,0.0025808937766809,4.507186633033828e-12
local_z,real_amplitudes,8,1,circular,9,noiseless,0.4579082712686806,5.306866057708248e-15,0.0036923495177377
local_z,real_amplitudes,8,1,circular,9,noisy,1.6080417648364929,0.002580893776681,2.4484418233368872e-15
local_z,real_amplitudes,8,1,full,0,noiseless,0.5010272408042784,5.3468340865947535e-15,0.1926073505321527
local_z,real_amplitudes,8,1,full,0,noisy,0.459942217823255,0.0025808937766812,4.954595340905327e-17
local_z,real_amplitudes,8,1,full,1,noiseless,0.4417358495277563,5.3301807412253755e-15,0.1114560807520794
local_z,real_amplitudes,8,1,full,1,noisy,0.6758350959409409,0.0025808937766805,1.5857785290190134e-17
local_z,real_amplitudes,8,1,full,2,noiseless,0.748654933552132,5.2935433814127456e-15,0.1214619951931905
local_z,real_amplitudes,8,1,full,2,noisy,1.0355994448883798,0.002580893776681,6.358138334301438e-17
local_z,real_amplitudes,8,1,full,3,noiseless,0.4726890455289945,5.383471446407384e-15,0.1369872779382314
local_z,real_amplitudes,8,1,full,3,noisy,0.0973619821666995,0.0025808937766812,6.966730471958783e-17
local_z,real_amplitudes,8,1,full,4,noiseless,0.5694889994376439,5.377920331284258e-15,0.178505466386545
local_z,real_amplitudes,8,1,full,4,noisy,0.0056188864943434,0.002580893776681,2.845373122154368e-17
local_z,real_amplitudes,8,1,full,5,noiseless,0.4075552333878437,5.3279602951761265e-15,0.2330252554543008
local_z,real_amplitudes,8,1,full,5,noisy,0.371632877816572,0.0025808937766809,4.2625605923397686e-17
local_z,real_amplitudes,8,1,full,6,noiseless,0.306589433317548,5.3523852017178806e-15,0.0834866381090177
local_z,real_amplitudes,8,1,full,6,noisy,0.0056188864943434,0.002580893776681,3.637008263283286e-17
local_z,real_amplitudes,8,1,full,7,noiseless,0.3154518151949882,5.303535388634373e-15,0.0006070042635789
local_z,real_amplitudes,8,1,full,7,noisy,0.459942217823255,0.0025808937766811,2.1871893972253887e-20
local_z,real_amplitudes,8,1,full,8,noiseless,0.3189509518663098,5.333511410299252e-15,0.0138321272546436
local_z,real_amplitudes,8,1,full,8,noisy,0.3735468580762635,0.0025808937766809,9.69863879675538e-18
local_z,real_amplitudes,8,1,full,9,noiseless,0.4579082712686806,5.306866057708248e-15,0.0993350744915974
local_z,real_amplitudes,8,1,full,9,noisy,1.6080417648364929,0.002580893776681,1.503989380373564e-17
local_z,real_amplitudes,8,2,linear,0,noiseless,3.4784612192094455,1.0998979504961424e-14,0.188445079541446
local_z,real_amplitudes,8,2,linear,0,noisy,2.4227269432508347,0.0045172855643881,0.1748332698538618
local_z,real_amplitudes,8,2,linear,1,noiseless,2.961540214588296,1.0983436382616674e-14,0.1669946389269629
local_z,real_amplitudes,8,2,linear,1,noisy,3.412834548731066,0.0045457149366155,0.1383993635822641
local_z,real_amplitudes,8,2,linear,2,noiseless,3.6724576801086006,1.1014522627306176e-14,0.1492142322179919
local_z,real_amplitudes,8,2,linear,2,noisy,4.967277351775561,0.0044909368960444,0.1307110377633828
local_z,real_amplitudes,8,2,linear,3,noiseless,3.348415110874941,1.09889874977398e-14,0.1650477979502707
local_z,real_amplitudes,8,2,linear,3,noisy,5.364993824804448,0.004632579228461,0.160102584283421
local_z,real_amplitudes,8,2,linear,4,noiseless,4.066785624434143,1.1050049764094183e-14,0.1720652875829386
local_z,real_amplitudes,8,2,linear,4,noisy,3.7976856773699583,0.0045528216916271,0.1744535440233336
local_z,real_amplitudes,8,2,linear,5,noiseless,4.194354265932312,1.1026735080577054e-14,0.1942402649360381
local_z,real_amplitudes,8,2,linear,5,noisy,4.070389911451895,0.0044688968634807,0.1891944635006027
local_z,real_amplitudes,8,2,linear,6,noiseless,4.211073412054731,1.096567281422267e-14,0.1538328451212253
local_z,real_amplitudes,8,2,linear,6,noisy,4.199449336469533,0.0046085520672967,0.0787482859859906
local_z,real_amplitudes,8,2,linear,7,noiseless,3.1638077682746135,1.103672708779868e-14,0.2063938862644192
local_z,real_amplitudes,8,2,linear,7,noisy,3.154179235825338,0.0046166377416134,0.2116544889570843
local_z,real_amplitudes,8,2,linear,8,noiseless,3.757418552002091,1.1124434706744067e-14,0.2075482601906871
local_z,real_amplitudes,8,2,linear,8,noisy,3.997334084550052,0.0045712883068814,0.1769222243202623
local_z,real_amplitudes,8,2,linear,9,noiseless,4.091119280010086,1.0956791030025671e-14,0.1607619980833465
local_z,real_amplitudes,8,2,linear,9,noisy,6.912778573529518,0.0045867967925051,0.17225359114817
local_z,real_amplitudes,8,2,circular,0,noiseless,3.4784612192094455,1.0998979504961424e-14,0.0212637192340826
local_z,real_amplitudes,8,2,circular,0,noisy,2.4227269432508347,0.0045172855643881,0.0069684728600282
local_z,real_amplitudes,8,2,circular,1,noiseless,2.961540214588296,1.0983436382616674e-14,0.026847669948335
local_z,real_amplitudes,8,2,circular,1,noisy,3.412834548731066,0.0045457149366155,0.0072713285911773
local_z,real_amplitudes,8,2,circular,2,noiseless,3.6724576801086006,1.1014522627306176e-14,0.0231524230960644
local_z,real_amplitudes,8,2,circular,2,noisy,4.967277351775561,0.0044909368960444,0.0154521559114177
local_z,real_amplitudes,8,2,circular,3,noiseless,3.348415110874941,1.09889874977398e-14,0.0263846091643384
local_z,real_amplitudes,8,2,circular,3,noisy,5.364993824804448,0.004632579228461,0.0214839191403903
local_z,real_amplitudes,8,2,circular,4,noiseless,4.066785624434143,1.1050049764094183e-14,0.0242024558117552
local_z,real_amplitudes,8,2,circular,4,noisy,3.7976856773699583,0.0045528216916271,0.0103472668381931
local_z,real_amplitudes,8,2,circular,5,noiseless,4.194354265932312,1.1026735080577054e-14,0.0342160943266749
local_z,real_amplitudes,8,2,circular,5,noisy,4.070389911451895,0.0044688968634807,0.0189274204720889
local_z,real_amplitudes,8,2,circular,6,noiseless,4.211073412054731,1.096567281422267e-14,0.0220019873434371
local_z,real_amplitudes,8,2,circular,6,noisy,4.199449336469533,0.0046085520672967,0.0039088327389419
local_z,real_amplitudes,8,2,circular,7,noiseless,3.1638077682746135,1.103672708779868e-14,0.03463606590865
local_z,real_amplitudes,8,2,circular,7,noisy,3.154179235825338,0.0046166377416134,0.0164591487968731
local_z,real_amplitudes,8,2,circular,8,noiseless,3.757418552002091,1.1124434706744067e-14,0.0378757057766279
local_z,real_amplitudes,8,2,circular,8,noisy,3.997334084550052,0.0045712883068814,0.0330466173104923
local_z,real_amplitudes,8,2,circular,9,noiseless,4.091119280010086,1.0956791030025671e-14,0.0292321359347925
local_z,real_amplitudes,8,2,circular,9,noisy,6.912778573529518,0.0045867967925051,0.021974758510425
local_z,real_amplitudes,8,2,full,0,noiseless,3.4784612192094455,1.0998979504961424e-14,0.1099876017565167
local_z,real_amplitudes,8,2,full,0,noisy,2.4227269432508347,0.0045172855643881,6.9440356927745344e-12
local_z,real_amplitudes,8,2,full,1,noiseless,2.961540214588296,1.0983436382616674e-14,0.0960567078006214
local_z,real_amplitudes,8,2,full,1,noisy,3.412834548731066,0.0045457149366155,5.577727701886862e-12
local_z,real_amplitudes,8,2,full,2,noiseless,3.6724576801086006,1.1014522627306176e-14,0.0912342918356688
local_z,real_amplitudes,8,2,full,2,noisy,4.967277351775561,0.0044909368960444,3.777481363394776e-12
local_z,real_amplitudes,8,2,full,3,noiseless,3.348415110874941,1.09889874977398e-14,0.0942954609478025
local_z,real_amplitudes,8,2,full,3,noisy,5.364993824804448,0.004632579228461,4.281509279165907e-12
local_z,real_amplitudes,8,2,full,4,noiseless,4.066785624434143,1.1050049764094183e-14,0.1105322451298817
local_z,real_amplitudes,8,2,full,4,noisy,3.7976856773699583,0.0045528216916271,1.1947944527213611e-11
local_z,real_amplitudes,8,2,full,5,noiseless,4.194354265932312,1.1026735080577054e-14,0.1192264097418214
local_z,real_amplitudes,8,2,full,5,noisy,4.070389911451895,0.0044688968634807,2.9294692409758533e-12
local_z,real_amplitudes,8,2,full,6,noiseless,4.211073412054731,1.096567281422267e-14,0.0922486234242851
local_z,real_amplitudes,8,2,full,6,noisy,4.199449336469533,0.0046085520672967,5.112915317962399e-12
local_z,real_amplitudes,8,2,full,7,noiseless,3.1638077682746135,1.103672708779868e-14,0.1210098399361464
local_z,real_amplitudes,8,2,full,7,noisy,3.154179235825338,0.0046166377416134,7.350628232245647e-12
local_z,real_amplitudes,8,2,full,8,noiseless,3.757418552002091,1.1124434706744067e-14,0.129991119553619
local_z,real_amplitudes,8,2,full,8,noisy,3.997334084550052,0.0045712883068814,9.341832261496579e-12
local_z,real_amplitudes,8,2,full,9,noiseless,4.091119280010086,1.0956791030025671e-14,0.0888652505762978
local_z,real_amplitudes,8,2,full,9,noisy,6.912778573529518,0.0045867967925051,9.677281029129432e-12
local_z,real_amplitudes,8,4,linear,0,noiseless,4.1734641469353235,2.2296609003547023e-14,0.0696228436340238
local_z,real_amplitudes,8,4,linear,0,noisy,5.521070268284411,0.0083004782082389,0.0413894791468674
local_z,real_amplitudes,8,4,linear,1,noiseless,3.349312635167446,2.2324364579162652e-14,0.0613994526322269
local_z,real_amplitudes,8,4,linear,1,noisy,3.635355529478859,0.0082214815506272,0.0586146727862399
local_z,real_amplitudes,8,4,linear,2,noiseless,3.9405032040824177,2.2304380564719396e-14,0.0912521756346613
local_z,real_amplitudes,8,4,linear,2,noisy,2.811492242791533,0.0082044036668231,0.0769849514243461
local_z,real_amplitudes,8,4,linear,3,noiseless,4.109585001758807,2.2437607327674413e-14,0.0939572432044609
local_z,real_amplitudes,8,4,linear,3,noisy,4.070162392199565,0.0083664062404658,0.1035576131066732
local_z,real_amplitudes,8,4,linear,4,noiseless,3.2464649302748194,2.2408741529034163e-14,0.0861150890872023
local_z,real_amplitudes,8,4,linear,4,noisy,2.5767282690307507,0.0082333012807382,0.0771131235215286
local_z,real_amplitudes,8,4,linear,5,noiseless,4.779330262410887,2.2377655284344655e-14,0.0552543498086212
local_z,real_amplitudes,8,4,linear,5,noisy,5.36868181485841,0.0081870799323338,0.0534256842911206
local_z,real_amplitudes,8,4,linear,6,noiseless,3.3684940445986924,2.2416513090206535e-14,0.074863743176773
local_z,real_amplitudes,8,4,linear,6,noisy,0.95113250355152,0.0083383554683979,0.0616490213777584
local_z,real_amplitudes,8,4,linear,7,noiseless,3.513475834077612,2.2373214392246156e-14,0.0006301636940004
local_z,real_amplitudes,8,4,linear,7,noisy,3.879146296582935,0.0083747768107108,0.0006207654242595
local_z,real_amplitudes,8,4,linear,8,noiseless,4.653505401460253,2.238542684551703e-14,0.0138353806149064
local_z,real_amplitudes,8,4,linear,8,noisy,2.2271551838047143,0.0082812008162813,0.0105953733162149
local_z,real_amplitudes,8,4,linear,9,noiseless,3.2224901027915815,2.2338797478482776e-14,0.0714902080943713
local_z,real_amplitudes,8,4,linear,9,noisy,3.2703765082602163,0.008332572998565,0.0666845016518204
local_z,real_amplitudes,8,4,circular,0,noiseless,4.1734641469353235,2.2296609003547023e-14,0.0035668777896613
local_z,real_amplitudes,8,4,circular,0,noisy,5.521070268284411,0.0083004782082389,3.293376600815481e-06
local_z,real_amplitudes,8,4,circular,1,noiseless,3.349312635167446,2.2324364579162652e-14,0.003618529528592
local_z,real_amplitudes,8,4,circular,1,noisy,3.635355529478859,0.0082214815506272,5.050970134847662e-06
local_z,real_amplitudes,8,4,circular,2,noiseless,3.9405032040824177,2.2304380564719396e-14,0.002386858476405
local_z,real_amplitudes,8,4,circular,2,noisy,2.811492242791533,0.0082044036668231,4.4273069425647576e-08
local_z,real_amplitudes,8,4,circular,3,noiseless,4.109585001758807,2.2437607327674413e-14,0.003160241773477
local_z,real_amplitudes,8,4,circular,3,noisy,4.070162392199565,0.0083664062404658,8.047805880539355e-06
local_z,real_amplitudes,8,4,circular,4,noiseless,3.2464649302748194,2.2408741529034163e-14,0.0037960378257829
local_z,real_amplitudes,8,4,circular,4,noisy,2.5767282690307507,0.0082333012807382,1.4397989726558382e-05
local_z,real_amplitudes,8,4,circular,5,noiseless,4.779330262410887,2.2377655284344655e-14,0.0027370188618733
local_z,real_amplitudes,8,4,circular,5,noisy,5.36868181485841,0.0081870799323338,1.4665997240352284e-05
local_z,real_amplitudes,8,4,circular,6,noiseless,3.3684940445986924,2.2416513090206535e-14,0.0035239617596455
local_z,real_amplitudes,8,4,circular,6,noisy,0.95113250355152,0.0083383554683979,1.1491009272405257e-07
local_z,real_amplitudes,8,4,circular,7,noiseless,3.513475834077612,2.2373214392246156e-14,5.234351768680665e-05
local_z,real_amplitudes,8,4,circular,7,noisy,3.879146296582935,0.0083747768107108,3.5044653163192186e-08
local_z,real_amplitudes,8,4,circular,8,noiseless,4.653505401460253,2.238542684551703e-14,0.0007590876143726
local_z,real_amplitudes,8,4,circular,8,noisy,2.2271551838047143,0.0082812008162813,7.204316306898128e-07
local_z,real_amplitudes,8,4,circular,9,noiseless,3.2224901027915815,2.2338797478482776e-14,0.0045170776656794
local_z,real_amplitudes,8,4,circular,9,noisy,3.2703765082602163,0.008332572998565,1.688552076686036e-05
local_z,real_amplitudes,8,4,full,0,noiseless,4.1734641469353235,2.2296609003547023e-14,0.0317195976379288
local_z,real_amplitudes,8,4,full,0,noisy,5.521070268284411,0.0083004782082389,1.5575059825105811e-34
local_z,real_amplitudes,8,4,full,1,noiseless,3.349312635167446,2.2324364579162652e-14,0.0167322714619852
local_z,real_amplitudes,8,4,full,1,noisy,3.635355529478859,0.0082214815506272,1.693539413207073e-34
local_z,real_amplitudes,8,4,full,2,noiseless,3.9405032040824177,2.2304380564719396e-14,0.0435372896614966
local_z,real_amplitudes,8,4,full,2,noisy,2.811492242791533,0.0082044036668231,8.998121912481075e-35
local_z,real_amplitudes,8,4,full,3,noiseless,4.109585001758807,2.2437607327674413e-14,0.0394243129115283
local_z,real_amplitudes,8,4,full,3,noisy,4.070162392199565,0.0083664062404658,1.0880919050822138e-34
local_z,real_amplitudes,8,4,full,4,noiseless,3.2464649302748194,2.2408741529034163e-14,0.0290156250874061
local_z,real_amplitudes,8,4,full,4,noisy,2.5767282690307507,0.0082333012807382,9.273992151151387e-35
local_z,real_amplitudes,8,4,full,5,noiseless,4.779330262410887,2.2377655284344655e-14,0.0303310374927824
local_z,real_amplitudes,8,4,full,5,noisy,5.36868181485841,0.0081870799323338,9.239302006753788e-35
local_z,real_amplitudes,8,4,full,6,noiseless,3.3684940445986924,2.2416513090206535e-14,0.0290485628405276
local_z,real_amplitudes,8,4,full,6,noisy,0.95113250355152,0.0083383554683979,7.98042592331317e-35
local_z,real_amplitudes,8,4,full,7,noiseless,3.513475834077612,2.2373214392246156e-14,0.0003810636039853
local_z,real_amplitudes,8,4,full,7,noisy,3.879146296582935,0.0083747768107108,2.2114946155792627e-34
local_z,real_amplitudes,8,4,full,8,noiseless,4.653505401460253,2.238542684551703e-14,0.0063171271525943
local_z,real_amplitudes,8,4,full,8,noisy,2.2271551838047143,0.0082812008162813,1.3703547432532638e-34
local_z,real_amplitudes,8,4,full,9,noiseless,3.2224901027915815,2.2338797478482776e-14,0.0348068107867023
local_z,real_amplitudes,8,4,full,9,noisy,3.2703765082602163,0.008332572998565,1.723673863942819e-34
local_z,real_amplitudes,8,8,linear,0,noiseless,2.3485350668046774,4.500289030318072e-14,0.0182374482818771
local_z,real_amplitudes,8,8,linear,0,noisy,2.8157712058378115,0.0162130308848768,0.0073611501770574
local_z,real_amplitudes,8,8,linear,1,noiseless,2.6184733102229223,4.492739513750621e-14,0.0065425092214407
local_z,real_amplitudes,8,8,linear,1,noisy,1.4971334311349953,0.0161791517861403,0.0025172746729634
local_z,real_amplitudes,8,8,linear,2,noiseless,2.4240027381534803,4.5021764094599346e-14,0.0132555165796564
local_z,real_amplitudes,8,8,linear,2,noisy,0.8261745975009083,0.0160545802715701,0.0048510626765232
local_z,real_amplitudes,8,8,linear,3,noiseless,2.189037376841871,4.5087267253052234e-14,0.0035107827320236
local_z,real_amplitudes,8,8,linear,3,noisy,2.552465707744863,0.0162975704662142,0.0034951765992903
local_z,real_amplitudes,8,8,linear,4,noiseless,2.18543327009652,4.5043968555091854e-14,0.0160708362915862
local_z,real_amplitudes,8,8,linear,4,noisy,1.9810747835805425,0.0161776975966123,0.0081473850545903
local_z,real_amplitudes,8,8,linear,5,noiseless,3.0749034613171413,4.5072834353732114e-14,0.0137536445808537
local_z,real_amplitudes,8,8,linear,5,noisy,3.8425304850986,0.0160187762716973,0.0100164994421676
local_z,real_amplitudes,8,8,linear,6,noiseless,2.859256554669621,4.5000669857131475e-14,0.0060405919800042
local_z,real_amplitudes,8,8,linear,6,noisy,1.777469919628092,0.0163077052882367,0.0028458904796998
local_z,real_amplitudes,8,8,linear,7,noiseless,2.3921321100466986,4.50328663248456e-14,0.0261583370168488
local_z,real_amplitudes,8,8,linear,7,noisy,2.3320954624303782,0.0163286362203681,0.0198046948544351
local_z,real_amplitudes,8,8,linear,8,noiseless,2.625464355119873,4.5042858332067224e-14,0.0092853180801658
local_z,real_amplitudes,8,8,linear,8,noisy,1.4095727192911212,0.0162126039005212,0.0099124384681949
local_z,real_amplitudes,8,8,linear,9,noiseless,2.157401057002512,4.5056181008362726e-14,0.0045147432256034
local_z,real_amplitudes,8,8,linear,9,noisy,2.063643549559941,0.0162116196075581,0.0018347137922344
local_z,real_amplitudes,8,8,circular,0,noiseless,2.3485350668046774,4.500289030318072e-14,0.0023919510871177
local_z,real_amplitudes,8,8,circular,0,noisy,2.8157712058378115,0.0162130308848768,2.8168279014490804e-16
local_z,real_amplitudes,8,8,circular,1,noiseless,2.6184733102229223,4.492739513750621e-14,0.0010359691398922
local_z,real_amplitudes,8,8,circular,1,noisy,1.4971334311349953,0.0161791517861403,5.312180713074522e-16
local_z,real_amplitudes,8,8,circular,2,noiseless,2.4240027381534803,4.5021764094599346e-14,0.0013463615122503
local_z,real_amplitudes,8,8,circular,2,noisy,0.8261745975009083,0.0160545802715701,6.811919851319667e-16
local_z,real_amplitudes,8,8,circular,3,noiseless,2.189037376841871,4.5087267253052234e-14,0.0004648766281325
local_z,real_amplitudes,8,8,circular,3,noisy,2.552465707744863,0.0162975704662142,1.3564559251025623e-16
local_z,real_amplitudes,8,8,circular,4,noiseless,2.18543327009652,4.5043968555091854e-14,0.0017458242346793
local_z,real_amplitudes,8,8,circular,4,noisy,1.9810747835805425,0.0161776975966123,1.3761322797007369e-15
local_z,real_amplitudes,8,8,circular,5,noiseless,3.0749034613171413,4.5072834353732114e-14,0.0019762545138232
local_z,real_amplitudes,8,8,circular,5,noisy,3.8425304850986,0.0160187762716973,3.13016646095206e-16
local_z,real_amplitudes,8,8,circular,6,noiseless,2.859256554669621,4.5000669857131475e-14,0.0009766567949197
local_z,real_amplitudes,8,8,circular,6,noisy,1.777469919628092,0.0163077052882367,1.134026746364987e-16
local_z,real_amplitudes,8,8,circular,7,noiseless,2.3921321100466986,4.50328663248456e-14,0.0030551123924445
local_z,real_amplitudes,8,8,circular,7,noisy,2.3320954624303782,0.0163286362203681,5.055342081234343e-16
local_z,real_amplitudes,8,8,circular,8,noiseless,2.625464355119873,4.5042858332067224e-14,0.0012204231357979
local_z,real_amplitudes,8,8,circular,8,noisy,1.4095727192911212,0.0162126039005212,3.6855140798564836e-15
local_z,real_amplitudes,8,8,circular,9,noiseless,2.157401057002512,4.5056181008362726e-14,0.000772874413663
local_z,real_amplitudes,8,8,circular,9,noisy,2.063643549559941,0.0162116196075581,8.734668737557244e-17
local_z,real_amplitudes,8,8,full,0,noiseless,2.3485350668046774,4.500289030318072e-14,0.0042083889503175
local_z,real_amplitudes,8,8,full,0,noisy,2.8157712058378115,0.0162130308848768,1.7148654929406575e-34
local_z,real_amplitudes,8,8,full,1,noiseless,2.6184733102229223,4.492739513750621e-14,0.0018547688314727
local_z,real_amplitudes,8,8,full,1,noisy,1.4971334311349953,0.0161791517861403,9.433545917703e-35
local_z,real_amplitudes,8,8,full,2,noiseless,2.4240027381534803,4.5021764094599346e-14,0.0022136300473301
local_z,real_amplitudes,8,8,full,2,noisy,0.8261745975009083,0.0160545802715701,1.967257191110545e-34
local_z,real_amplitudes,8,8,full,3,noiseless,2.189037376841871,4.5087267253052234e-14,0.0009310302662199
local_z,real_amplitudes,8,8,full,3,noisy,2.552465707744863,0.0162975704662142,1.465687857546885e-34
local_z,real_amplitudes,8,8,full,4,noiseless,2.18543327009652,4.5043968555091854e-14,0.0039878836406491
local_z,real_amplitudes,8,8,full,4,noisy,1.9810747835805425,0.0161776975966123,1.8581378790704802e-34
local_z,real_amplitudes,8,8,full,5,noiseless,3.0749034613171413,4.5072834353732114e-14,0.0032295208093083
local_z,real_amplitudes,8,8,full,5,noisy,3.8425304850986,0.0160187762716973,1.438514607691343e-34
local_z,real_amplitudes,8,8,full,6,noiseless,2.859256554669621,4.5000669857131475e-14,0.0015976107883778
local_z,real_amplitudes,8,8,full,6,noisy,1.777469919628092,0.0163077052882367,1.5559658236900363e-34
local_z,real_amplitudes,8,8,full,7,noiseless,2.3921321100466986,4.50328663248456e-14,0.0068179598048967
local_z,real_amplitudes,8,8,full,7,noisy,2.3320954624303782,0.0163286362203681,1.4431852385786103e-34
local_z,real_amplitudes,8,8,full,8,noiseless,2.625464355119873,4.5042858332067224e-14,0.0027442657283277
local_z,real_amplitudes,8,8,full,8,noisy,1.4095727192911212,0.0162126039005212,1.4578554080768724e-34
local_z,real_amplitudes,8,8,full,9,noiseless,2.157401057002512,4.5056181008362726e-14,0.0011583748691326
local_z,real_amplitudes,8,8,full,9,noisy,2.063643549559941,0.0162116196075581,1.0661493438668643e-34
local_z,real_amplitudes,10,1,linear,0,noiseless,0.2183468254440513,6.331601909437268e-15,0.2980656385635059
local_z,real_amplitudes,10,1,linear,0,noisy,8.740648201398856e-10,0.0029226092523762,0.2892880542256894
local_z,real_amplitudes,10,1,linear,1,noiseless,0.3596627139939541,6.3815619455453994e-15,0.1365726156422197
local_z,real_amplitudes,10,1,linear,1,noisy,0.262865038610816,0.0029226092523757,0.1192294274955199
local_z,real_amplitudes,10,1,linear,2,noiseless,0.1406569224524614,6.317169010117141e-15,0.1904886966569866
local_z,real_amplitudes,10,1,linear,2,noisy,8.740648201398856e-10,0.002922609252376,0.1367035785490771
local_z,real_amplitudes,10,1,linear,3,noiseless,0.2435244508399863,6.313838341043265e-15,0.1738574063289761
local_z,real_amplitudes,10,1,linear,3,noisy,8.740648201398856e-10,0.0029226092523763,0.1734628209788221
local_z,real_amplitudes,10,1,linear,4,noiseless,0.2558958012712013,6.317169010117141e-15,0.2463988098453363
local_z,real_amplitudes,10,1,linear,4,noisy,8.740648201398856e-10,0.002922609252376,0.2099703321010212
local_z,real_amplitudes,10,1,linear,5,noiseless,0.0971659200262111,6.293854326600012e-15,0.2372330043513826
local_z,real_amplitudes,10,1,linear,5,noisy,8.740648201398856e-10,0.0029226092523759,0.2539503923426366
local_z,real_amplitudes,10,1,linear,6,noiseless,0.1272350515861328,6.339373470609644e-15,0.1296702798601869
local_z,real_amplitudes,10,1,linear,6,noisy,8.740648201398856e-10,0.002922609252376,0.1122541593116231
local_z,real_amplitudes,10,1,linear,7,noiseless,0.2717351788828903,6.3005156647477626e-15,0.0007512742297503
local_z,real_amplitudes,10,1,linear,7,noisy,8.740648201398856e-10,0.002922609252376,0.0008280011459303
local_z,real_amplitudes,10,1,linear,8,noiseless,1.0454373625684652,6.343814362708145e-15,0.0123718400810111
local_z,real_amplitudes,10,1,linear,8,noisy,0.262865038610816,0.0029226092523759,0.0100427421744888
local_z,real_amplitudes,10,1,linear,9,noiseless,0.8764863065117383,6.293854326600012e-15,0.0927196972124773
local_z,real_amplitudes,10,1,linear,9,noisy,0.5491174817686235,0.0029226092523761,0.0889537627441914
local_z,real_amplitudes,10,1,circular,0,noiseless,0.2183468254440513,6.331601909437268e-15,0.1575026197076089
local_z,real_amplitudes,10,1,circular,0,noisy,8.740648201398856e-10,0.0029226092523762,5.1387358148311e-20
local_z,real_amplitudes,10,1,circular,1,noiseless,0.3596627139939541,6.3815619455453994e-15,0.0055093116194771
local_z,real_amplitudes,10,1,circular,1,noisy,0.262865038610816,0.0029226092523757,5.662617836179263e-16
local_z,real_amplitudes,10,1,circular,2,noiseless,0.1406569224524614,6.317169010117141e-15,0.0692282826803673
local_z,real_amplitudes,10,1,circular,2,noisy,8.740648201398856e-10,0.002922609252376,1.0476341458913128e-18
local_z,real_amplitudes,10,1,circular,3,noiseless,0.2435244508399863,6.313838341043265e-15,0.0473217117348403
local_z,real_amplitudes,10,1,circular,3,noisy,8.740648201398856e-10,0.0029226092523763,5.508935164232598e-13
local_z,real_amplitudes,10,1,circular,4,noiseless,0.2558958012712013,6.317169010117141e-15,0.1549520766398724
local_z,real_amplitudes,10,1,circular,4,noisy,8.740648201398856e-10,0.002922609252376,1.060627988682589e-12
local_z,real_amplitudes,10,1,circular,5,noiseless,0.0971659200262111,6.293854326600012e-15,0.1191889140875516
local_z,real_amplitudes,10,1,circular,5,noisy,8.740648201398856e-10,0.0029226092523759,8.377410824217155e-16
local_z,real_amplitudes,10,1,circular,6,noiseless,0.1272350515861328,6.339373470609644e-15,0.0524027525318627
local_z,real_amplitudes,10,1,circular,6,noisy,8.740648201398856e-10,0.002922609252376,5.3197479096223377e-17
local_z,real_amplitudes,10,1,circular,7,noiseless,0.2717351788828903,6.3005156647477626e-15,0.0002632265079932
local_z,real_amplitudes,10,1,circular,7,noisy,8.740648201398856e-10,0.002922609252376,1.2240891738032003e-17
local_z,real_amplitudes,10,1,circular,8,noiseless,1.0454373625684652,6.343814362708145e-15,0.0024682786433244
local_z,real_amplitudes,10,1,circular,8,noisy,0.262865038610816,0.0029226092523759,7.287830928372361e-15
local_z,real_amplitudes,10,1,circular,9,noiseless,0.8764863065117383,6.293854326600012e-15,0.0332793370516857
local_z,real_amplitudes,10,1,circular,9,noisy,0.5491174817686235,0.0029226092523761,1.5558764654433575e-16
local_z,real_amplitudes,10,1,full,0,noiseless,0.2183468254440513,6.331601909437268e-15,0.1913243726283759
local_z,real_amplitudes,10,1,full,0,noisy,8.740648201398856e-10,0.0029226092523762,4.317699755053053e-23
local_z,real_amplitudes,10,1,full,1,noiseless,0.3596627139939541,6.3815619455453994e-15,0.1323495029802023
local_z,real_amplitudes,10,1,full,1,noisy,0.262865038610816,0.0029226092523757,2.3956764950141665e-23
local_z,real_amplitudes,10,1,full,2,noiseless,0.1406569224524614,6.317169010117141e-15,0.1300164526142431
local_z,real_amplitudes,10,1,full,2,noisy,8.740648201398856e-10,0.002922609252376,2.3980502959280492e-23
local_z,real_amplitudes,10,1,full,3,noiseless,0.2435244508399863,6.313838341043265e-15,0.1305663808641588
local_z,real_amplitudes,10,1,full,3,noisy,8.740648201398856e-10,0.0029226092523763,3.0402496961448373e-23
local_z,real_amplitudes,10,1,full,4,noiseless,0.2558958012712013,6.317169010117141e-15,0.1811860149320835
local_z,real_amplitudes,10,1,full,4,noisy,8.740648201398856e-10,0.002922609252376,2.806802767858495e-23
local_z,real_amplitudes,10,1,full,5,noiseless,0.0971659200262111,6.293854326600012e-15,0.2244117248668778
local_z,real_amplitudes,10,1,full,5,noisy,8.740648201398856e-10,0.0029226092523759,5.120676787949406e-23
local_z,real_amplitudes,10,1,full,6,noiseless,0.1272350515861328,6.339373470609644e-15,0.087036844633051
local_z,real_amplitudes,10,1,full,6,noisy,8.740648201398856e-10,0.002922609252376,1.4683553416833477e-23
local_z,real_amplitudes,10,1,full,7,noiseless,0.2717351788828903,6.3005156647477626e-15,0.0005276919604892
local_z,real_amplitudes,10,1,full,7,noisy,8.740648201398856e-10,0.002922609252376,1.0766317645502974e-25
local_z,real_amplitudes,10,1,full,8,noiseless,1.0454373625684652,6.343814362708145e-15,0.0123965500276941
local_z,real_amplitudes,10,1,full,8,noisy,0.262865038610816,0.0029226092523759,2.0990468215860763e-24
local_z,real_amplitudes,10,1,full,9,noiseless,0.8764863065117383,6.293854326600012e-15,0.0895829683286245
local_z,real_amplitudes,10,1,full,9,noisy,0.5491174817686235,0.0029226092523761,1.7622785117032525e-23
local_z,real_amplitudes,10,2,linear,0,noiseless,4.865243775448556,1.3372636331610012e-14,0.1856534661752081
local_z,real_amplitudes,10,2,linear,0,noisy,8.021651282959438,0.0049362261520197,0.1994878985217733
local_z,real_amplitudes,10,2,linear,1,noiseless,6.610776084022358,1.3371526108585384e-14,0.1709214777494745
local_z,real_amplitudes,10,2,linear,1,noisy,3.362464430000068,0.0049489881964287,0.1408435375278621
local_z,real_amplitudes,10,2,linear,2,noiseless,4.623127775669444,1.3268275367295246e-14,0.15847278955004
local_z,real_amplitudes,10,2,linear,2,noisy,9.625486155036562,0.0049175260273652,0.1489575948490237
local_z,real_amplitudes,10,2,linear,3,noiseless,5.613830651109647,1.3399281684201014e-14,0.1610120987484426
local_z,real_amplitudes,10,2,linear,3,noisy,2.746120299386076,0.005048756760556,0.1466784452875804
local_z,real_amplitudes,10,2,linear,4,noiseless,5.882999567061029,1.3389289676979387e-14,0.1736196503143838
local_z,real_amplitudes,10,2,linear,4,noisy,8.381275027948442,0.0049208956430206,0.1120572738628863
local_z,real_amplitudes,10,2,linear,5,noiseless,6.698949599165978,1.3247181129827367e-14,0.1866954235145292
local_z,real_amplitudes,10,2,linear,5,noisy,2.8298332137525963,0.0049383391620431,0.1513965120655134
local_z,real_amplitudes,10,2,linear,6,noiseless,6.10403458722215,1.3363754547413011e-14,0.1731458712402675
local_z,real_amplitudes,10,2,linear,6,noisy,3.11294377621068,0.005073979736114,0.1638128751819334
local_z,real_amplitudes,10,2,linear,7,noiseless,6.62309919162165,1.3373746554634635e-14,0.2128775801488389
local_z,real_amplitudes,10,2,linear,7,noisy,10.450003465952276,0.0049795675686938,0.2073241040215732
local_z,real_amplitudes,10,2,linear,8,noiseless,6.481607135770372,1.342592703679202e-14,0.2271443079922482
local_z,real_amplitudes,10,2,linear,8,noisy,7.797353734638166,0.0049871972860143,0.2076055498298266
local_z,real_amplitudes,10,2,linear,9,noiseless,4.372361426476198,1.3244960683778116e-14,0.158965991027445
local_z,real_amplitudes,10,2,linear,9,noisy,1.7644933300259371,0.0049616873736053,0.154478689706739
local_z,real_amplitudes,10,2,circular,0,noiseless,4.865243775448556,1.3372636331610012e-14,0.0224007398098567
local_z,real_amplitudes,10,2,circular,0,noisy,8.021651282959438,0.0049362261520197,1.7777537344834017e-12
local_z,real_amplitudes,10,2,circular,1,noiseless,6.610776084022358,1.3371526108585384e-14,0.028153909633617
local_z,real_amplitudes,10,2,circular,1,noisy,3.362464430000068,0.0049489881964287,1.018852213140543e-12
local_z,real_amplitudes,10,2,circular,2,noiseless,4.623127775669444,1.3268275367295246e-14,0.0218271454242139
local_z,real_amplitudes,10,2,circular,2,noisy,9.625486155036562,0.0049175260273652,2.170382555521991e-12
local_z,real_amplitudes,10,2,circular,3,noiseless,5.613830651109647,1.3399281684201014e-14,0.0245559114807086
local_z,real_amplitudes,10,2,circular,3,noisy,2.746120299386076,0.005048756760556,8.812370631052346e-13
local_z,real_amplitudes,10,2,circular,4,noiseless,5.882999567061029,1.3389289676979387e-14,0.0268718950090261
local_z,real_amplitudes,10,2,circular,4,noisy,8.381275027948442,0.0049208956430206,2.287513514890781e-12
local_z,real_amplitudes,10,2,circular,5,noiseless,6.698949599165978,1.3247181129827367e-14,0.0307746370717193
local_z,real_amplitudes,10,2,circular,5,noisy,2.8298332137525963,0.0049383391620431,6.726668151571448e-12
local_z,real_amplitudes,10,2,circular,6,noiseless,6.10403458722215,1.3363754547413011e-14,0.030834932946997
local_z,real_amplitudes,10,2,circular,6,noisy,3.11294377621068,0.005073979736114,3.972893827792308e-11
local_z,real_amplitudes,10,2,circular,7,noiseless,6.62309919162165,1.3373746554634635e-14,0.0310609972036975
local_z,real_amplitudes,10,2,circular,7,noisy,10.450003465952276,0.0049795675686938,1.9191725793088226e-12
local_z,real_amplitudes,10,2,circular,8,noiseless,6.481607135770372,1.342592703679202e-14,0.0376384087729828
local_z,real_amplitudes,10,2,circular,8,noisy,7.797353734638166,0.0049871972860143,6.7439799020443034e-12
local_z,real_amplitudes,10,2,circular,9,noiseless,4.372361426476198,1.3244960683778116e-14,0.0228345178983296
local_z,real_amplitudes,10,2,circular,9,noisy,1.7644933300259371,0.0049616873736053,1.0412305567474632e-12
local_z,real_amplitudes,10,2,full,0,noiseless,4.865243775448556,1.3372636331610012e-14,0.1085703277106577
local_z,real_amplitudes,10,2,full,0,noisy,8.021651282959438,0.0049362261520197,2.542259451829165e-30
local_z,real_amplitudes,10,2,full,1,noiseless,6.610776084022358,1.3371526108585384e-14,0.1127864259991954
local_z,real_amplitudes,10,2,full,1,noisy,3.362464430000068,0.0049489881964287,1.5531796200774932e-30
local_z,real_amplitudes,10,2,full,2,noiseless,4.623127775669444,1.3268275367295246e-14,0.0867620085901757
local_z,real_amplitudes,10,2,full,2,noisy,9.625486155036562,0.0049175260273652,1.1097639365778886e-30
local_z,real_amplitudes,10,2,full,3,noiseless,5.613830651109647,1.3399281684201014e-14,0.0951831896900429
local_z,real_amplitudes,10,2,full,3,noisy,2.746120299386076,0.005048756760556,1.3194457466354883e-30
local_z,real_amplitudes,10,2,full,4,noiseless,5.882999567061029,1.3389289676979387e-14,0.1017572933247174
local_z,real_amplitudes,10,2,full,4,noisy,8.381275027948442,0.0049208956430206,1.696000610721166e-30
local_z,real_amplitudes,10,2,full,5,noiseless,6.698949599165978,1.3247181129827367e-14,0.1067238753666341
local_z,real_amplitudes,10,2,full,5,noisy,2.8298332137525963,0.0049383391620431,5.6116762736221644e-30
local_z,real_amplitudes,10,2,full,6,noiseless,6.10403458722215,1.3363754547413011e-14,0.0902925462670422
local_z,real_amplitudes,10,2,full,6,noisy,3.11294377621068,0.005073979736114,1.2131262283593775e-30
local_z,real_amplitudes,10,2,full,7,noiseless,6.62309919162165,1.3373746554634635e-14,0.1037035380075186
local_z,real_amplitudes,10,2,full,7,noisy,10.450003465952276,0.0049795675686938,2.0942533985769967e-30
local_z,real_amplitudes,10,2,full,8,noiseless,6.481607135770372,1.342592703679202e-14,0.1157896347603556
local_z,real_amplitudes,10,2,full,8,noisy,7.797353734638166,0.0049871972860143,8.404364685356915e-31
local_z,real_amplitudes,10,2,full,9,noiseless,4.372361426476198,1.3244960683778116e-14,0.0943732358356891
local_z,real_amplitudes,10,2,full,9,noisy,1.7644933300259371,0.0049616873736053,2.1668804539162333e-30
local_z,real_amplitudes,10,4,linear,0,noiseless,5.326488428140555,2.751021632718675e-14,0.0789029239266368
local_z,real_amplitudes,10,4,linear,0,noisy,4.741290366252936,0.0090048981168488,0.0704347445498809
local_z,real_amplitudes,10,4,linear,1,noiseless,4.962495603850546,2.761790796057539e-14,0.0605106135165979
local_z,real_amplitudes,10,4,linear,1,noisy,10.170099874183723,0.0089018453355438,0.0557079657624514
local_z,real_amplitudes,10,4,linear,2,noiseless,5.294934227655953,2.7428059823364497e-14,0.0779600055979782
local_z,real_amplitudes,10,4,linear,2,noisy,8.471810715016524,0.0088894275659899,0.0623078080329409
local_z,real_amplitudes,10,4,linear,3,noiseless,4.7559527995355975,2.7573499039590393e-14,0.0691163713920191
local_z,real_amplitudes,10,4,linear,3,noisy,3.0866101426752293,0.0089344211283874,0.0476643586612694
local_z,real_amplitudes,10,4,linear,4,noiseless,5.894515316670461,2.763012041384627e-14,0.0787734011024446
local_z,real_amplitudes,10,4,linear,4,noisy,4.5508585957084815,0.0089085332041449,0.0620570338406233
local_z,real_amplitudes,10,4,linear,5,noiseless,6.218305333832781,2.7485791420645e-14,0.0429404986166578
local_z,real_amplitudes,10,4,linear,5,noisy,1.7607037081919843,0.0088959508841774,0.0503364837357115
local_z,real_amplitudes,10,4,linear,6,noiseless,5.951120017477178,2.748801186669425e-14,0.064603004931667
local_z,real_amplitudes,10,4,linear,6,noisy,5.737450960989987,0.0090353431161658,0.0366815120148874
local_z,real_amplitudes,10,4,linear,7,noiseless,5.848346051348492,2.7519098111383756e-14,0.0007085486847636
local_z,real_amplitudes,10,4,linear,7,noisy,7.919986339525918,0.0089424330127205,0.0003490705475579
local_z,real_amplitudes,10,4,linear,8,noiseless,6.573829405445413,2.7445823391758496e-14,0.0154716967016239
local_z,real_amplitudes,10,4,linear,8,noisy,8.215050439834544,0.0090328650232944,0.0124605111373909
local_z,real_amplitudes,10,4,linear,9,noiseless,5.607246947872047,2.7459146068053998e-14,0.0623403245472948
local_z,real_amplitudes,10,4,linear,9,noisy,4.376019400467254,0.0089912192247915,0.0586167582276734
local_z,real_amplitudes,10,4,circular,0,noiseless,5.326488428140555,2.751021632718675e-14,0.0043027408223073
local_z,real_amplitudes,10,4,circular,0,noisy,4.741290366252936,0.0090048981168488,8.49594411374736e-06
local_z,real_amplitudes,10,4,circular,1,noiseless,4.962495603850546,2.761790796057539e-14,0.0032861738554789
local_z,real_amplitudes,10,4,circular,1,noisy,10.170099874183723,0.0089018453355438,2.0156100155606048e-06
local_z,real_amplitudes,10,4,circular,2,noiseless,5.294934227655953,2.7428059823364497e-14,0.0011540213158321
local_z,real_amplitudes,10,4,circular,2,noisy,8.471810715016524,0.0088894275659899,5.293631438402311e-08
local_z,real_amplitudes,10,4,circular,3,noiseless,4.7559527995355975,2.7573499039590393e-14,0.00220684601824
local_z,real_amplitudes,10,4,circular,3,noisy,3.0866101426752293,0.0089344211283874,3.588058361948029e-07
local_z,real_amplitudes,10,4,circular,4,noiseless,5.894515316670461,2.763012041384627e-14,0.0032947310767003
local_z,real_amplitudes,10,4,circular,4,noisy,4.5508585957084815,0.0089085332041449,6.62150645450602e-05
local_z,real_amplitudes,10,4,circular,5,noiseless,6.218305333832781,2.7485791420645e-14,0.003700686164026
local_z,real_amplitudes,10,4,circular,5,noisy,1.7607037081919843,0.0088959508841774,3.552528036342824e-06
local_z,real_amplitudes,10,4,circular,6,noiseless,5.951120017477178,2.748801186669425e-14,0.0017284551376649
local_z,real_amplitudes,10,4,circular,6,noisy,5.737450960989987,0.0090353431161658,8.59278917365577e-05
local_z,real_amplitudes,10,4,circular,7,noiseless,5.848346051348492,2.7519098111383756e-14,4.83603335335655e-05
local_z,real_amplitudes,10,4,circular,7,noisy,7.919986339525918,0.0089424330127205,8.60444785629878e-08
local_z,real_amplitudes,10,4,circular,8,noiseless,6.573829405445413,2.7445823391758496e-14,0.0005882712786871
local_z,real_amplitudes,10,4,circular,8,noisy,8.215050439834544,0.0090328650232944,1.2597825975242173e-07
local_z,real_amplitudes,10,4,circular,9,noiseless,5.607246947872047,2.7459146068053998e-14,0.0021049103775654
local_z,real_amplitudes,10,4,circular,9,noisy,4.376019400467254,0.0089912192247915,7.898738189065403e-06
local_z,real_amplitudes,10,4,full,0,noiseless,5.326488428140555,2.751021632718675e-14,0.0330316036877816
local_z,real_amplitudes,10,4,full,0,noisy,4.741290366252936,0.0090048981168488,4.6987533161584317e-32
local_z,real_amplitudes,10,4,full,1,noiseless,4.962495603850546,2.761790796057539e-14,0.0281469830986304
local_z,real_amplitudes,10,4,full,1,noisy,10.170099874183723,0.0089018453355438,5.756186331536907e-32
local_z,real_amplitudes,10,4,full,2,noiseless,5.294934227655953,2.7428059823364497e-14,0.031032380844524
local_z,real_amplitudes,10,4,full,2,noisy,8.471810715016524,0.0088894275659899,3.5973146489053835e-31
local_z,real_amplitudes,10,4,full,3,noiseless,4.7559527995355975,2.7573499039590393e-14,0.0260671774578785
local_z,real_amplitudes,10,4,full,3,noisy,3.0866101426752293,0.0089344211283874,5.031671354925169e-32
local_z,real_amplitudes,10,4,full,4,noiseless,5.894515316670461,2.763012041384627e-14,0.0327196753838729
local_z,real_amplitudes,10,4,full,4,noisy,4.5508585957084815,0.0089085332041449,8.163975851465963e-32
local_z,real_amplitudes,10,4,full,5,noiseless,6.218305333832781,2.7485791420645e-14,0.017897665037071
local_z,real_amplitudes,10,4,full,5,noisy,1.7607037081919843,0.0088959508841774,2.7068593451476064e-32
local_z,real_amplitudes,10,4,full,6,noiseless,5.951120017477178,2.748801186669425e-14,0.0227664047616441
local_z,real_amplitudes,10,4,full,6,noisy,5.737450960989987,0.0090353431161658,5.523421758054317e-32
local_z,real_amplitudes,10,4,full,7,noiseless,5.848346051348492,2.7519098111383756e-14,0.0003310800560456
local_z,real_amplitudes,10,4,full,7,noisy,7.919986339525918,0.0089424330127205,2.495315584573375e-33
local_z,real_amplitudes,10,4,full,8,noiseless,6.573829405445413,2.7445823391758496e-14,0.0069009312092673
local_z,real_amplitudes,10,4,full,8,noisy,8.215050439834544,0.0090328650232944,9.550584783344473e-33
local_z,real_amplitudes,10,4,full,9,noiseless,5.607246947872047,2.7459146068053998e-14,0.0265515991415696
local_z,real_amplitudes,10,4,full,9,noisy,4.376019400467254,0.0089912192247915,7.67838419107309e-32
local_z,real_amplitudes,10,8,linear,0,noiseless,2.909183880435613,5.587419416031026e-14,0.0155178111368188
local_z,real_amplitudes,10,8,linear,0,noisy,1.613615981920566,0.0173844604848829,0.0058230227692913
local_z,real_amplitudes,10,8,linear,1,noiseless,3.0189789050817133,5.5945248433886266e-14,0.0101560444523406
local_z,real_amplitudes,10,8,linear,1,noisy,3.193141823121522,0.0174681400646815,0.0064859959282787
local_z,real_amplitudes,10,8,linear,2,noiseless,2.5858704364053056,5.5835336354448374e-14,0.0126725948440676
local_z,real_amplitudes,10,8,linear,2,noisy,5.382863154017139,0.017311890846833,0.0046415806876353
local_z,real_amplitudes,10,8,linear,3,noiseless,2.558395395373129,5.593414620364001e-14,0.003276016858179
local_z,real_amplitudes,10,8,linear,3,noisy,5.7731583998814315,0.0174530349196734,0.0021570663907696
local_z,real_amplitudes,10,8,linear,4,noiseless,2.418060207318211,5.5916382635246007e-14,0.0138469249753458
local_z,real_amplitudes,10,8,linear,4,noisy,1.5223002832916197,0.0173701179395759,0.0069855161105473
local_z,real_amplitudes,10,8,linear,5,noiseless,3.2472278363421028,5.574984918155223e-14,0.011559961635092
local_z,real_amplitudes,10,8,linear,5,noisy,2.444303287515179,0.0173535969873107,0.0089847720989712
local_z,real_amplitudes,10,8,linear,6,noiseless,2.038338354771281,5.5827564793276e-14,0.0068643661675945
local_z,real_amplitudes,10,8,linear,6,noisy,1.4629793651561631,0.0175761103345458,0.0047742073503233
local_z,real_amplitudes,10,8,linear,7,noiseless,2.3314189129937173,5.5937476872713884e-14,0.0218384341458794
local_z,real_amplitudes,10,8,linear,7,noisy,2.2786898922049734,0.0174877913537522,0.0102454343455832
local_z,real_amplitudes,10,8,linear,8,noiseless,4.009621763658419,5.584643858469462e-14,0.0121080057198697
local_z,real_amplitudes,10,8,linear,8,noisy,4.68459513098876,0.017557747817478,0.0032125920739348
local_z,real_amplitudes,10,8,linear,9,noiseless,2.9618165594724477,5.574318784340448e-14,0.0047713479848791
local_z,real_amplitudes,10,8,linear,9,noisy,1.7644933300259371,0.017455795465626,0.0027768576415514
local_z,real_amplitudes,10,8,circular,0,noiseless,2.909183880435613,5.587419416031026e-14,0.0005822877597861
local_z,real_amplitudes,10,8,circular,0,noisy,1.613615981920566,0.0173844604848829,4.5640039369481803e-23
local_z,real_amplitudes,10,8,circular,1,noiseless,3.0189789050817133,5.5945248433886266e-14,0.0002941270626175
local_z,real_amplitudes,10,8,circular,1,noisy,3.193141823121522,0.0174681400646815,2.5020156629159475e-22
local_z,real_amplitudes,10,8,circular,2,noiseless,2.5858704364053056,5.5835336354448374e-14,0.0004566772288408
local_z,real_amplitudes,10,8,circular,2,noisy,5.382863154017139,0.017311890846833,9.054096356738237e-23
local_z,real_amplitudes,10,8,circular,3,noiseless,2.558395395373129,5.593414620364001e-14,0.0001248523148649
local_z,real_amplitudes,10,8,circular,3,noisy,5.7731583998814315,0.0174530349196734,1.3531898496125162e-22
local_z,real_amplitudes,10,8,circular,4,noiseless,2.418060207318211,5.5916382635246007e-14,0.0005004024229728
local_z,real_amplitudes,10,8,circular,4,noisy,1.5223002832916197,0.0173701179395759,3.615976796811845e-21
local_z,real_amplitudes,10,8,circular,5,noiseless,3.2472278363421028,5.574984918155223e-14,0.0003852152368394
local_z,real_amplitudes,10,8,circular,5,noisy,2.444303287515179,0.0173535969873107,1.9447900586004878e-23
local_z,real_amplitudes,10,8,circular,6,noiseless,2.038338354771281,5.5827564793276e-14,0.0001685423535724
local_z,real_amplitudes,10,8,circular,6,noisy,1.4629793651561631,0.0175761103345458,2.365095709015493e-24
local_z,real_amplitudes,10,8,circular,7,noiseless,2.3314189129937173,5.5937476872713884e-14,0.0006366204119775
local_z,real_amplitudes,10,8,circular,7,noisy,2.2786898922049734,0.0174877913537522,6.126296728878512e-24
local_z,real_amplitudes,10,8,circular,8,noiseless,4.009621763658419,5.584643858469462e-14,0.0002874383806042
local_z,real_amplitudes,10,8,circular,8,noisy,4.68459513098876,0.017557747817478,1.2413219483035869e-21
local_z,real_amplitudes,10,8,circular,9,noiseless,2.9618165594724477,5.574318784340448e-14,0.0001924333729083
local_z,real_amplitudes,10,8,circular,9,noisy,1.7644933300259371,0.017455795465626,1.207336240486859e-22
local_z,rotation_only,4,1,linear,0,noiseless,0.6919599044087031,2.7089441800853818e-15,0.4145862637130502
local_z,rotation_only,4,1,linear,0,noisy,1.1408248113145265,0.0014959062921243,0.4286473443948068
local_z,rotation_only,4,1,linear,1,noiseless,0.6392728033209696,2.7056135110115066e-15,0.2291142167890227
local_z,rotation_only,4,1,linear,1,noisy,0.649501294871949,0.001495906292124,0.2020347720852284
local_z,rotation_only,4,1,linear,2,noiseless,0.6002207168053445,2.7056135110115066e-15,0.2441510788520029
local_z,rotation_only,4,1,linear,2,noisy,0.5392981226755111,0.0014959062921241,0.2118719860072187
local_z,rotation_only,4,1,linear,3,noiseless,0.5901368925050917,2.7611246622427644e-15,0.2493227663233719
local_z,rotation_only,4,1,linear,3,noisy,0.5559661266090111,0.0014959062921244,0.211343928554875
local_z,rotation_only,4,1,linear,4,noiseless,0.4822298530485078,2.7333690866271355e-15,0.3186524971377206
local_z,rotation_only,4,1,linear,4,noisy,0.677553548159592,0.0014959062921243,0.3149001822193238
local_z,rotation_only,4,1,linear,5,noiseless,0.6028538262049696,2.716715741257758e-15,0.4363609076095944
local_z,rotation_only,4,1,linear,5,noisy,0.6237256709553232,0.0014959062921244,0.4545719866324706
local_z,rotation_only,4,1,linear,6,noiseless,0.5887964865951032,2.7133850721838827e-15,0.1920750660547023
local_z,rotation_only,4,1,linear,6,noisy,1.0513746632890988,0.0014959062921244,0.1850495838273547
local_z,rotation_only,4,1,linear,7,noiseless,0.5313980442596886,2.6845192735436285e-15,0.0013169042728683
local_z,rotation_only,4,1,linear,7,noisy,0.8833298520133269,0.0014959062921243,0.0014097363809205
local_z,rotation_only,4,1,linear,8,noiseless,0.6267786626171318,2.7289281945286346e-15,0.0269532157390943
local_z,rotation_only,4,1,linear,8,noisy,0.952832234681745,0.0014959062921242,0.0193240998722569
local_z,rotation_only,4,1,linear,9,noiseless,0.5090479260717079,2.674527266322002e-15,0.1918997990363919
local_z,rotation_only,4,1,linear,9,noisy,0.6081863706667385,0.0014959062921243,0.1959897847076223
local_z,rotation_only,4,2,linear,0,noiseless,0.9893563309049704,5.487832410722149e-15,0.430495201725102
local_z,rotation_only,4,2,linear,0,noisy,1.0610722929101557,0.0028886307061601,0.391736054049099
local_z,rotation_only,4,2,linear,1,noiseless,0.8476282526167179,5.648814749292797e-15,0.3784434344741456
local_z,rotation_only,4,2,linear,1,noisy,1.048721637951803,0.0029612819328089,0.304249682513098
local_z,rotation_only,4,2,linear,2,noiseless,0.951102491584467,5.5888627059630384e-15,0.3729982852880846
local_z,rotation_only,4,2,linear,2,noisy,2.101177429230486,0.0028795645070984,0.3904856659299802
local_z,rotation_only,4,2,linear,3,noiseless,0.964177925460252,5.674349878859175e-15,0.385848876430895
local_z,rotation_only,4,2,linear,3,noisy,1.1162687868020904,0.0029437501360307,0.3684596418616983
local_z,rotation_only,4,2,linear,4,noiseless,0.7285660140476969,5.5355720007810304e-15,0.3701363028831764
local_z,rotation_only,4,2,linear,4,noisy,1.109155970802733,0.0028851420405327,0.3193948241281525
local_z,rotation_only,4,2,linear,5,noiseless,0.9363664743565436,5.572209360593661e-15,0.4769085505965401
local_z,rotation_only,4,2,linear,5,noisy,1.3926865623814109,0.0029011048023728,0.3781382415226567
local_z,rotation_only,4,2,linear,6,noiseless,1.405125000243202,5.591083152012288e-15,0.3681193910252228
local_z,rotation_only,4,2,linear,6,noisy,3.0041185642017956,0.0028933965288178,0.3472840959789469
local_z,rotation_only,4,2,linear,7,noiseless,0.9556104265830364,5.5266902165840286e-15,0.4929984502332801
local_z,rotation_only,4,2,linear,7,noisy,1.4749169125270536,0.0028945387234432,0.4980379923515736
local_z,rotation_only,4,2,linear,8,noiseless,0.8692029012016262,5.622169396701793e-15,0.4780094909691509
local_z,rotation_only,4,2,linear,8,noisy,1.02775231931254,0.002939266414723,0.3945097734140817
local_z,rotation_only,4,2,linear,9,noiseless,1.1547543409103618,5.50115508701765e-15,0.3495450494300169
local_z,rotation_only,4,2,linear,9,noisy,1.4171132637655652,0.002914661659649,0.3698427639442153
local_z,rotation_only,4,4,linear,0,noiseless,0.8209535684115263,1.1051159987118807e-14,0.4768707369631414
local_z,rotation_only,4,4,linear,0,noisy,0.7054862432238341,0.0053770096392102,0.4577418405978503
local_z,rotation_only,4,4,linear,1,noiseless,0.8885153214198875,1.1384226894506356e-14,0.4858280535029278
local_z,rotation_only,4,4,linear,1,noisy,1.6345267422538612,0.0054084085689472,0.463935832566568
local_z,rotation_only,4,4,linear,2,noiseless,0.9225721648545424,1.1305401059757967e-14,0.4723130388465598
local_z,rotation_only,4,4,linear,2,noisy,1.1582626077822893,0.0053622552111637,0.4286331631925876
local_z,rotation_only,4,4,linear,3,noiseless,1.0181891060714374,1.1310952174881094e-14,0.4084767109858591
local_z,rotation_only,4,4,linear,3,noisy,1.1514446756642027,0.0054204939597181,0.3057914113474513
local_z,rotation_only,4,4,linear,4,noiseless,0.951286745989141,1.1217693440812582e-14,0.4563337027165866
local_z,rotation_only,4,4,linear,4,noisy,1.316135340935697,0.0053648614801144,0.4961827019691125
local_z,rotation_only,4,4,linear,5,noiseless,1.0587771062757625,1.1303180613708719e-14,0.3267914997633402
local_z,rotation_only,4,4,linear,5,noisy,1.0642129190251817,0.0053721523832921,0.2459494829390071
local_z,rotation_only,4,4,linear,6,noiseless,0.7128400575147968,1.1241008124329712e-14,0.4304180605829038
local_z,rotation_only,4,4,linear,6,noisy,1.0358528032776562,0.0053611839961054,0.2885661187503354
local_z,rotation_only,4,4,linear,7,noiseless,0.998143867448092,1.1107781361374692e-14,0.0061147235100412
local_z,rotation_only,4,4,linear,7,noisy,1.0180179299548735,0.0053597177285623,0.0060639300194626
local_z,rotation_only,4,4,linear,8,noiseless,0.9724505422452868,1.130984195185647e-14,0.1111163420824354
local_z,rotation_only,4,4,linear,8,noisy,1.2274414729134095,0.0054097730547858,0.0994736053116444
local_z,rotation_only,4,4,linear,9,noiseless,0.9678471984391188,1.1135536936990321e-14,0.502693957092893
local_z,rotation_only,4,4,linear,9,noisy,2.5418827309573184,0.0053828005973488,0.4815364561371068
local_z,rotation_only,4,8,linear,0,noiseless,0.5990193470024479,2.2377655284344655e-14,0.4851588985365327
local_z,rotation_only,4,8,linear,0,noisy,1.0731339030902645,0.0106251828786873,0.4104396516572201
local_z,rotation_only,4,8,linear,1,noiseless,0.5528336679523429,2.272182442197845e-14,0.312844855790037
local_z,rotation_only,4,8,linear,1,noisy,0.6606595173502173,0.0107419468874681,0.2178843331448695
local_z,rotation_only,4,8,linear,2,noiseless,0.6915659224924395,2.2627455464885316e-14,0.3277398278284484
local_z,rotation_only,4,8,linear,2,noisy,0.8616652385394965,0.0105934094250533,0.3382417311021037
local_z,rotation_only,4,8,linear,3,noiseless,0.7769574360769852,2.26929586233382e-14,0.1036133481379031
local_z,rotation_only,4,8,linear,3,noisy,1.4244986127398709,0.0107141929630807,0.1206601536762144
local_z,rotation_only,4,8,linear,4,noiseless,0.7173372697425329,2.2455370896068415e-14,0.4699959997035064
local_z,rotation_only,4,8,linear,4,noisy,1.007429117096004,0.0105863150699716,0.4654557935063616
local_z,rotation_only,4,8,linear,5,noiseless,0.7003131129991691,2.260969189649131e-14,0.3407360090268548
local_z,rotation_only,4,8,linear,5,noisy,1.0688881093360456,0.0106307261724053,0.3495617490146031
local_z,rotation_only,4,8,linear,6,noiseless,0.5788331587890156,2.2551960299210804e-14,0.1921461959616394
local_z,rotation_only,4,8,linear,6,noisy,0.9286770476466996,0.0106471261789839,0.1622481373967604
local_z,rotation_only,4,8,linear,7,noiseless,0.6197178249976465,2.2462032234216166e-14,0.4834718825866904
local_z,rotation_only,4,8,linear,7,noisy,0.8274967088601084,0.010640063728318,0.4324400060488949
local_z,rotation_only,4,8,linear,8,noiseless,0.610394608398321,2.2715163083830702e-14,0.2586763320882564
local_z,rotation_only,4,8,linear,8,noisy,0.8752515618069375,0.010712546416935,0.2998614346447107
local_z,rotation_only,4,8,linear,9,noiseless,0.553033785616107,2.250644115520117e-14,0.175103303559395
local_z,rotation_only,4,8,linear,9,noisy,0.9713488386092072,0.0106429156463769,0.21966973321819
local_z,rotation_only,8,1,linear,0,noiseless,0.5010272408042784,5.3468340865947535e-15,0.4159015701658476
local_z,rotation_only,8,1,linear,0,noisy,0.459942217823255,0.0025808937766812,0.3461618522038873
local_z,rotation_only,8,1,linear,1,noiseless,0.4417358495277563,5.3301807412253755e-15,0.2432770665778204
local_z,rotation_only,8,1,linear,1,noisy,0.6758350959409409,0.0025808937766805,0.2256064804149634
local_z,rotation_only,8,1,linear,2,noiseless,0.748654933552132,5.2935433814127456e-15,0.2342811235920496
local_z,rotation_only,8,1,linear,2,noisy,1.0355994448883798,0.002580893776681,0.286001013811191
local_z,rotation_only,8,1,linear,3,noiseless,0.4726890455289945,5.383471446407384e-15,0.2728297094640033
local_z,rotation_only,8,1,linear,3,noisy,0.0973619821666995,0.0025808937766812,0.2910058621357336
local_z,rotation_only,8,1,linear,4,noiseless,0.5694889994376439,5.377920331284258e-15,0.3315794043701039
local_z,rotation_only,8,1,linear,4,noisy,0.0056188864943434,0.002580893776681,0.3306099756909325
local_z,rotation_only,8,1,linear,5,noiseless,0.4075552333878437,5.3279602951761265e-15,0.427475078672296
local_z,rotation_only,8,1,linear,5,noisy,0.371632877816572,0.0025808937766809,0.5162760322041181
local_z,rotation_only,8,1,linear,6,noiseless,0.306589433317548,5.3523852017178806e-15,0.1675131134746842
local_z,rotation_only,8,1,linear,6,noisy,0.0056188864943434,0.002580893776681,0.1698492211216954
local_z,rotation_only,8,1,linear,7,noiseless,0.3154518151949882,5.303535388634373e-15,0.0011699334787896
local_z,rotation_only,8,1,linear,7,noisy,0.459942217823255,0.0025808937766811,0.0010180600653115
local_z,rotation_only,8,1,linear,8,noiseless,0.3189509518663098,5.333511410299252e-15,0.0263011601299437
local_z,rotation_only,8,1,linear,8,noisy,0.3735468580762635,0.0025808937766809,0.0251125495871903
local_z,rotation_only,8,1,linear,9,noiseless,0.4579082712686806,5.306866057708248e-15,0.2001531018784637
local_z,rotation_only,8,1,linear,9,noisy,1.6080417648364929,0.002580893776681,0.198998330263683
local_z,rotation_only,8,2,linear,0,noiseless,3.4784612192094455,1.0998979504961424e-14,0.4148913835761418
local_z,rotation_only,8,2,linear,0,noisy,2.4227269432508347,0.0045172855643881,0.4780396327733748
local_z,rotation_only,8,2,linear,1,noiseless,2.961540214588296,1.0983436382616674e-14,0.3864607820606274
local_z,rotation_only,8,2,linear,1,noisy,3.412834548731066,0.0045457149366155,0.4000753295324321
local_z,rotation_only,8,2,linear,2,noiseless,3.6724576801086006,1.1014522627306176e-14,0.3596978871415688
local_z,rotation_only,8,2,linear,2,noisy,4.967277351775561,0.0044909368960444,0.36423669392117
local_z,rotation_only,8,2,linear,3,noiseless,3.348415110874941,1.09889874977398e-14,0.3437363375629206
local_z,rotation_only,8,2,linear,3,noisy,5.364993824804448,0.004632579228461,0.3091916287160867
local_z,rotation_only,8,2,linear,4,noiseless,4.066785624434143,1.1050049764094183e-14,0.3670812386782353
local_z,rotation_only,8,2,linear,4,noisy,3.7976856773699583,0.0045528216916271,0.4188654676740443
local_z,rotation_only,8,2,linear,5,noiseless,4.194354265932312,1.1026735080577054e-14,0.4470325290704794
local_z,rotation_only,8,2,linear,5,noisy,4.070389911451895,0.0044688968634807,0.4809346523157657
local_z,rotation_only,8,2,linear,6,noiseless,4.211073412054731,1.096567281422267e-14,0.3917247583570554
local_z,rotation_only,8,2,linear,6,noisy,4.199449336469533,0.0046085520672967,0.3037496174655368
local_z,rotation_only,8,2,linear,7,noiseless,3.1638077682746135,1.103672708779868e-14,0.4861959206725932
local_z,rotation_only,8,2,linear,7,noisy,3.154179235825338,0.0046166377416134,0.4339813350863842
local_z,rotation_only,8,2,linear,8,noiseless,3.757418552002091,1.1124434706744067e-14,0.4956349326282784
local_z,rotation_only,8,2,linear,8,noisy,3.997334084550052,0.0045712883068814,0.4247141275405456
local_z,rotation_only,8,2,linear,9,noiseless,4.091119280010086,1.0956791030025671e-14,0.3775030826903394
local_z,rotation_only,8,2,linear,9,noisy,6.912778573529518,0.0045867967925051,0.3534400240099312
local_z,rotation_only,8,4,linear,0,noiseless,4.1734641469353235,2.2296609003547023e-14,0.5019516061504138
local_z,rotation_only,8,4,linear,0,noisy,5.521070268284411,0.0083004782082389,0.4166463090475755
local_z,rotation_only,8,4,linear,1,noiseless,3.349312635167446,2.2324364579162652e-14,0.4488319573574885
local_z,rotation_only,8,4,linear,1,noisy,3.635355529478859,0.0082214815506272,0.4465821651568343
local_z,rotation_only,8,4,linear,2,noiseless,3.9405032040824177,2.2304380564719396e-14,0.4771129404028849
local_z,rotation_only,8,4,linear,2,noisy,2.811492242791533,0.0082044036668231,0.5497049659747918
local_z,rotation_only,8,4,linear,3,noiseless,4.109585001758807,2.2437607327674413e-14,0.4889201451078799
local_z,rotation_only,8,4,linear,3,noisy,4.070162392199565,0.0083664062404658,0.4907332693087
local_z,rotation_only,8,4,linear,4,noiseless,3.2464649302748194,2.2408741529034163e-14,0.525050838866294
local_z,rotation_only,8,4,linear,4,noisy,2.5767282690307507,0.0082333012807382,0.4640356630180503
local_z,rotation_only,8,4,linear,5,noiseless,4.779330262410887,2.2377655284344655e-14,0.3756629170885305
local_z,rotation_only,8,4,linear,5,noisy,5.36868181485841,0.0081870799323338,0.3872681901330674
local_z,rotation_only,8,4,linear,6,noiseless,3.3684940445986924,2.2416513090206535e-14,0.3955020121041437
local_z,rotation_only,8,4,linear,6,noisy,0.95113250355152,0.0083383554683979,0.3701612093307403
local_z,rotation_only,8,4,linear,7,noiseless,3.513475834077612,2.2373214392246156e-14,0.0065698236321562
local_z,rotation_only,8,4,linear,7,noisy,3.879146296582935,0.0083747768107108,0.0068002535091334
local_z,rotation_only,8,4,linear,8,noiseless,4.653505401460253,2.238542684551703e-14,0.106656062371733
local_z,rotation_only,8,4,linear,8,noisy,2.2271551838047143,0.0082812008162813,0.1231265381463777
local_z,rotation_only,8,4,linear,9,noiseless,3.2224901027915815,2.2338797478482776e-14,0.508330591124527
local_z,rotation_only,8,4,linear,9,noisy,3.2703765082602163,0.008332572998565,0.5246702224717354
local_z,rotation_only,8,8,linear,0,noiseless,2.3485350668046774,4.500289030318072e-14,0.512110230060373
local_z,rotation_only,8,8,linear,0,noisy,2.8157712058378115,0.0162130308848768,0.4331739633791402
local_z,rotation_only,8,8,linear,1,noiseless,2.6184733102229223,4.492739513750621e-14,0.3408292170674284
local_z,rotation_only,8,8,linear,1,noisy,1.4971334311349953,0.0161791517861403,0.2858013737317733
local_z,rotation_only,8,8,linear,2,noiseless,2.4240027381534803,4.5021764094599346e-14,0.3587982309922248
local_z,rotation_only,8,8,linear,2,noisy,0.8261745975009083,0.0160545802715701,0.3307523666217954
local_z,rotation_only,8,8,linear,3,noiseless,2.189037376841871,4.5087267253052234e-14,0.1143227002876759
local_z,rotation_only,8,8,linear,3,noisy,2.552465707744863,0.0162975704662142,0.108875725637017
local_z,rotation_only,8,8,linear,4,noiseless,2.18543327009652,4.5043968555091854e-14,0.4716276367661223
local_z,rotation_only,8,8,linear,4,noisy,1.9810747835805425,0.0161776975966123,0.5236941029206281
local_z,rotation_only,8,8,linear,5,noiseless,3.0749034613171413,4.5072834353732114e-14,0.3439602701858147
local_z,rotation_only,8,8,linear,5,noisy,3.8425304850986,0.0160187762716973,0.3856415115282579
local_z,rotation_only,8,8,linear,6,noiseless,2.859256554669621,4.5000669857131475e-14,0.2226695888515622
local_z,rotation_only,8,8,linear,6,noisy,1.777469919628092,0.0163077052882367,0.2646315887290276
local_z,rotation_only,8,8,linear,7,noiseless,2.3921321100466986,4.50328663248456e-14,0.4374490647503089
local_z,rotation_only,8,8,linear,7,noisy,2.3320954624303782,0.0163286362203681,0.4224935676355509
local_z,rotation_only,8,8,linear,8,noiseless,2.625464355119873,4.5042858332067224e-14,0.2789950313906267
local_z,rotation_only,8,8,linear,8,noisy,1.4095727192911212,0.0162126039005212,0.2765053704985524
local_z,rotation_only,8,8,linear,9,noiseless,2.157401057002512,4.5056181008362726e-14,0.2030390586705491
local_z,rotation_only,8,8,linear,9,noisy,2.063643549559941,0.0162116196075581,0.1869064597942598
local_z,rotation_only,10,1,linear,0,noiseless,0.2183468254440513,6.331601909437268e-15,0.4205367260184058
local_z,rotation_only,10,1,linear,0,noisy,8.740648201398856e-10,0.0029226092523762,0.4721625962368933
local_z,rotation_only,10,1,linear,1,noiseless,0.3596627139939541,6.3815619455453994e-15,0.2412452535891756
local_z,rotation_only,10,1,linear,1,noisy,0.262865038610816,0.0029226092523757,0.2154160446893365
local_z,rotation_only,10,1,linear,2,noiseless,0.1406569224524614,6.317169010117141e-15,0.2657281762143496
local_z,rotation_only,10,1,linear,2,noisy,8.740648201398856e-10,0.002922609252376,0.2992671003971
local_z,rotation_only,10,1,linear,3,noiseless,0.2435244508399863,6.313838341043265e-15,0.2607261427446677
local_z,rotation_only,10,1,linear,3,noisy,8.740648201398856e-10,0.0029226092523763,0.2433277374760141
local_z,rotation_only,10,1,linear,4,noiseless,0.2558958012712013,6.317169010117141e-15,0.3382138960339132
local_z,rotation_only,10,1,linear,4,noisy,8.740648201398856e-10,0.002922609252376,0.3129329937513989
local_z,rotation_only,10,1,linear,5,noiseless,0.0971659200262111,6.293854326600012e-15,0.4758043672361012
local_z,rotation_only,10,1,linear,5,noisy,8.740648201398856e-10,0.0029226092523759,0.5043891336594352
local_z,rotation_only,10,1,linear,6,noiseless,0.1272350515861328,6.339373470609644e-15,0.1623149855589414
local_z,rotation_only,10,1,linear,6,noisy,8.740648201398856e-10,0.002922609252376,0.128680947302605
local_z,rotation_only,10,1,linear,7,noiseless,0.2717351788828903,6.3005156647477626e-15,0.001203422959752
local_z,rotation_only,10,1,linear,7,noisy,8.740648201398856e-10,0.002922609252376,0.0010361626501419
local_z,rotation_only,10,1,linear,8,noiseless,1.0454373625684652,6.343814362708145e-15,0.0266500431590922
local_z,rotation_only,10,1,linear,8,noisy,0.262865038610816,0.0029226092523759,0.0268221909089627
local_z,rotation_only,10,1,linear,9,noiseless,0.8764863065117383,6.293854326600012e-15,0.1804959403550376
local_z,rotation_only,10,1,linear,9,noisy,0.5491174817686235,0.0029226092523761,0.167978542910126
local_z,rotation_only,10,2,linear,0,noiseless,4.865243775448556,1.3372636331610012e-14,0.4196980355682997
local_z,rotation_only,10,2,linear,0,noisy,8.021651282959438,0.0049362261520197,0.40372879243846
local_z,rotation_only,10,2,linear,1,noiseless,6.610776084022358,1.3371526108585384e-14,0.3731209925037571
local_z,rotation_only,10,2,linear,1,noisy,3.362464430000068,0.0049489881964287,0.2605605869826232
local_z,rotation_only,10,2,linear,2,noiseless,4.623127775669444,1.3268275367295246e-14,0.3897777050337095
local_z,rotation_only,10,2,linear,2,noisy,9.625486155036562,0.0049175260273652,0.3470471864291099
local_z,rotation_only,10,2,linear,3,noiseless,5.613830651109647,1.3399281684201014e-14,0.3568026609497306
local_z,rotation_only,10,2,linear,3,noisy,2.746120299386076,0.005048756760556,0.3096271478954434
local_z,rotation_only,10,2,linear,4,noiseless,5.882999567061029,1.3389289676979387e-14,0.3954182771111281
local_z,rotation_only,10,2,linear,4,noisy,8.381275027948442,0.0049208956430206,0.3526773759040996
local_z,rotation_only,10,2,linear,5,noiseless,6.698949599165978,1.3247181129827367e-14,0.4681350607323318
local_z,rotation_only,10,2,linear,5,noisy,2.8298332137525963,0.0049383391620431,0.4417084934808918
local_z,rotation_only,10,2,linear,6,noiseless,6.10403458722215,1.3363754547413011e-14,0.3930513768714628
local_z,rotation_only,10,2,linear,6,noisy,3.11294377621068,0.005073979736114,0.4366488756019749
local_z,rotation_only,10,2,linear,7,noiseless,6.62309919162165,1.3373746554634635e-14,0.5180274538104483
local_z,rotation_only,10,2,linear,7,noisy,10.450003465952276,0.0049795675686938,0.501364766730752
local_z,rotation_only,10,2,linear,8,noiseless,6.481607135770372,1.342592703679202e-14,0.4990669105170247
local_z,rotation_only,10,2,linear,8,noisy,7.797353734638166,0.0049871972860143,0.5681433701610993
local_z,rotation_only,10,2,linear,9,noiseless,4.372361426476198,1.3244960683778116e-14,0.3889431490572799
local_z,rotation_only,10,2,linear,9,noisy,1.7644933300259371,0.0049616873736053,0.3779824779414742
local_z,rotation_only,10,4,linear,0,noiseless,5.326488428140555,2.751021632718675e-14,0.4984654126169282
local_z,rotation_only,10,4,linear,0,noisy,4.741290366252936,0.0090048981168488,0.5501494563474764
local_z,rotation_only,10,4,linear,1,noiseless,4.962495603850546,2.761790796057539e-14,0.4653327589364284
local_z,rotation_only,10,4,linear,1,noisy,10.170099874183723,0.0089018453355438,0.443756247122708
local_z,rotation_only,10,4,linear,2,noiseless,5.294934227655953,2.7428059823364497e-14,0.4762315996969639
local_z,rotation_only,10,4,linear,2,noisy,8.471810715016524,0.0088894275659899,0.45667395788495
local_z,rotation_only,10,4,linear,3,noiseless,4.7559527995355975,2.7573499039590393e-14,0.4565926476396961
local_z,rotation_only,10,4,linear,3,noisy,3.0866101426752293,0.0089344211283874,0.4572507948483849
local_z,rotation_only,10,4,linear,4,noiseless,5.894515316670461,2.763012041384627e-14,0.4877727215327985
local_z,rotation_only,10,4,linear,4,noisy,4.5508585957084815,0.0089085332041449,0.5833449808156089
local_z,rotation_only,10,4,linear,5,noiseless,6.218305333832781,2.7485791420645e-14,0.3551948656344424
local_z,rotation_only,10,4,linear,5,noisy,1.7607037081919843,0.0088959508841774,0.2621801471498306
local_z,rotation_only,10,4,linear,6,noiseless,5.951120017477178,2.748801186669425e-14,0.426831003325297
local_z,rotation_only,10,4,linear,6,noisy,5.737450960989987,0.0090353431161658,0.4095777860108061
local_z,rotation_only,10,4,linear,7,noiseless,5.848346051348492,2.7519098111383756e-14,0.0066783771395097
local_z,rotation_only,10,4,linear,7,noisy,7.919986339525918,0.0089424330127205,0.0068588134638715
local_z,rotation_only,10,4,linear,8,noiseless,6.573829405445413,2.7445823391758496e-14,0.1037813779025318
local_z,rotation_only,10,4,linear,8,noisy,8.215050439834544,0.0090328650232944,0.110080880177917
local_z,rotation_only,10,4,linear,9,noiseless,5.607246947872047,2.7459146068053998e-14,0.4989835539147793
local_z,rotation_only,10,4,linear,9,noisy,4.376019400467254,0.0089912192247915,0.3792035972582893
local_z,rotation_only,10,8,linear,0,noiseless,2.909183880435613,5.587419416031026e-14,0.4867247436601516
local_z,rotation_only,10,8,linear,0,noisy,1.613615981920566,0.0173844604848829,0.509932474407316
local_z,rotation_only,10,8,linear,1,noiseless,3.0189789050817133,5.5945248433886266e-14,0.3130195809474576
local_z,rotation_only,10,8,linear,1,noisy,3.193141823121522,0.0174681400646815,0.2645495401489664
local_z,rotation_only,10,8,linear,2,noiseless,2.5858704364053056,5.5835336354448374e-14,0.3856183853499182
local_z,rotation_only,10,8,linear,2,noisy,5.382863154017139,0.017311890846833,0.3092125227069228
local_z,rotation_only,10,8,linear,3,noiseless,2.558395395373129,5.593414620364001e-14,0.1166914409104832
local_z,rotation_only,10,8,linear,3,noisy,5.7731583998814315,0.0174530349196734,0.1303226315898755
local_z,rotation_only,10,8,linear,4,noiseless,2.418060207318211,5.5916382635246007e-14,0.4653506024466483
local_z,rotation_only,10,8,linear,4,noisy,1.5223002832916197,0.0173701179395759,0.4069189846142838
local_z,rotation_only,10,8,linear,5,noiseless,3.2472278363421028,5.574984918155223e-14,0.3697814162571666
local_z,rotation_only,10,8,linear,5,noisy,2.444303287515179,0.0173535969873107,0.3540293851024454
local_z,rotation_only,10,8,linear,6,noiseless,2.038338354771281,5.5827564793276e-14,0.2107381801518345
local_z,rotation_only,10,8,linear,6,noisy,1.4629793651561631,0.0175761103345458,0.2176805868339552
local_z,rotation_only,10,8,linear,7,noiseless,2.3314189129937173,5.5937476872713884e-14,0.464112040258701
local_z,rotation_only,10,8,linear,7,noisy,2.2786898922049734,0.0174877913537522,0.4741624648542013
local_z,rotation_only,10,8,linear,8,noiseless,4.009621763658419,5.584643858469462e-14,0.25103829898156
local_z,rotation_only,10,8,linear,8,noisy,4.68459513098876,0.017557747817478,0.2199474607998438
local_z,rotation_only,10,8,linear,9,noiseless,2.9618165594724477,5.574318784340448e-14,0.2115102119942115
local_z,rotation_only,10,8,linear,9,noisy,1.7644933300259371,0.017455795465626,0.1577190527725424
